user_genome	classification	closest_genome_reference	closest_genome_reference_radius	closest_genome_taxonomy	closest_genome_ani	closest_genome_af	closest_placement_reference	closest_placement_radius	closest_placement_taxonomy	closest_placement_ani	closest_placement_af	pplacer_taxonomy	classification_method	note	other_related_references(genome_id,species_name,radius,ANI,AF)	msa_percent	translation_table	red_value	warnings
A2165.fna	d__Bacteria;p__Bacillota_A;c__Clostridia;o__Oscillospirales;f__Ruminococcaceae;g__Faecalibacterium;s__Faecalibacterium duncaniae	GCF_010509575.1	95.0	d__Bacteria;p__Bacillota_A;c__Clostridia;o__Oscillospirales;f__Ruminococcaceae;g__Faecalibacterium;s__Faecalibacterium duncaniae	100.0	1.0	GCF_010509575.1	95.0	d__Bacteria;p__Bacillota_A;c__Clostridia;o__Oscillospirales;f__Ruminococcaceae;g__Faecalibacterium;s__Faecalibacterium duncaniae	100.0	1.0	d__Bacteria;p__Bacillota_A;c__Clostridia;o__Oscillospirales;f__Ruminococcaceae;g__Faecalibacterium;s__	taxonomic classification defined by topology and ANI	topological placement and ANI have congruent species assignments	GCA_937915335.1, s__Faecalibacterium sp937915335, 95.0, 89.4, 0.472; GCA_934526125.1, s__Faecalibacterium sp934526125, 95.0, 86.84, 0.482; GCF_003287455.1, s__Faecalibacterium hattorii, 95.0, 86.79, 0.436; GCF_019967995.1, s__Faecalibacterium prausnitzii_E, 95.0, 86.66, 0.4; GCA_934547065.1, s__Faecalibacterium sp934547065, 95.0, 86.52, 0.474; GCF_023347235.1, s__Faecalibacterium prausnitzii_A, 95.0, 86.1, 0.304; GCA_900765705.1, s__Faecalibacterium sp900765705, 95.0, 85.51, 0.219; GCA_014858325.1, s__Faecalibacterium sp014858325, 95.0, 85.33, 0.319; GCA_902463905.1, s__Faecalibacterium sp902463905, 95.0, 85.29, 0.244; GCF_003287495.1, s__Faecalibacterium prausnitzii_I, 95.0, 85.26, 0.333; GCA_025757845.1, s__Faecalibacterium sp900539945, 95.0, 85.08, 0.314; GCF_023347535.1, s__Faecalibacterium sp900539885, 95.0, 85.07, 0.301; GCF_023347275.1, s__Faecalibacterium sp900758465, 95.0, 85.05, 0.299; GCF_023347255.1, s__Faecalibacterium prausnitzii_D, 95.0, 84.98, 0.285; GCF_003324185.1, s__Faecalibacterium prausnitzii, 95.0, 84.97, 0.299; GCF_023347295.1, s__Faecalibacterium sp003449675, 95.0, 84.9, 0.293; GCF_020687245.1, s__Faecalibacterium longum, 95.0, 84.89, 0.288; GCF_002549775.1, s__Faecalibacterium prausnitzii_F, 95.0, 84.78, 0.306; GCA_934513205.1, s__Faecalibacterium sp934513205, 95.0, 84.73, 0.269; GCA_902463235.1, s__Faecalibacterium sp902463235, 95.0, 84.61, 0.251; GCA_900765105.1, s__Faecalibacterium sp900765105, 95.0, 84.48, 0.234; GCF_003287405.1, s__Faecalibacterium prausnitzii_J, 95.0, 84.43, 0.279; GCA_934561555.1, s__Faecalibacterium sp934561555, 95.0, 84.42, 0.269; GCA_900772565.1, s__Faecalibacterium sp900772565, 95.0, 84.31, 0.271; GCA_934503275.1, s__Faecalibacterium sp934503275, 95.0, 84.21, 0.291; GCA_934525405.1, s__Faecalibacterium sp934525405, 95.0, 84.19, 0.231; GCA_934525735.1, s__Faecalibacterium sp934525735, 95.0, 84.11, 0.264; GCA_934561115.1, s__Faecalibacterium sp934561115, 95.0, 84.11, 0.264; GCA_934525845.1, s__Faecalibacterium sp934525845, 95.0, 84.08, 0.283; GCA_905215595.1, s__Faecalibacterium sp905215595, 95.0, 84.07, 0.22; GCA_934512105.1, s__Faecalibacterium sp934512105, 95.0, 84.03, 0.263; GCA_900551435.1, s__Faecalibacterium sp900551435, 95.0, 84.02, 0.321; GCA_934524985.1, s__Faecalibacterium sp934524985, 95.0, 83.99, 0.279; GCA_934539245.1, s__Faecalibacterium sp934539245, 95.0, 83.98, 0.272; GCA_934540955.1, s__Faecalibacterium sp934540955, 95.0, 83.9, 0.249; GCA_934514285.1, s__Faecalibacterium sp934514285, 95.0, 83.86, 0.289; GCA_934511465.1, s__Faecalibacterium sp934511465, 95.0, 83.83, 0.26; GCA_934525325.1, s__Faecalibacterium sp934525325, 95.0, 83.73, 0.26; GCA_002313795.1, s__Faecalibacterium prausnitzii_L, 95.0, 83.7, 0.177; GCA_937917475.1, s__Faecalibacterium sp937917475, 95.0, 83.64, 0.192; GCA_934501115.1, s__Faecalibacterium sp934501115, 95.0, 83.63, 0.235; GCA_934532365.1, s__Faecalibacterium sp934532365, 95.0, 83.52, 0.258; GCA_934561485.1, s__Faecalibacterium sp934561485, 95.0, 83.43, 0.254; GCA_934553285.1, s__Faecalibacterium sp934553285, 95.0, 83.22, 0.253; GCA_934533135.1, s__Faecalibacterium sp934533135, 95.0, 82.88, 0.26; GCA_004558805.1, s__Faecalibacterium prausnitzii_M, 95.0, 82.61, 0.247; GCA_934518555.1, s__Faecalibacterium sp934518555, 95.0, 82.33, 0.221; GCA_934548045.1, s__Faecalibacterium sp934548045, 95.0, 81.18, 0.191	92.33	11	N/A	N/A
AF10-13.fna	d__Bacteria;p__Bacillota_A;c__Clostridia;o__Oscillospirales;f__Ruminococcaceae;g__Faecalibacterium;s__Faecalibacterium prausnitzii	GCF_003324185.1	95.0	d__Bacteria;p__Bacillota_A;c__Clostridia;o__Oscillospirales;f__Ruminococcaceae;g__Faecalibacterium;s__Faecalibacterium prausnitzii	95.75	0.812	GCF_003324185.1	95.0	d__Bacteria;p__Bacillota_A;c__Clostridia;o__Oscillospirales;f__Ruminococcaceae;g__Faecalibacterium;s__Faecalibacterium prausnitzii	95.75	0.812	d__Bacteria;p__Bacillota_A;c__Clostridia;o__Oscillospirales;f__Ruminococcaceae;g__Faecalibacterium;s__	taxonomic classification defined by topology and ANI	topological placement and ANI have congruent species assignments	GCF_023347235.1, s__Faecalibacterium prausnitzii_A, 95.0, 94.6, 0.744; GCA_905215595.1, s__Faecalibacterium sp905215595, 95.0, 94.52, 0.777; GCA_934525405.1, s__Faecalibacterium sp934525405, 95.0, 94.5, 0.795; GCA_934503275.1, s__Faecalibacterium sp934503275, 95.0, 94.44, 0.818; GCA_934532365.1, s__Faecalibacterium sp934532365, 95.0, 94.36, 0.811; GCF_023347295.1, s__Faecalibacterium sp003449675, 95.0, 94.36, 0.751; GCA_934524985.1, s__Faecalibacterium sp934524985, 95.0, 94.23, 0.791; GCA_934525325.1, s__Faecalibacterium sp934525325, 95.0, 94.21, 0.806; GCA_934561115.1, s__Faecalibacterium sp934561115, 95.0, 94.02, 0.801; GCF_003287405.1, s__Faecalibacterium prausnitzii_J, 95.0, 93.95, 0.713; GCA_934561555.1, s__Faecalibacterium sp934561555, 95.0, 93.91, 0.741; GCA_934539245.1, s__Faecalibacterium sp934539245, 95.0, 93.88, 0.812; GCA_934512105.1, s__Faecalibacterium sp934512105, 95.0, 93.86, 0.758; GCA_934540955.1, s__Faecalibacterium sp934540955, 95.0, 93.85, 0.762; GCA_900772565.1, s__Faecalibacterium sp900772565, 95.0, 93.82, 0.753; GCA_900765705.1, s__Faecalibacterium sp900765705, 95.0, 92.51, 0.581; GCA_902463235.1, s__Faecalibacterium sp902463235, 95.0, 90.75, 0.54; GCA_934513205.1, s__Faecalibacterium sp934513205, 95.0, 89.61, 0.536; GCA_934553285.1, s__Faecalibacterium sp934553285, 95.0, 89.12, 0.642; GCA_900765105.1, s__Faecalibacterium sp900765105, 95.0, 87.09, 0.38; GCA_025757845.1, s__Faecalibacterium sp900539945, 95.0, 86.94, 0.436; GCF_023347255.1, s__Faecalibacterium prausnitzii_D, 95.0, 86.74, 0.387; GCF_023347535.1, s__Faecalibacterium sp900539885, 95.0, 86.74, 0.386; GCA_902463905.1, s__Faecalibacterium sp902463905, 95.0, 86.62, 0.355; GCF_002549775.1, s__Faecalibacterium prausnitzii_F, 95.0, 86.3, 0.397; GCA_934511465.1, s__Faecalibacterium sp934511465, 95.0, 86.16, 0.401; GCA_934525845.1, s__Faecalibacterium sp934525845, 95.0, 85.66, 0.373; GCA_934525735.1, s__Faecalibacterium sp934525735, 95.0, 85.58, 0.382; GCA_934501115.1, s__Faecalibacterium sp934501115, 95.0, 85.38, 0.348; GCA_004558805.1, s__Faecalibacterium prausnitzii_M, 95.0, 85.33, 0.395; GCF_020687245.1, s__Faecalibacterium longum, 95.0, 85.3, 0.308; GCF_003287455.1, s__Faecalibacterium hattorii, 95.0, 85.26, 0.334; GCF_019967995.1, s__Faecalibacterium prausnitzii_E, 95.0, 85.21, 0.332; GCA_934561485.1, s__Faecalibacterium sp934561485, 95.0, 85.14, 0.371; GCF_010509575.1, s__Faecalibacterium duncaniae, 95.0, 85.06, 0.293; GCA_934518555.1, s__Faecalibacterium sp934518555, 95.0, 84.75, 0.384; GCF_023347275.1, s__Faecalibacterium sp900758465, 95.0, 84.69, 0.306; GCA_937915335.1, s__Faecalibacterium sp937915335, 95.0, 84.42, 0.174; GCA_014858325.1, s__Faecalibacterium sp014858325, 95.0, 84.18, 0.236; GCF_003287495.1, s__Faecalibacterium prausnitzii_I, 95.0, 83.88, 0.274; GCA_934547065.1, s__Faecalibacterium sp934547065, 95.0, 83.51, 0.251; GCA_934526125.1, s__Faecalibacterium sp934526125, 95.0, 83.35, 0.268; GCA_934514285.1, s__Faecalibacterium sp934514285, 95.0, 82.83, 0.251; GCA_937917475.1, s__Faecalibacterium sp937917475, 95.0, 82.74, 0.157; GCA_900551435.1, s__Faecalibacterium sp900551435, 95.0, 82.67, 0.204; GCA_934533135.1, s__Faecalibacterium sp934533135, 95.0, 82.56, 0.211; GCA_900540455.1, s__Faecalibacterium sp900540455, 95.0, 82.12, 0.165	94.02	11	N/A	N/A
AF10-46.fna	d__Bacteria;p__Bacillota_A;c__Clostridia;o__Oscillospirales;f__Ruminococcaceae;g__Faecalibacterium;s__Faecalibacterium prausnitzii_D	GCF_023347255.1	95.0	d__Bacteria;p__Bacillota_A;c__Clostridia;o__Oscillospirales;f__Ruminococcaceae;g__Faecalibacterium;s__Faecalibacterium prausnitzii_D	97.44	0.792	GCF_023347255.1	95.0	d__Bacteria;p__Bacillota_A;c__Clostridia;o__Oscillospirales;f__Ruminococcaceae;g__Faecalibacterium;s__Faecalibacterium prausnitzii_D	97.44	0.792	d__Bacteria;p__Bacillota_A;c__Clostridia;o__Oscillospirales;f__Ruminococcaceae;g__Faecalibacterium;s__	taxonomic classification defined by topology and ANI	topological placement and ANI have congruent species assignments	GCF_023347535.1, s__Faecalibacterium sp900539885, 95.0, 91.78, 0.637; GCA_902463235.1, s__Faecalibacterium sp902463235, 95.0, 91.19, 0.605; GCA_934511465.1, s__Faecalibacterium sp934511465, 95.0, 90.55, 0.627; GCF_002549775.1, s__Faecalibacterium prausnitzii_F, 95.0, 88.27, 0.523; GCA_934501115.1, s__Faecalibacterium sp934501115, 95.0, 88.22, 0.52; GCA_900765105.1, s__Faecalibacterium sp900765105, 95.0, 87.95, 0.471; GCA_934525735.1, s__Faecalibacterium sp934525735, 95.0, 87.39, 0.528; GCA_025757845.1, s__Faecalibacterium sp900539945, 95.0, 87.26, 0.46; GCA_900765705.1, s__Faecalibacterium sp900765705, 95.0, 87.24, 0.322; GCA_905215595.1, s__Faecalibacterium sp905215595, 95.0, 87.02, 0.37; GCF_023347235.1, s__Faecalibacterium prausnitzii_A, 95.0, 86.93, 0.391; GCF_023347295.1, s__Faecalibacterium sp003449675, 95.0, 86.84, 0.405; GCA_934513205.1, s__Faecalibacterium sp934513205, 95.0, 86.66, 0.468; GCF_003324185.1, s__Faecalibacterium prausnitzii, 95.0, 86.64, 0.412; GCF_003287405.1, s__Faecalibacterium prausnitzii_J, 95.0, 86.47, 0.405; GCA_934561115.1, s__Faecalibacterium sp934561115, 95.0, 86.17, 0.416; GCA_902463905.1, s__Faecalibacterium sp902463905, 95.0, 86.15, 0.36; GCA_934524985.1, s__Faecalibacterium sp934524985, 95.0, 86.07, 0.432; GCA_934503275.1, s__Faecalibacterium sp934503275, 95.0, 86.04, 0.421; GCA_934525325.1, s__Faecalibacterium sp934525325, 95.0, 86.04, 0.408; GCA_934540955.1, s__Faecalibacterium sp934540955, 95.0, 86.04, 0.384; GCA_900772565.1, s__Faecalibacterium sp900772565, 95.0, 85.99, 0.396; GCA_934561555.1, s__Faecalibacterium sp934561555, 95.0, 85.98, 0.39; GCA_934539245.1, s__Faecalibacterium sp934539245, 95.0, 85.95, 0.421; GCA_934525405.1, s__Faecalibacterium sp934525405, 95.0, 85.89, 0.363; GCA_934532365.1, s__Faecalibacterium sp934532365, 95.0, 85.73, 0.408; GCA_934512105.1, s__Faecalibacterium sp934512105, 95.0, 85.71, 0.38; GCA_934561485.1, s__Faecalibacterium sp934561485, 95.0, 85.7, 0.41; GCA_934525845.1, s__Faecalibacterium sp934525845, 95.0, 85.29, 0.394; GCA_934553285.1, s__Faecalibacterium sp934553285, 95.0, 85.12, 0.392; GCF_019967995.1, s__Faecalibacterium prausnitzii_E, 95.0, 84.93, 0.284; GCA_937915335.1, s__Faecalibacterium sp937915335, 95.0, 84.81, 0.172; GCF_020687245.1, s__Faecalibacterium longum, 95.0, 84.7, 0.28; GCF_010509575.1, s__Faecalibacterium duncaniae, 95.0, 84.54, 0.268; GCF_023347275.1, s__Faecalibacterium sp900758465, 95.0, 84.29, 0.286; GCF_003287455.1, s__Faecalibacterium hattorii, 95.0, 84.28, 0.289; GCF_003287495.1, s__Faecalibacterium prausnitzii_I, 95.0, 84.09, 0.275; GCA_014858325.1, s__Faecalibacterium sp014858325, 95.0, 83.96, 0.232; GCA_004558805.1, s__Faecalibacterium prausnitzii_M, 95.0, 83.66, 0.329; GCA_934547065.1, s__Faecalibacterium sp934547065, 95.0, 83.47, 0.268; GCA_934526125.1, s__Faecalibacterium sp934526125, 95.0, 83.43, 0.25; GCA_002313795.1, s__Faecalibacterium prausnitzii_L, 95.0, 83.28, 0.165; GCA_937917475.1, s__Faecalibacterium sp937917475, 95.0, 83.11, 0.159; GCA_934518555.1, s__Faecalibacterium sp934518555, 95.0, 83.05, 0.311; GCA_934514285.1, s__Faecalibacterium sp934514285, 95.0, 82.93, 0.259; GCA_900551435.1, s__Faecalibacterium sp900551435, 95.0, 82.64, 0.205; GCA_934533135.1, s__Faecalibacterium sp934533135, 95.0, 81.96, 0.213; GCA_934548045.1, s__Faecalibacterium sp934548045, 95.0, 81.1, 0.171	94.04	11	N/A	N/A
AF27-11BH.fna	d__Bacteria;p__Bacillota_A;c__Clostridia;o__Oscillospirales;f__Ruminococcaceae;g__Faecalibacterium;s__Faecalibacterium prausnitzii_D	GCF_023347255.1	95.0	d__Bacteria;p__Bacillota_A;c__Clostridia;o__Oscillospirales;f__Ruminococcaceae;g__Faecalibacterium;s__Faecalibacterium prausnitzii_D	97.15	0.794	GCF_023347255.1	95.0	d__Bacteria;p__Bacillota_A;c__Clostridia;o__Oscillospirales;f__Ruminococcaceae;g__Faecalibacterium;s__Faecalibacterium prausnitzii_D	97.15	0.794	d__Bacteria;p__Bacillota_A;c__Clostridia;o__Oscillospirales;f__Ruminococcaceae;g__Faecalibacterium;s__	taxonomic classification defined by topology and ANI	topological placement and ANI have congruent species assignments	GCF_023347535.1, s__Faecalibacterium sp900539885, 95.0, 92.2, 0.662; GCA_902463235.1, s__Faecalibacterium sp902463235, 95.0, 91.33, 0.62; GCA_934511465.1, s__Faecalibacterium sp934511465, 95.0, 90.54, 0.641; GCF_002549775.1, s__Faecalibacterium prausnitzii_F, 95.0, 88.75, 0.535; GCA_934501115.1, s__Faecalibacterium sp934501115, 95.0, 88.62, 0.544; GCA_900765105.1, s__Faecalibacterium sp900765105, 95.0, 87.76, 0.47; GCF_003324185.1, s__Faecalibacterium prausnitzii, 95.0, 87.69, 0.449; GCA_934525735.1, s__Faecalibacterium sp934525735, 95.0, 87.34, 0.536; GCA_900765705.1, s__Faecalibacterium sp900765705, 95.0, 87.32, 0.324; GCA_934513205.1, s__Faecalibacterium sp934513205, 95.0, 87.27, 0.47; GCF_023347235.1, s__Faecalibacterium prausnitzii_A, 95.0, 87.14, 0.433; GCF_023347295.1, s__Faecalibacterium sp003449675, 95.0, 86.97, 0.424; GCA_905215595.1, s__Faecalibacterium sp905215595, 95.0, 86.9, 0.381; GCA_025757845.1, s__Faecalibacterium sp900539945, 95.0, 86.89, 0.458; GCF_003287405.1, s__Faecalibacterium prausnitzii_J, 95.0, 86.5, 0.411; GCA_934503275.1, s__Faecalibacterium sp934503275, 95.0, 86.35, 0.427; GCA_934524985.1, s__Faecalibacterium sp934524985, 95.0, 86.29, 0.429; GCA_902463905.1, s__Faecalibacterium sp902463905, 95.0, 86.29, 0.351; GCA_934540955.1, s__Faecalibacterium sp934540955, 95.0, 86.25, 0.388; GCA_934561555.1, s__Faecalibacterium sp934561555, 95.0, 86.25, 0.386; GCA_934561115.1, s__Faecalibacterium sp934561115, 95.0, 86.24, 0.428; GCA_934525405.1, s__Faecalibacterium sp934525405, 95.0, 86.19, 0.372; GCA_900772565.1, s__Faecalibacterium sp900772565, 95.0, 86.13, 0.398; GCA_934525325.1, s__Faecalibacterium sp934525325, 95.0, 85.96, 0.402; GCA_934512105.1, s__Faecalibacterium sp934512105, 95.0, 85.93, 0.388; GCA_934532365.1, s__Faecalibacterium sp934532365, 95.0, 85.89, 0.406; GCA_934539245.1, s__Faecalibacterium sp934539245, 95.0, 85.77, 0.421; GCA_934561485.1, s__Faecalibacterium sp934561485, 95.0, 85.73, 0.402; GCA_934525845.1, s__Faecalibacterium sp934525845, 95.0, 85.72, 0.403; GCF_020687245.1, s__Faecalibacterium longum, 95.0, 85.41, 0.303; GCA_934553285.1, s__Faecalibacterium sp934553285, 95.0, 85.17, 0.382; GCF_003287455.1, s__Faecalibacterium hattorii, 95.0, 85.12, 0.313; GCF_010509575.1, s__Faecalibacterium duncaniae, 95.0, 85.1, 0.294; GCF_019967995.1, s__Faecalibacterium prausnitzii_E, 95.0, 84.81, 0.306; GCA_937915335.1, s__Faecalibacterium sp937915335, 95.0, 84.78, 0.173; GCF_003287495.1, s__Faecalibacterium prausnitzii_I, 95.0, 84.71, 0.293; GCF_023347275.1, s__Faecalibacterium sp900758465, 95.0, 84.7, 0.287; GCA_014858325.1, s__Faecalibacterium sp014858325, 95.0, 84.46, 0.226; GCA_004558805.1, s__Faecalibacterium prausnitzii_M, 95.0, 83.64, 0.33; GCA_934547065.1, s__Faecalibacterium sp934547065, 95.0, 83.63, 0.283; GCA_934514285.1, s__Faecalibacterium sp934514285, 95.0, 83.33, 0.264; GCA_934518555.1, s__Faecalibacterium sp934518555, 95.0, 83.26, 0.317; GCA_002313795.1, s__Faecalibacterium prausnitzii_L, 95.0, 83.25, 0.151; GCA_934526125.1, s__Faecalibacterium sp934526125, 95.0, 83.19, 0.237; GCA_937917475.1, s__Faecalibacterium sp937917475, 95.0, 82.77, 0.159; GCA_900551435.1, s__Faecalibacterium sp900551435, 95.0, 82.72, 0.212; GCA_934533135.1, s__Faecalibacterium sp934533135, 95.0, 82.19, 0.214; GCA_934548045.1, s__Faecalibacterium sp934548045, 95.0, 81.13, 0.154	94.04	11	N/A	N/A
AF29-11BH.fna	d__Bacteria;p__Bacillota_A;c__Clostridia;o__Oscillospirales;f__Ruminococcaceae;g__Faecalibacterium;s__Faecalibacterium prausnitzii	GCF_003324185.1	95.0	d__Bacteria;p__Bacillota_A;c__Clostridia;o__Oscillospirales;f__Ruminococcaceae;g__Faecalibacterium;s__Faecalibacterium prausnitzii	96.25	0.836	GCF_003324185.1	95.0	d__Bacteria;p__Bacillota_A;c__Clostridia;o__Oscillospirales;f__Ruminococcaceae;g__Faecalibacterium;s__Faecalibacterium prausnitzii	96.25	0.836	d__Bacteria;p__Bacillota_A;c__Clostridia;o__Oscillospirales;f__Ruminococcaceae;g__Faecalibacterium;s__	taxonomic classification defined by topology and ANI	topological placement and ANI have congruent species assignments	GCA_905215595.1, s__Faecalibacterium sp905215595, 95.0, 94.84, 0.763; GCA_934525405.1, s__Faecalibacterium sp934525405, 95.0, 94.39, 0.802; GCA_934532365.1, s__Faecalibacterium sp934532365, 95.0, 94.36, 0.805; GCF_023347235.1, s__Faecalibacterium prausnitzii_A, 95.0, 94.36, 0.749; GCA_934503275.1, s__Faecalibacterium sp934503275, 95.0, 94.32, 0.814; GCF_023347295.1, s__Faecalibacterium sp003449675, 95.0, 94.23, 0.738; GCA_934525325.1, s__Faecalibacterium sp934525325, 95.0, 94.21, 0.807; GCA_934524985.1, s__Faecalibacterium sp934524985, 95.0, 94.1, 0.777; GCF_003287405.1, s__Faecalibacterium prausnitzii_J, 95.0, 94.08, 0.724; GCA_934539245.1, s__Faecalibacterium sp934539245, 95.0, 94.02, 0.811; GCA_934561115.1, s__Faecalibacterium sp934561115, 95.0, 94.02, 0.807; GCA_900772565.1, s__Faecalibacterium sp900772565, 95.0, 93.95, 0.761; GCA_934540955.1, s__Faecalibacterium sp934540955, 95.0, 93.83, 0.744; GCA_934512105.1, s__Faecalibacterium sp934512105, 95.0, 93.72, 0.759; GCA_934561555.1, s__Faecalibacterium sp934561555, 95.0, 93.66, 0.736; GCA_900765705.1, s__Faecalibacterium sp900765705, 95.0, 92.39, 0.581; GCA_902463235.1, s__Faecalibacterium sp902463235, 95.0, 90.75, 0.538; GCA_934513205.1, s__Faecalibacterium sp934513205, 95.0, 89.68, 0.54; GCA_934553285.1, s__Faecalibacterium sp934553285, 95.0, 89.0, 0.637; GCF_002549775.1, s__Faecalibacterium prausnitzii_F, 95.0, 86.99, 0.43; GCA_900765105.1, s__Faecalibacterium sp900765105, 95.0, 86.98, 0.376; GCA_025757845.1, s__Faecalibacterium sp900539945, 95.0, 86.82, 0.422; GCA_902463905.1, s__Faecalibacterium sp902463905, 95.0, 86.74, 0.355; GCF_023347255.1, s__Faecalibacterium prausnitzii_D, 95.0, 86.73, 0.389; GCF_023347535.1, s__Faecalibacterium sp900539885, 95.0, 86.42, 0.386; GCA_934511465.1, s__Faecalibacterium sp934511465, 95.0, 86.25, 0.408; GCA_934525845.1, s__Faecalibacterium sp934525845, 95.0, 85.68, 0.386; GCF_020687245.1, s__Faecalibacterium longum, 95.0, 85.64, 0.33; GCA_934525735.1, s__Faecalibacterium sp934525735, 95.0, 85.58, 0.393; GCA_934501115.1, s__Faecalibacterium sp934501115, 95.0, 85.56, 0.345; GCA_004558805.1, s__Faecalibacterium prausnitzii_M, 95.0, 85.51, 0.401; GCF_010509575.1, s__Faecalibacterium duncaniae, 95.0, 85.36, 0.296; GCF_003287455.1, s__Faecalibacterium hattorii, 95.0, 85.33, 0.349; GCA_934561485.1, s__Faecalibacterium sp934561485, 95.0, 85.3, 0.374; GCF_019967995.1, s__Faecalibacterium prausnitzii_E, 95.0, 85.1, 0.335; GCA_934518555.1, s__Faecalibacterium sp934518555, 95.0, 84.68, 0.381; GCA_937915335.1, s__Faecalibacterium sp937915335, 95.0, 84.43, 0.185; GCF_023347275.1, s__Faecalibacterium sp900758465, 95.0, 84.28, 0.303; GCF_003287495.1, s__Faecalibacterium prausnitzii_I, 95.0, 83.99, 0.281; GCA_014858325.1, s__Faecalibacterium sp014858325, 95.0, 83.68, 0.23; GCA_934547065.1, s__Faecalibacterium sp934547065, 95.0, 83.34, 0.263; GCA_934526125.1, s__Faecalibacterium sp934526125, 95.0, 83.17, 0.26; GCA_934514285.1, s__Faecalibacterium sp934514285, 95.0, 82.86, 0.246; GCA_900551435.1, s__Faecalibacterium sp900551435, 95.0, 82.71, 0.2; GCA_934533135.1, s__Faecalibacterium sp934533135, 95.0, 82.67, 0.214; GCA_900540455.1, s__Faecalibacterium sp900540455, 95.0, 81.84, 0.158; GCA_934548045.1, s__Faecalibacterium sp934548045, 95.0, 80.99, 0.152	94.02	11	N/A	N/A
AF31-14AC.fna	d__Bacteria;p__Bacillota_A;c__Clostridia;o__Oscillospirales;f__Ruminococcaceae;g__Faecalibacterium;s__Faecalibacterium prausnitzii	GCF_003324185.1	95.0	d__Bacteria;p__Bacillota_A;c__Clostridia;o__Oscillospirales;f__Ruminococcaceae;g__Faecalibacterium;s__Faecalibacterium prausnitzii	96.12	0.811	GCF_003324185.1	95.0	d__Bacteria;p__Bacillota_A;c__Clostridia;o__Oscillospirales;f__Ruminococcaceae;g__Faecalibacterium;s__Faecalibacterium prausnitzii	96.12	0.811	d__Bacteria;p__Bacillota_A;c__Clostridia;o__Oscillospirales;f__Ruminococcaceae;g__Faecalibacterium;s__	taxonomic classification defined by topology and ANI	topological placement and ANI have congruent species assignments	GCF_023347235.1, s__Faecalibacterium prausnitzii_A, 95.0, 94.69, 0.718; GCA_905215595.1, s__Faecalibacterium sp905215595, 95.0, 94.64, 0.76; GCA_934503275.1, s__Faecalibacterium sp934503275, 95.0, 94.32, 0.804; GCA_934532365.1, s__Faecalibacterium sp934532365, 95.0, 94.17, 0.806; GCA_934525325.1, s__Faecalibacterium sp934525325, 95.0, 94.17, 0.802; GCA_934525405.1, s__Faecalibacterium sp934525405, 95.0, 94.15, 0.785; GCA_934539245.1, s__Faecalibacterium sp934539245, 95.0, 94.06, 0.814; GCA_934561115.1, s__Faecalibacterium sp934561115, 95.0, 94.06, 0.801; GCA_900772565.1, s__Faecalibacterium sp900772565, 95.0, 93.95, 0.756; GCF_003287405.1, s__Faecalibacterium prausnitzii_J, 95.0, 93.94, 0.728; GCA_934512105.1, s__Faecalibacterium sp934512105, 95.0, 93.92, 0.757; GCA_934561555.1, s__Faecalibacterium sp934561555, 95.0, 93.92, 0.722; GCA_934540955.1, s__Faecalibacterium sp934540955, 95.0, 93.89, 0.748; GCF_023347295.1, s__Faecalibacterium sp003449675, 95.0, 93.79, 0.731; GCA_934524985.1, s__Faecalibacterium sp934524985, 95.0, 93.18, 0.782; GCA_900765705.1, s__Faecalibacterium sp900765705, 95.0, 92.39, 0.589; GCA_902463235.1, s__Faecalibacterium sp902463235, 95.0, 90.75, 0.53; GCA_934513205.1, s__Faecalibacterium sp934513205, 95.0, 89.45, 0.527; GCA_934553285.1, s__Faecalibacterium sp934553285, 95.0, 89.12, 0.643; GCF_023347255.1, s__Faecalibacterium prausnitzii_D, 95.0, 87.16, 0.404; GCA_900765105.1, s__Faecalibacterium sp900765105, 95.0, 87.07, 0.38; GCF_002549775.1, s__Faecalibacterium prausnitzii_F, 95.0, 87.03, 0.422; GCA_025757845.1, s__Faecalibacterium sp900539945, 95.0, 86.81, 0.438; GCF_023347535.1, s__Faecalibacterium sp900539885, 95.0, 86.73, 0.409; GCA_902463905.1, s__Faecalibacterium sp902463905, 95.0, 86.64, 0.365; GCA_934511465.1, s__Faecalibacterium sp934511465, 95.0, 86.21, 0.403; GCA_934501115.1, s__Faecalibacterium sp934501115, 95.0, 85.78, 0.36; GCF_019967995.1, s__Faecalibacterium prausnitzii_E, 95.0, 85.78, 0.326; GCF_003287455.1, s__Faecalibacterium hattorii, 95.0, 85.72, 0.351; GCA_934525845.1, s__Faecalibacterium sp934525845, 95.0, 85.71, 0.381; GCA_934525735.1, s__Faecalibacterium sp934525735, 95.0, 85.59, 0.389; GCF_020687245.1, s__Faecalibacterium longum, 95.0, 85.54, 0.312; GCF_010509575.1, s__Faecalibacterium duncaniae, 95.0, 85.35, 0.281; GCA_934561485.1, s__Faecalibacterium sp934561485, 95.0, 85.22, 0.374; GCA_004558805.1, s__Faecalibacterium prausnitzii_M, 95.0, 84.9, 0.377; GCF_023347275.1, s__Faecalibacterium sp900758465, 95.0, 84.82, 0.311; GCA_934518555.1, s__Faecalibacterium sp934518555, 95.0, 84.67, 0.373; GCA_937915335.1, s__Faecalibacterium sp937915335, 95.0, 84.53, 0.187; GCF_003287495.1, s__Faecalibacterium prausnitzii_I, 95.0, 84.47, 0.298; GCA_014858325.1, s__Faecalibacterium sp014858325, 95.0, 83.76, 0.236; GCA_934526125.1, s__Faecalibacterium sp934526125, 95.0, 83.48, 0.264; GCA_934547065.1, s__Faecalibacterium sp934547065, 95.0, 83.27, 0.253; GCA_900551435.1, s__Faecalibacterium sp900551435, 95.0, 82.72, 0.206; GCA_934533135.1, s__Faecalibacterium sp934533135, 95.0, 82.55, 0.207; GCA_934514285.1, s__Faecalibacterium sp934514285, 95.0, 82.54, 0.248; GCA_900540455.1, s__Faecalibacterium sp900540455, 95.0, 81.88, 0.162	94.02	11	N/A	N/A
AF32-8AC.fna	d__Bacteria;p__Bacillota_A;c__Clostridia;o__Oscillospirales;f__Ruminococcaceae;g__Faecalibacterium;s__Faecalibacterium longum	GCF_020687245.1	95.0	d__Bacteria;p__Bacillota_A;c__Clostridia;o__Oscillospirales;f__Ruminococcaceae;g__Faecalibacterium;s__Faecalibacterium longum	96.37	0.765	GCF_020687245.1	95.0	d__Bacteria;p__Bacillota_A;c__Clostridia;o__Oscillospirales;f__Ruminococcaceae;g__Faecalibacterium;s__Faecalibacterium longum	96.37	0.765	d__Bacteria;p__Bacillota_A;c__Clostridia;o__Oscillospirales;f__Ruminococcaceae;g__Faecalibacterium;s__	taxonomic classification defined by topology and ANI	topological placement and ANI have congruent species assignments	GCA_934514285.1, s__Faecalibacterium sp934514285, 95.0, 94.57, 0.816; GCF_023347275.1, s__Faecalibacterium sp900758465, 95.0, 90.97, 0.696; GCA_900765705.1, s__Faecalibacterium sp900765705, 95.0, 87.31, 0.269; GCA_002313795.1, s__Faecalibacterium prausnitzii_L, 95.0, 87.06, 0.417; GCF_019967995.1, s__Faecalibacterium prausnitzii_E, 95.0, 86.07, 0.375; GCF_003287455.1, s__Faecalibacterium hattorii, 95.0, 85.99, 0.362; GCA_025757845.1, s__Faecalibacterium sp900539945, 95.0, 85.41, 0.326; GCF_003287495.1, s__Faecalibacterium prausnitzii_I, 95.0, 85.18, 0.35; GCF_023347235.1, s__Faecalibacterium prausnitzii_A, 95.0, 85.09, 0.295; GCA_014858325.1, s__Faecalibacterium sp014858325, 95.0, 85.08, 0.333; GCF_023347295.1, s__Faecalibacterium sp003449675, 95.0, 84.93, 0.268; GCF_003324185.1, s__Faecalibacterium prausnitzii, 95.0, 84.83, 0.289; GCF_023347255.1, s__Faecalibacterium prausnitzii_D, 95.0, 84.69, 0.286; GCA_937915335.1, s__Faecalibacterium sp937915335, 95.0, 84.6, 0.194; GCF_010509575.1, s__Faecalibacterium duncaniae, 95.0, 84.59, 0.274; GCA_900765105.1, s__Faecalibacterium sp900765105, 95.0, 84.52, 0.257; GCA_902463235.1, s__Faecalibacterium sp902463235, 95.0, 84.51, 0.228; GCA_902463905.1, s__Faecalibacterium sp902463905, 95.0, 84.47, 0.221; GCF_003287405.1, s__Faecalibacterium prausnitzii_J, 95.0, 84.42, 0.263; GCA_934503275.1, s__Faecalibacterium sp934503275, 95.0, 84.25, 0.286; GCF_023347535.1, s__Faecalibacterium sp900539885, 95.0, 84.22, 0.271; GCF_002549775.1, s__Faecalibacterium prausnitzii_F, 95.0, 84.06, 0.323; GCA_900772565.1, s__Faecalibacterium sp900772565, 95.0, 83.71, 0.236; GCA_934526125.1, s__Faecalibacterium sp934526125, 95.0, 83.62, 0.306; GCA_934525845.1, s__Faecalibacterium sp934525845, 95.0, 83.56, 0.261; GCA_900551435.1, s__Faecalibacterium sp900551435, 95.0, 83.52, 0.251; GCA_934533135.1, s__Faecalibacterium sp934533135, 95.0, 83.48, 0.288; GCA_905215595.1, s__Faecalibacterium sp905215595, 95.0, 83.47, 0.203; GCA_934512105.1, s__Faecalibacterium sp934512105, 95.0, 83.44, 0.23; GCA_934525735.1, s__Faecalibacterium sp934525735, 95.0, 83.36, 0.265; GCA_934524985.1, s__Faecalibacterium sp934524985, 95.0, 83.35, 0.273; GCA_934561555.1, s__Faecalibacterium sp934561555, 95.0, 83.35, 0.248; GCA_934547065.1, s__Faecalibacterium sp934547065, 95.0, 83.34, 0.276; GCA_934511465.1, s__Faecalibacterium sp934511465, 95.0, 83.28, 0.28; GCA_934525325.1, s__Faecalibacterium sp934525325, 95.0, 83.28, 0.249; GCA_934525405.1, s__Faecalibacterium sp934525405, 95.0, 83.23, 0.209; GCA_934513205.1, s__Faecalibacterium sp934513205, 95.0, 83.04, 0.257; GCA_934540955.1, s__Faecalibacterium sp934540955, 95.0, 83.04, 0.239; GCA_934501115.1, s__Faecalibacterium sp934501115, 95.0, 82.95, 0.223; GCA_937917475.1, s__Faecalibacterium sp937917475, 95.0, 82.92, 0.183; GCA_934532365.1, s__Faecalibacterium sp934532365, 95.0, 82.91, 0.238; GCA_934561115.1, s__Faecalibacterium sp934561115, 95.0, 82.77, 0.24; GCA_934539245.1, s__Faecalibacterium sp934539245, 95.0, 82.51, 0.254; GCA_934548045.1, s__Faecalibacterium sp934548045, 95.0, 82.39, 0.245; GCA_934561485.1, s__Faecalibacterium sp934561485, 95.0, 82.37, 0.203; GCA_004558805.1, s__Faecalibacterium prausnitzii_M, 95.0, 81.91, 0.194; GCA_934553285.1, s__Faecalibacterium sp934553285, 95.0, 81.76, 0.2; GCA_934518555.1, s__Faecalibacterium sp934518555, 95.0, 80.88, 0.204	93.33	11	N/A	N/A
AF36-11AT.fna	d__Bacteria;p__Bacillota_A;c__Clostridia;o__Oscillospirales;f__Ruminococcaceae;g__Faecalibacterium;s__Faecalibacterium duncaniae	GCF_010509575.1	95.0	d__Bacteria;p__Bacillota_A;c__Clostridia;o__Oscillospirales;f__Ruminococcaceae;g__Faecalibacterium;s__Faecalibacterium duncaniae	96.13	0.727	GCF_010509575.1	95.0	d__Bacteria;p__Bacillota_A;c__Clostridia;o__Oscillospirales;f__Ruminococcaceae;g__Faecalibacterium;s__Faecalibacterium duncaniae	96.13	0.727	d__Bacteria;p__Bacillota_A;c__Clostridia;o__Oscillospirales;f__Ruminococcaceae;g__Faecalibacterium;s__	taxonomic classification defined by topology and ANI	topological placement and ANI have congruent species assignments	GCA_937915335.1, s__Faecalibacterium sp937915335, 95.0, 89.36, 0.464; GCF_019967995.1, s__Faecalibacterium prausnitzii_E, 95.0, 87.49, 0.441; GCF_003287455.1, s__Faecalibacterium hattorii, 95.0, 86.85, 0.446; GCA_934526125.1, s__Faecalibacterium sp934526125, 95.0, 86.74, 0.502; GCA_934547065.1, s__Faecalibacterium sp934547065, 95.0, 86.33, 0.472; GCA_900765705.1, s__Faecalibacterium sp900765705, 95.0, 86.33, 0.256; GCF_023347235.1, s__Faecalibacterium prausnitzii_A, 95.0, 85.85, 0.321; GCF_003324185.1, s__Faecalibacterium prausnitzii, 95.0, 85.84, 0.332; GCF_023347255.1, s__Faecalibacterium prausnitzii_D, 95.0, 85.79, 0.328; GCF_003287495.1, s__Faecalibacterium prausnitzii_I, 95.0, 85.77, 0.347; GCF_020687245.1, s__Faecalibacterium longum, 95.0, 85.66, 0.327; GCA_025757845.1, s__Faecalibacterium sp900539945, 95.0, 85.61, 0.329; GCF_003287405.1, s__Faecalibacterium prausnitzii_J, 95.0, 85.61, 0.299; GCA_902463905.1, s__Faecalibacterium sp902463905, 95.0, 85.54, 0.255; GCF_023347295.1, s__Faecalibacterium sp003449675, 95.0, 85.52, 0.319; GCA_014858325.1, s__Faecalibacterium sp014858325, 95.0, 85.07, 0.314; GCF_002549775.1, s__Faecalibacterium prausnitzii_F, 95.0, 85.07, 0.313; GCF_023347535.1, s__Faecalibacterium sp900539885, 95.0, 85.05, 0.296; GCF_023347275.1, s__Faecalibacterium sp900758465, 95.0, 84.85, 0.307; GCA_900765105.1, s__Faecalibacterium sp900765105, 95.0, 84.77, 0.241; GCA_905215595.1, s__Faecalibacterium sp905215595, 95.0, 84.64, 0.241; GCA_934503275.1, s__Faecalibacterium sp934503275, 95.0, 84.55, 0.316; GCA_934561555.1, s__Faecalibacterium sp934561555, 95.0, 84.55, 0.276; GCA_934525405.1, s__Faecalibacterium sp934525405, 95.0, 84.46, 0.238; GCA_900772565.1, s__Faecalibacterium sp900772565, 95.0, 84.45, 0.282; GCA_934525845.1, s__Faecalibacterium sp934525845, 95.0, 84.43, 0.289; GCA_934525325.1, s__Faecalibacterium sp934525325, 95.0, 84.41, 0.289; GCA_934513205.1, s__Faecalibacterium sp934513205, 95.0, 84.41, 0.267; GCA_934524985.1, s__Faecalibacterium sp934524985, 95.0, 84.31, 0.302; GCA_934539245.1, s__Faecalibacterium sp934539245, 95.0, 84.24, 0.294; GCA_934512105.1, s__Faecalibacterium sp934512105, 95.0, 84.23, 0.274; GCA_934514285.1, s__Faecalibacterium sp934514285, 95.0, 84.19, 0.309; GCA_900551435.1, s__Faecalibacterium sp900551435, 95.0, 84.17, 0.315; GCA_934511465.1, s__Faecalibacterium sp934511465, 95.0, 84.17, 0.289; GCA_934561115.1, s__Faecalibacterium sp934561115, 95.0, 84.15, 0.279; GCA_902463235.1, s__Faecalibacterium sp902463235, 95.0, 84.11, 0.268; GCA_934540955.1, s__Faecalibacterium sp934540955, 95.0, 84.11, 0.268; GCA_934532365.1, s__Faecalibacterium sp934532365, 95.0, 84.04, 0.27; GCA_934525735.1, s__Faecalibacterium sp934525735, 95.0, 83.87, 0.264; GCA_934561485.1, s__Faecalibacterium sp934561485, 95.0, 83.74, 0.26; GCA_934501115.1, s__Faecalibacterium sp934501115, 95.0, 83.69, 0.239; GCA_002313795.1, s__Faecalibacterium prausnitzii_L, 95.0, 83.62, 0.176; GCA_937917475.1, s__Faecalibacterium sp937917475, 95.0, 83.53, 0.209; GCA_934553285.1, s__Faecalibacterium sp934553285, 95.0, 83.16, 0.255; GCA_934533135.1, s__Faecalibacterium sp934533135, 95.0, 82.9, 0.265; GCA_004558805.1, s__Faecalibacterium prausnitzii_M, 95.0, 82.53, 0.245; GCA_934518555.1, s__Faecalibacterium sp934518555, 95.0, 82.5, 0.255; GCA_934548045.1, s__Faecalibacterium sp934548045, 95.0, 81.52, 0.184	94.02	11	N/A	N/A
AF52-21.fna	d__Bacteria;p__Bacillota_A;c__Clostridia;o__Oscillospirales;f__Ruminococcaceae;g__Faecalibacterium;s__Faecalibacterium sp900758465	GCF_023347275.1	95.0	d__Bacteria;p__Bacillota_A;c__Clostridia;o__Oscillospirales;f__Ruminococcaceae;g__Faecalibacterium;s__Faecalibacterium sp900758465	97.42	0.803	GCF_023347275.1	95.0	d__Bacteria;p__Bacillota_A;c__Clostridia;o__Oscillospirales;f__Ruminococcaceae;g__Faecalibacterium;s__Faecalibacterium sp900758465	97.42	0.803	d__Bacteria;p__Bacillota_A;c__Clostridia;o__Oscillospirales;f__Ruminococcaceae;g__Faecalibacterium;s__	taxonomic classification defined by topology and ANI	topological placement and ANI have congruent species assignments	GCF_020687245.1, s__Faecalibacterium longum, 95.0, 91.28, 0.692; GCA_934514285.1, s__Faecalibacterium sp934514285, 95.0, 90.14, 0.683; GCA_002313795.1, s__Faecalibacterium prausnitzii_L, 95.0, 87.19, 0.389; GCF_003287455.1, s__Faecalibacterium hattorii, 95.0, 86.45, 0.391; GCA_900765705.1, s__Faecalibacterium sp900765705, 95.0, 86.19, 0.244; GCF_019967995.1, s__Faecalibacterium prausnitzii_E, 95.0, 86.17, 0.374; GCA_014858325.1, s__Faecalibacterium sp014858325, 95.0, 85.62, 0.359; GCF_023347235.1, s__Faecalibacterium prausnitzii_A, 95.0, 85.29, 0.307; GCF_003324185.1, s__Faecalibacterium prausnitzii, 95.0, 85.26, 0.312; GCF_003287405.1, s__Faecalibacterium prausnitzii_J, 95.0, 85.04, 0.297; GCF_023347255.1, s__Faecalibacterium prausnitzii_D, 95.0, 84.98, 0.295; GCF_023347295.1, s__Faecalibacterium sp003449675, 95.0, 84.96, 0.297; GCF_003287495.1, s__Faecalibacterium prausnitzii_I, 95.0, 84.88, 0.347; GCF_023347535.1, s__Faecalibacterium sp900539885, 95.0, 84.82, 0.275; GCF_010509575.1, s__Faecalibacterium duncaniae, 95.0, 84.68, 0.286; GCA_902463905.1, s__Faecalibacterium sp902463905, 95.0, 84.65, 0.212; GCF_002549775.1, s__Faecalibacterium prausnitzii_F, 95.0, 84.5, 0.301; GCA_937915335.1, s__Faecalibacterium sp937915335, 95.0, 84.33, 0.19; GCA_025757845.1, s__Faecalibacterium sp900539945, 95.0, 84.32, 0.291; GCA_934513205.1, s__Faecalibacterium sp934513205, 95.0, 84.2, 0.277; GCA_934503275.1, s__Faecalibacterium sp934503275, 95.0, 84.13, 0.266; GCA_900765105.1, s__Faecalibacterium sp900765105, 95.0, 84.12, 0.235; GCA_934526125.1, s__Faecalibacterium sp934526125, 95.0, 83.93, 0.322; GCA_934511465.1, s__Faecalibacterium sp934511465, 95.0, 83.79, 0.261; GCA_902463235.1, s__Faecalibacterium sp902463235, 95.0, 83.73, 0.23; GCA_934525405.1, s__Faecalibacterium sp934525405, 95.0, 83.73, 0.216; GCA_934561555.1, s__Faecalibacterium sp934561555, 95.0, 83.67, 0.243; GCA_900772565.1, s__Faecalibacterium sp900772565, 95.0, 83.66, 0.26; GCA_900551435.1, s__Faecalibacterium sp900551435, 95.0, 83.61, 0.256; GCA_937917475.1, s__Faecalibacterium sp937917475, 95.0, 83.53, 0.182; GCA_934512105.1, s__Faecalibacterium sp934512105, 95.0, 83.48, 0.242; GCA_934525735.1, s__Faecalibacterium sp934525735, 95.0, 83.44, 0.252; GCA_934540955.1, s__Faecalibacterium sp934540955, 95.0, 83.41, 0.238; GCA_934501115.1, s__Faecalibacterium sp934501115, 95.0, 83.39, 0.248; GCA_934525845.1, s__Faecalibacterium sp934525845, 95.0, 83.39, 0.245; GCA_905215595.1, s__Faecalibacterium sp905215595, 95.0, 83.24, 0.199; GCA_934533135.1, s__Faecalibacterium sp934533135, 95.0, 83.18, 0.27; GCA_934525325.1, s__Faecalibacterium sp934525325, 95.0, 83.17, 0.252; GCA_934561115.1, s__Faecalibacterium sp934561115, 95.0, 82.97, 0.257; GCA_934547065.1, s__Faecalibacterium sp934547065, 95.0, 82.94, 0.254; GCA_934524985.1, s__Faecalibacterium sp934524985, 95.0, 82.94, 0.25; GCA_934532365.1, s__Faecalibacterium sp934532365, 95.0, 82.9, 0.245; GCA_934539245.1, s__Faecalibacterium sp934539245, 95.0, 82.77, 0.241; GCA_018883885.1, s__Faecalibacterium intestinavium, 95.0, 82.77, 0.159; GCA_934561485.1, s__Faecalibacterium sp934561485, 95.0, 82.29, 0.195; GCA_934548045.1, s__Faecalibacterium sp934548045, 95.0, 82.24, 0.216; GCA_004558805.1, s__Faecalibacterium prausnitzii_M, 95.0, 82.18, 0.206; GCA_934553285.1, s__Faecalibacterium sp934553285, 95.0, 81.67, 0.193; GCA_934518555.1, s__Faecalibacterium sp934518555, 95.0, 80.94, 0.204	94.08	11	N/A	N/A
AHMP21.fna	d__Bacteria;p__Bacillota_A;c__Clostridia;o__Oscillospirales;f__Ruminococcaceae;g__Faecalibacterium;s__Faecalibacterium prausnitzii_E	GCF_019967995.1	95.0	d__Bacteria;p__Bacillota_A;c__Clostridia;o__Oscillospirales;f__Ruminococcaceae;g__Faecalibacterium;s__Faecalibacterium prausnitzii_E	96.31	0.761	GCF_019967995.1	95.0	d__Bacteria;p__Bacillota_A;c__Clostridia;o__Oscillospirales;f__Ruminococcaceae;g__Faecalibacterium;s__Faecalibacterium prausnitzii_E	96.31	0.761	d__Bacteria;p__Bacillota_A;c__Clostridia;o__Oscillospirales;f__Ruminococcaceae;g__Faecalibacterium;s__	taxonomic classification defined by topology and ANI	topological placement and ANI have congruent species assignments	GCF_003287455.1, s__Faecalibacterium hattorii, 95.0, 89.81, 0.631; GCF_020687245.1, s__Faecalibacterium longum, 95.0, 86.8, 0.376; GCF_010509575.1, s__Faecalibacterium duncaniae, 95.0, 86.64, 0.412; GCF_023347275.1, s__Faecalibacterium sp900758465, 95.0, 86.5, 0.381; GCA_900551435.1, s__Faecalibacterium sp900551435, 95.0, 86.35, 0.477; GCA_934526125.1, s__Faecalibacterium sp934526125, 95.0, 86.2, 0.46; GCF_003287495.1, s__Faecalibacterium prausnitzii_I, 95.0, 85.9, 0.374; GCA_937915335.1, s__Faecalibacterium sp937915335, 95.0, 85.7, 0.277; GCA_902463905.1, s__Faecalibacterium sp902463905, 95.0, 85.52, 0.266; GCA_900765705.1, s__Faecalibacterium sp900765705, 95.0, 85.52, 0.234; GCF_023347235.1, s__Faecalibacterium prausnitzii_A, 95.0, 85.51, 0.324; GCA_934547065.1, s__Faecalibacterium sp934547065, 95.0, 85.43, 0.434; GCF_003324185.1, s__Faecalibacterium prausnitzii, 95.0, 85.29, 0.318; GCF_002549775.1, s__Faecalibacterium prausnitzii_F, 95.0, 85.11, 0.332; GCA_934514285.1, s__Faecalibacterium sp934514285, 95.0, 85.09, 0.348; GCA_014858325.1, s__Faecalibacterium sp014858325, 95.0, 85.07, 0.327; GCF_023347295.1, s__Faecalibacterium sp003449675, 95.0, 84.94, 0.287; GCA_025757845.1, s__Faecalibacterium sp900539945, 95.0, 84.84, 0.31; GCF_003287405.1, s__Faecalibacterium prausnitzii_J, 95.0, 84.78, 0.313; GCF_023347255.1, s__Faecalibacterium prausnitzii_D, 95.0, 84.72, 0.287; GCA_900765105.1, s__Faecalibacterium sp900765105, 95.0, 84.58, 0.257; GCF_023347535.1, s__Faecalibacterium sp900539885, 95.0, 84.52, 0.29; GCA_934503275.1, s__Faecalibacterium sp934503275, 95.0, 84.4, 0.304; GCA_934525845.1, s__Faecalibacterium sp934525845, 95.0, 84.39, 0.292; GCA_934513205.1, s__Faecalibacterium sp934513205, 95.0, 84.32, 0.286; GCA_934525405.1, s__Faecalibacterium sp934525405, 95.0, 84.31, 0.254; GCA_934561555.1, s__Faecalibacterium sp934561555, 95.0, 84.2, 0.287; GCA_002313795.1, s__Faecalibacterium prausnitzii_L, 95.0, 84.12, 0.199; GCA_934512105.1, s__Faecalibacterium sp934512105, 95.0, 83.98, 0.268; GCA_934533135.1, s__Faecalibacterium sp934533135, 95.0, 83.96, 0.3; GCA_934525735.1, s__Faecalibacterium sp934525735, 95.0, 83.91, 0.289; GCA_934540955.1, s__Faecalibacterium sp934540955, 95.0, 83.87, 0.262; GCA_900772565.1, s__Faecalibacterium sp900772565, 95.0, 83.86, 0.274; GCA_934525325.1, s__Faecalibacterium sp934525325, 95.0, 83.86, 0.27; GCA_905215595.1, s__Faecalibacterium sp905215595, 95.0, 83.84, 0.217; GCA_934524985.1, s__Faecalibacterium sp934524985, 95.0, 83.83, 0.303; GCA_934511465.1, s__Faecalibacterium sp934511465, 95.0, 83.79, 0.269; GCA_934561115.1, s__Faecalibacterium sp934561115, 95.0, 83.72, 0.277; GCA_937917475.1, s__Faecalibacterium sp937917475, 95.0, 83.63, 0.19; GCA_934532365.1, s__Faecalibacterium sp934532365, 95.0, 83.58, 0.265; GCA_902463235.1, s__Faecalibacterium sp902463235, 95.0, 83.43, 0.229; GCA_934539245.1, s__Faecalibacterium sp934539245, 95.0, 83.33, 0.279; GCA_934553285.1, s__Faecalibacterium sp934553285, 95.0, 83.19, 0.271; GCA_934561485.1, s__Faecalibacterium sp934561485, 95.0, 83.18, 0.249; GCA_934501115.1, s__Faecalibacterium sp934501115, 95.0, 82.96, 0.24; GCA_004558805.1, s__Faecalibacterium prausnitzii_M, 95.0, 82.61, 0.233; GCA_934548045.1, s__Faecalibacterium sp934548045, 95.0, 82.35, 0.24; GCA_934518555.1, s__Faecalibacterium sp934518555, 95.0, 81.74, 0.228	94.08	11	N/A	N/A
AM33-14AC.fna	d__Bacteria;p__Bacillota_A;c__Clostridia;o__Oscillospirales;f__Ruminococcaceae;g__Faecalibacterium;s__Faecalibacterium duncaniae	GCF_010509575.1	95.0	d__Bacteria;p__Bacillota_A;c__Clostridia;o__Oscillospirales;f__Ruminococcaceae;g__Faecalibacterium;s__Faecalibacterium duncaniae	96.58	0.773	GCF_010509575.1	95.0	d__Bacteria;p__Bacillota_A;c__Clostridia;o__Oscillospirales;f__Ruminococcaceae;g__Faecalibacterium;s__Faecalibacterium duncaniae	96.58	0.773	d__Bacteria;p__Bacillota_A;c__Clostridia;o__Oscillospirales;f__Ruminococcaceae;g__Faecalibacterium;s__	taxonomic classification defined by topology and ANI	topological placement and ANI have congruent species assignments	GCA_937915335.1, s__Faecalibacterium sp937915335, 95.0, 89.35, 0.465; GCF_019967995.1, s__Faecalibacterium prausnitzii_E, 95.0, 87.36, 0.439; GCA_934526125.1, s__Faecalibacterium sp934526125, 95.0, 86.85, 0.495; GCF_003287455.1, s__Faecalibacterium hattorii, 95.0, 86.47, 0.438; GCA_934547065.1, s__Faecalibacterium sp934547065, 95.0, 86.37, 0.473; GCA_900765705.1, s__Faecalibacterium sp900765705, 95.0, 85.7, 0.249; GCF_023347295.1, s__Faecalibacterium sp003449675, 95.0, 85.68, 0.333; GCF_023347235.1, s__Faecalibacterium prausnitzii_A, 95.0, 85.65, 0.332; GCA_025757845.1, s__Faecalibacterium sp900539945, 95.0, 85.55, 0.339; GCA_902463905.1, s__Faecalibacterium sp902463905, 95.0, 85.43, 0.249; GCF_023347255.1, s__Faecalibacterium prausnitzii_D, 95.0, 85.4, 0.324; GCF_003287495.1, s__Faecalibacterium prausnitzii_I, 95.0, 85.25, 0.329; GCF_003324185.1, s__Faecalibacterium prausnitzii, 95.0, 85.22, 0.335; GCF_020687245.1, s__Faecalibacterium longum, 95.0, 85.17, 0.322; GCF_023347535.1, s__Faecalibacterium sp900539885, 95.0, 85.14, 0.288; GCA_014858325.1, s__Faecalibacterium sp014858325, 95.0, 85.07, 0.319; GCF_002549775.1, s__Faecalibacterium prausnitzii_F, 95.0, 84.92, 0.312; GCA_900765105.1, s__Faecalibacterium sp900765105, 95.0, 84.84, 0.235; GCA_902463235.1, s__Faecalibacterium sp902463235, 95.0, 84.71, 0.271; GCF_023347275.1, s__Faecalibacterium sp900758465, 95.0, 84.66, 0.307; GCF_003287405.1, s__Faecalibacterium prausnitzii_J, 95.0, 84.54, 0.307; GCA_934525845.1, s__Faecalibacterium sp934525845, 95.0, 84.43, 0.297; GCA_934513205.1, s__Faecalibacterium sp934513205, 95.0, 84.39, 0.264; GCA_905215595.1, s__Faecalibacterium sp905215595, 95.0, 84.39, 0.225; GCA_900772565.1, s__Faecalibacterium sp900772565, 95.0, 84.35, 0.283; GCA_934503275.1, s__Faecalibacterium sp934503275, 95.0, 84.32, 0.299; GCA_900551435.1, s__Faecalibacterium sp900551435, 95.0, 84.24, 0.32; GCA_934524985.1, s__Faecalibacterium sp934524985, 95.0, 84.24, 0.301; GCA_934561555.1, s__Faecalibacterium sp934561555, 95.0, 84.23, 0.265; GCA_934540955.1, s__Faecalibacterium sp934540955, 95.0, 84.22, 0.261; GCA_934525405.1, s__Faecalibacterium sp934525405, 95.0, 84.14, 0.235; GCA_934514285.1, s__Faecalibacterium sp934514285, 95.0, 84.11, 0.296; GCA_934525735.1, s__Faecalibacterium sp934525735, 95.0, 84.04, 0.27; GCA_934512105.1, s__Faecalibacterium sp934512105, 95.0, 84.03, 0.265; GCA_934525325.1, s__Faecalibacterium sp934525325, 95.0, 83.96, 0.258; GCA_937917475.1, s__Faecalibacterium sp937917475, 95.0, 83.79, 0.192; GCA_002313795.1, s__Faecalibacterium prausnitzii_L, 95.0, 83.79, 0.178; GCA_934501115.1, s__Faecalibacterium sp934501115, 95.0, 83.77, 0.243; GCA_934539245.1, s__Faecalibacterium sp934539245, 95.0, 83.73, 0.271; GCA_934511465.1, s__Faecalibacterium sp934511465, 95.0, 83.73, 0.258; GCA_934532365.1, s__Faecalibacterium sp934532365, 95.0, 83.53, 0.267; GCA_934561115.1, s__Faecalibacterium sp934561115, 95.0, 83.53, 0.263; GCA_934561485.1, s__Faecalibacterium sp934561485, 95.0, 83.5, 0.263; GCA_934553285.1, s__Faecalibacterium sp934553285, 95.0, 82.97, 0.257; GCA_934533135.1, s__Faecalibacterium sp934533135, 95.0, 82.83, 0.258; GCA_004558805.1, s__Faecalibacterium prausnitzii_M, 95.0, 82.63, 0.234; GCA_934518555.1, s__Faecalibacterium sp934518555, 95.0, 82.49, 0.234; GCA_934548045.1, s__Faecalibacterium sp934548045, 95.0, 80.98, 0.191	94.0	11	N/A	N/A
AM36-18BH.fna	d__Bacteria;p__Bacillota_A;c__Clostridia;o__Oscillospirales;f__Ruminococcaceae;g__Faecalibacterium;s__Faecalibacterium prausnitzii	GCF_003324185.1	95.0	d__Bacteria;p__Bacillota_A;c__Clostridia;o__Oscillospirales;f__Ruminococcaceae;g__Faecalibacterium;s__Faecalibacterium prausnitzii	95.79	0.819	GCF_003324185.1	95.0	d__Bacteria;p__Bacillota_A;c__Clostridia;o__Oscillospirales;f__Ruminococcaceae;g__Faecalibacterium;s__Faecalibacterium prausnitzii	95.79	0.819	d__Bacteria;p__Bacillota_A;c__Clostridia;o__Oscillospirales;f__Ruminococcaceae;g__Faecalibacterium;s__	taxonomic classification defined by topology and ANI	topological placement and ANI have congruent species assignments	GCA_905215595.1, s__Faecalibacterium sp905215595, 95.0, 94.75, 0.769; GCA_934525405.1, s__Faecalibacterium sp934525405, 95.0, 94.51, 0.794; GCF_023347235.1, s__Faecalibacterium prausnitzii_A, 95.0, 94.5, 0.777; GCF_023347295.1, s__Faecalibacterium sp003449675, 95.0, 94.38, 0.741; GCA_934532365.1, s__Faecalibacterium sp934532365, 95.0, 94.37, 0.802; GCA_934503275.1, s__Faecalibacterium sp934503275, 95.0, 94.35, 0.811; GCA_934524985.1, s__Faecalibacterium sp934524985, 95.0, 94.25, 0.782; GCA_934525325.1, s__Faecalibacterium sp934525325, 95.0, 94.23, 0.805; GCA_934540955.1, s__Faecalibacterium sp934540955, 95.0, 94.18, 0.748; GCA_934539245.1, s__Faecalibacterium sp934539245, 95.0, 94.09, 0.812; GCA_900772565.1, s__Faecalibacterium sp900772565, 95.0, 93.97, 0.752; GCF_003287405.1, s__Faecalibacterium prausnitzii_J, 95.0, 93.97, 0.734; GCA_934512105.1, s__Faecalibacterium sp934512105, 95.0, 93.95, 0.765; GCA_934561555.1, s__Faecalibacterium sp934561555, 95.0, 93.92, 0.733; GCA_934561115.1, s__Faecalibacterium sp934561115, 95.0, 93.89, 0.797; GCA_900765705.1, s__Faecalibacterium sp900765705, 95.0, 92.4, 0.566; GCA_902463235.1, s__Faecalibacterium sp902463235, 95.0, 90.76, 0.539; GCA_934513205.1, s__Faecalibacterium sp934513205, 95.0, 89.45, 0.517; GCA_934553285.1, s__Faecalibacterium sp934553285, 95.0, 89.02, 0.63; GCA_900765105.1, s__Faecalibacterium sp900765105, 95.0, 87.11, 0.392; GCA_902463905.1, s__Faecalibacterium sp902463905, 95.0, 86.92, 0.354; GCF_023347535.1, s__Faecalibacterium sp900539885, 95.0, 86.81, 0.393; GCF_023347255.1, s__Faecalibacterium prausnitzii_D, 95.0, 86.66, 0.395; GCF_002549775.1, s__Faecalibacterium prausnitzii_F, 95.0, 86.62, 0.417; GCA_025757845.1, s__Faecalibacterium sp900539945, 95.0, 86.34, 0.407; GCA_934511465.1, s__Faecalibacterium sp934511465, 95.0, 86.1, 0.396; GCA_934525735.1, s__Faecalibacterium sp934525735, 95.0, 85.87, 0.384; GCA_934525845.1, s__Faecalibacterium sp934525845, 95.0, 85.77, 0.38; GCA_004558805.1, s__Faecalibacterium prausnitzii_M, 95.0, 85.76, 0.404; GCF_003287455.1, s__Faecalibacterium hattorii, 95.0, 85.46, 0.34; GCF_020687245.1, s__Faecalibacterium longum, 95.0, 85.39, 0.295; GCA_934501115.1, s__Faecalibacterium sp934501115, 95.0, 85.34, 0.362; GCA_934561485.1, s__Faecalibacterium sp934561485, 95.0, 85.33, 0.373; GCF_010509575.1, s__Faecalibacterium duncaniae, 95.0, 85.33, 0.285; GCF_019967995.1, s__Faecalibacterium prausnitzii_E, 95.0, 85.25, 0.338; GCF_023347275.1, s__Faecalibacterium sp900758465, 95.0, 84.96, 0.304; GCA_934518555.1, s__Faecalibacterium sp934518555, 95.0, 84.69, 0.38; GCA_937915335.1, s__Faecalibacterium sp937915335, 95.0, 84.46, 0.174; GCF_003287495.1, s__Faecalibacterium prausnitzii_I, 95.0, 83.97, 0.279; GCA_014858325.1, s__Faecalibacterium sp014858325, 95.0, 83.82, 0.24; GCA_934526125.1, s__Faecalibacterium sp934526125, 95.0, 83.54, 0.265; GCA_934547065.1, s__Faecalibacterium sp934547065, 95.0, 83.33, 0.248; GCA_934514285.1, s__Faecalibacterium sp934514285, 95.0, 82.99, 0.247; GCA_900551435.1, s__Faecalibacterium sp900551435, 95.0, 82.96, 0.21; GCA_937917475.1, s__Faecalibacterium sp937917475, 95.0, 82.92, 0.161; GCA_934533135.1, s__Faecalibacterium sp934533135, 95.0, 82.51, 0.214; GCA_900540455.1, s__Faecalibacterium sp900540455, 95.0, 82.05, 0.163	94.0	11	N/A	N/A
AM37-13AC.fna	d__Bacteria;p__Bacillota_A;c__Clostridia;o__Oscillospirales;f__Ruminococcaceae;g__Faecalibacterium;s__Faecalibacterium prausnitzii	GCF_003324185.1	95.0	d__Bacteria;p__Bacillota_A;c__Clostridia;o__Oscillospirales;f__Ruminococcaceae;g__Faecalibacterium;s__Faecalibacterium prausnitzii	95.51	0.826	GCF_003324185.1	95.0	d__Bacteria;p__Bacillota_A;c__Clostridia;o__Oscillospirales;f__Ruminococcaceae;g__Faecalibacterium;s__Faecalibacterium prausnitzii	95.51	0.826	d__Bacteria;p__Bacillota_A;c__Clostridia;o__Oscillospirales;f__Ruminococcaceae;g__Faecalibacterium;s__	taxonomic classification defined by topology and ANI	topological placement and ANI have congruent species assignments	GCA_905215595.1, s__Faecalibacterium sp905215595, 95.0, 94.63, 0.748; GCF_023347235.1, s__Faecalibacterium prausnitzii_A, 95.0, 94.58, 0.774; GCA_934525405.1, s__Faecalibacterium sp934525405, 95.0, 94.5, 0.784; GCA_934525325.1, s__Faecalibacterium sp934525325, 95.0, 94.21, 0.796; GCA_934532365.1, s__Faecalibacterium sp934532365, 95.0, 94.11, 0.8; GCF_023347295.1, s__Faecalibacterium sp003449675, 95.0, 94.08, 0.743; GCA_934503275.1, s__Faecalibacterium sp934503275, 95.0, 94.06, 0.792; GCA_934539245.1, s__Faecalibacterium sp934539245, 95.0, 94.02, 0.816; GCA_934561115.1, s__Faecalibacterium sp934561115, 95.0, 94.02, 0.801; GCA_900772565.1, s__Faecalibacterium sp900772565, 95.0, 93.95, 0.749; GCF_003287405.1, s__Faecalibacterium prausnitzii_J, 95.0, 93.94, 0.72; GCA_934561555.1, s__Faecalibacterium sp934561555, 95.0, 93.93, 0.73; GCA_934512105.1, s__Faecalibacterium sp934512105, 95.0, 93.86, 0.759; GCA_934540955.1, s__Faecalibacterium sp934540955, 95.0, 93.85, 0.74; GCA_934524985.1, s__Faecalibacterium sp934524985, 95.0, 93.54, 0.773; GCA_900765705.1, s__Faecalibacterium sp900765705, 95.0, 91.7, 0.561; GCA_902463235.1, s__Faecalibacterium sp902463235, 95.0, 91.12, 0.549; GCA_934513205.1, s__Faecalibacterium sp934513205, 95.0, 89.4, 0.522; GCA_934553285.1, s__Faecalibacterium sp934553285, 95.0, 89.02, 0.636; GCA_025757845.1, s__Faecalibacterium sp900539945, 95.0, 86.99, 0.426; GCA_900765105.1, s__Faecalibacterium sp900765105, 95.0, 86.88, 0.372; GCF_002549775.1, s__Faecalibacterium prausnitzii_F, 95.0, 86.84, 0.409; GCF_023347535.1, s__Faecalibacterium sp900539885, 95.0, 86.75, 0.392; GCA_902463905.1, s__Faecalibacterium sp902463905, 95.0, 86.68, 0.363; GCF_023347255.1, s__Faecalibacterium prausnitzii_D, 95.0, 86.37, 0.383; GCA_934511465.1, s__Faecalibacterium sp934511465, 95.0, 85.98, 0.398; GCF_003287455.1, s__Faecalibacterium hattorii, 95.0, 85.53, 0.336; GCA_934525845.1, s__Faecalibacterium sp934525845, 95.0, 85.5, 0.377; GCA_934525735.1, s__Faecalibacterium sp934525735, 95.0, 85.49, 0.39; GCA_934501115.1, s__Faecalibacterium sp934501115, 95.0, 85.46, 0.348; GCF_010509575.1, s__Faecalibacterium duncaniae, 95.0, 85.4, 0.3; GCA_934561485.1, s__Faecalibacterium sp934561485, 95.0, 85.29, 0.371; GCF_019967995.1, s__Faecalibacterium prausnitzii_E, 95.0, 85.11, 0.305; GCF_020687245.1, s__Faecalibacterium longum, 95.0, 85.01, 0.293; GCA_004558805.1, s__Faecalibacterium prausnitzii_M, 95.0, 84.94, 0.394; GCA_934518555.1, s__Faecalibacterium sp934518555, 95.0, 84.56, 0.378; GCF_023347275.1, s__Faecalibacterium sp900758465, 95.0, 84.56, 0.289; GCA_937915335.1, s__Faecalibacterium sp937915335, 95.0, 84.38, 0.182; GCF_003287495.1, s__Faecalibacterium prausnitzii_I, 95.0, 84.19, 0.275; GCA_014858325.1, s__Faecalibacterium sp014858325, 95.0, 83.82, 0.229; GCA_934526125.1, s__Faecalibacterium sp934526125, 95.0, 83.44, 0.267; GCA_934547065.1, s__Faecalibacterium sp934547065, 95.0, 83.15, 0.255; GCA_937917475.1, s__Faecalibacterium sp937917475, 95.0, 82.85, 0.167; GCA_900551435.1, s__Faecalibacterium sp900551435, 95.0, 82.66, 0.197; GCA_934514285.1, s__Faecalibacterium sp934514285, 95.0, 82.53, 0.253; GCA_934533135.1, s__Faecalibacterium sp934533135, 95.0, 82.31, 0.217; GCA_900540455.1, s__Faecalibacterium sp900540455, 95.0, 81.8, 0.151; GCA_934548045.1, s__Faecalibacterium sp934548045, 95.0, 80.75, 0.155	94.0	11	N/A	N/A
AM39-7BH.fna	d__Bacteria;p__Bacillota_A;c__Clostridia;o__Oscillospirales;f__Ruminococcaceae;g__Faecalibacterium;s__Faecalibacterium duncaniae	GCF_010509575.1	95.0	d__Bacteria;p__Bacillota_A;c__Clostridia;o__Oscillospirales;f__Ruminococcaceae;g__Faecalibacterium;s__Faecalibacterium duncaniae	96.58	0.756	GCF_010509575.1	95.0	d__Bacteria;p__Bacillota_A;c__Clostridia;o__Oscillospirales;f__Ruminococcaceae;g__Faecalibacterium;s__Faecalibacterium duncaniae	96.58	0.756	d__Bacteria;p__Bacillota_A;c__Clostridia;o__Oscillospirales;f__Ruminococcaceae;g__Faecalibacterium;s__	taxonomic classification defined by topology and ANI	topological placement and ANI have congruent species assignments	GCA_937915335.1, s__Faecalibacterium sp937915335, 95.0, 89.38, 0.474; GCF_019967995.1, s__Faecalibacterium prausnitzii_E, 95.0, 87.12, 0.437; GCF_003287455.1, s__Faecalibacterium hattorii, 95.0, 86.86, 0.454; GCA_934526125.1, s__Faecalibacterium sp934526125, 95.0, 86.69, 0.495; GCA_934547065.1, s__Faecalibacterium sp934547065, 95.0, 86.41, 0.474; GCA_900765705.1, s__Faecalibacterium sp900765705, 95.0, 86.21, 0.252; GCF_023347295.1, s__Faecalibacterium sp003449675, 95.0, 85.76, 0.334; GCF_023347235.1, s__Faecalibacterium prausnitzii_A, 95.0, 85.69, 0.325; GCF_003287495.1, s__Faecalibacterium prausnitzii_I, 95.0, 85.63, 0.327; GCF_003324185.1, s__Faecalibacterium prausnitzii, 95.0, 85.62, 0.335; GCA_025757845.1, s__Faecalibacterium sp900539945, 95.0, 85.56, 0.33; GCA_902463905.1, s__Faecalibacterium sp902463905, 95.0, 85.46, 0.248; GCF_023347255.1, s__Faecalibacterium prausnitzii_D, 95.0, 85.29, 0.311; GCF_023347275.1, s__Faecalibacterium sp900758465, 95.0, 85.28, 0.301; GCF_020687245.1, s__Faecalibacterium longum, 95.0, 85.15, 0.305; GCF_003287405.1, s__Faecalibacterium prausnitzii_J, 95.0, 85.14, 0.312; GCA_014858325.1, s__Faecalibacterium sp014858325, 95.0, 85.09, 0.318; GCF_002549775.1, s__Faecalibacterium prausnitzii_F, 95.0, 85.04, 0.322; GCF_023347535.1, s__Faecalibacterium sp900539885, 95.0, 85.01, 0.285; GCA_934503275.1, s__Faecalibacterium sp934503275, 95.0, 84.8, 0.306; GCA_934513205.1, s__Faecalibacterium sp934513205, 95.0, 84.52, 0.283; GCA_905215595.1, s__Faecalibacterium sp905215595, 95.0, 84.48, 0.233; GCA_900772565.1, s__Faecalibacterium sp900772565, 95.0, 84.45, 0.283; GCA_900765105.1, s__Faecalibacterium sp900765105, 95.0, 84.34, 0.237; GCA_934525845.1, s__Faecalibacterium sp934525845, 95.0, 84.29, 0.296; GCA_934540955.1, s__Faecalibacterium sp934540955, 95.0, 84.29, 0.275; GCA_934561555.1, s__Faecalibacterium sp934561555, 95.0, 84.17, 0.268; GCA_934525405.1, s__Faecalibacterium sp934525405, 95.0, 84.16, 0.246; GCA_934524985.1, s__Faecalibacterium sp934524985, 95.0, 84.1, 0.295; GCA_900551435.1, s__Faecalibacterium sp900551435, 95.0, 84.08, 0.309; GCA_934539245.1, s__Faecalibacterium sp934539245, 95.0, 83.99, 0.282; GCA_902463235.1, s__Faecalibacterium sp902463235, 95.0, 83.97, 0.249; GCA_934525325.1, s__Faecalibacterium sp934525325, 95.0, 83.87, 0.274; GCA_002313795.1, s__Faecalibacterium prausnitzii_L, 95.0, 83.87, 0.181; GCA_934511465.1, s__Faecalibacterium sp934511465, 95.0, 83.84, 0.269; GCA_934561485.1, s__Faecalibacterium sp934561485, 95.0, 83.79, 0.27; GCA_934512105.1, s__Faecalibacterium sp934512105, 95.0, 83.79, 0.269; GCA_934532365.1, s__Faecalibacterium sp934532365, 95.0, 83.79, 0.263; GCA_934561115.1, s__Faecalibacterium sp934561115, 95.0, 83.78, 0.276; GCA_934525735.1, s__Faecalibacterium sp934525735, 95.0, 83.74, 0.262; GCA_934514285.1, s__Faecalibacterium sp934514285, 95.0, 83.59, 0.28; GCA_934501115.1, s__Faecalibacterium sp934501115, 95.0, 83.41, 0.228; GCA_937917475.1, s__Faecalibacterium sp937917475, 95.0, 83.33, 0.201; GCA_934553285.1, s__Faecalibacterium sp934553285, 95.0, 83.32, 0.254; GCA_934533135.1, s__Faecalibacterium sp934533135, 95.0, 82.96, 0.269; GCA_004558805.1, s__Faecalibacterium prausnitzii_M, 95.0, 82.86, 0.256; GCA_934518555.1, s__Faecalibacterium sp934518555, 95.0, 82.18, 0.24; GCA_900540455.1, s__Faecalibacterium sp900540455, 95.0, 81.9, 0.153; GCA_934548045.1, s__Faecalibacterium sp934548045, 95.0, 81.06, 0.187	94.0	11	N/A	N/A
AM42-11AC.fna	d__Bacteria;p__Bacillota_A;c__Clostridia;o__Oscillospirales;f__Ruminococcaceae;g__Faecalibacterium;s__Faecalibacterium duncaniae	GCF_010509575.1	95.0	d__Bacteria;p__Bacillota_A;c__Clostridia;o__Oscillospirales;f__Ruminococcaceae;g__Faecalibacterium;s__Faecalibacterium duncaniae	96.01	0.732	GCF_010509575.1	95.0	d__Bacteria;p__Bacillota_A;c__Clostridia;o__Oscillospirales;f__Ruminococcaceae;g__Faecalibacterium;s__Faecalibacterium duncaniae	96.01	0.732	d__Bacteria;p__Bacillota_A;c__Clostridia;o__Oscillospirales;f__Ruminococcaceae;g__Faecalibacterium;s__	taxonomic classification defined by topology and ANI	topological placement and ANI have congruent species assignments	GCA_937915335.1, s__Faecalibacterium sp937915335, 95.0, 89.37, 0.473; GCF_019967995.1, s__Faecalibacterium prausnitzii_E, 95.0, 87.07, 0.43; GCA_934526125.1, s__Faecalibacterium sp934526125, 95.0, 86.73, 0.51; GCA_934547065.1, s__Faecalibacterium sp934547065, 95.0, 86.65, 0.475; GCF_003287455.1, s__Faecalibacterium hattorii, 95.0, 86.64, 0.464; GCA_900765705.1, s__Faecalibacterium sp900765705, 95.0, 86.28, 0.261; GCF_023347295.1, s__Faecalibacterium sp003449675, 95.0, 85.85, 0.316; GCF_023347255.1, s__Faecalibacterium prausnitzii_D, 95.0, 85.84, 0.328; GCF_003324185.1, s__Faecalibacterium prausnitzii, 95.0, 85.78, 0.334; GCF_023347235.1, s__Faecalibacterium prausnitzii_A, 95.0, 85.72, 0.309; GCA_902463905.1, s__Faecalibacterium sp902463905, 95.0, 85.66, 0.257; GCA_025757845.1, s__Faecalibacterium sp900539945, 95.0, 85.48, 0.323; GCF_023347535.1, s__Faecalibacterium sp900539885, 95.0, 85.48, 0.295; GCF_020687245.1, s__Faecalibacterium longum, 95.0, 85.42, 0.305; GCA_014858325.1, s__Faecalibacterium sp014858325, 95.0, 85.29, 0.322; GCF_003287495.1, s__Faecalibacterium prausnitzii_I, 95.0, 85.27, 0.332; GCF_003287405.1, s__Faecalibacterium prausnitzii_J, 95.0, 85.2, 0.314; GCF_023347275.1, s__Faecalibacterium sp900758465, 95.0, 84.99, 0.324; GCF_002549775.1, s__Faecalibacterium prausnitzii_F, 95.0, 84.96, 0.313; GCA_934503275.1, s__Faecalibacterium sp934503275, 95.0, 84.72, 0.317; GCA_900765105.1, s__Faecalibacterium sp900765105, 95.0, 84.68, 0.239; GCA_934513205.1, s__Faecalibacterium sp934513205, 95.0, 84.66, 0.288; GCA_900772565.1, s__Faecalibacterium sp900772565, 95.0, 84.57, 0.289; GCA_905215595.1, s__Faecalibacterium sp905215595, 95.0, 84.52, 0.236; GCA_934561555.1, s__Faecalibacterium sp934561555, 95.0, 84.46, 0.268; GCA_934525845.1, s__Faecalibacterium sp934525845, 95.0, 84.44, 0.298; GCA_902463235.1, s__Faecalibacterium sp902463235, 95.0, 84.41, 0.252; GCA_934540955.1, s__Faecalibacterium sp934540955, 95.0, 84.33, 0.275; GCA_934524985.1, s__Faecalibacterium sp934524985, 95.0, 84.31, 0.297; GCA_934512105.1, s__Faecalibacterium sp934512105, 95.0, 84.23, 0.278; GCA_934511465.1, s__Faecalibacterium sp934511465, 95.0, 84.2, 0.283; GCA_934525405.1, s__Faecalibacterium sp934525405, 95.0, 84.13, 0.241; GCA_934514285.1, s__Faecalibacterium sp934514285, 95.0, 84.09, 0.3; GCA_934525735.1, s__Faecalibacterium sp934525735, 95.0, 84.01, 0.268; GCA_900551435.1, s__Faecalibacterium sp900551435, 95.0, 83.97, 0.307; GCA_934539245.1, s__Faecalibacterium sp934539245, 95.0, 83.94, 0.277; GCA_934525325.1, s__Faecalibacterium sp934525325, 95.0, 83.82, 0.278; GCA_002313795.1, s__Faecalibacterium prausnitzii_L, 95.0, 83.81, 0.181; GCA_934561485.1, s__Faecalibacterium sp934561485, 95.0, 83.73, 0.27; GCA_934532365.1, s__Faecalibacterium sp934532365, 95.0, 83.62, 0.27; GCA_934561115.1, s__Faecalibacterium sp934561115, 95.0, 83.62, 0.269; GCA_934501115.1, s__Faecalibacterium sp934501115, 95.0, 83.57, 0.228; GCA_937917475.1, s__Faecalibacterium sp937917475, 95.0, 83.4, 0.202; GCA_934553285.1, s__Faecalibacterium sp934553285, 95.0, 83.26, 0.254; GCA_004558805.1, s__Faecalibacterium prausnitzii_M, 95.0, 83.03, 0.253; GCA_934533135.1, s__Faecalibacterium sp934533135, 95.0, 82.85, 0.261; GCA_934518555.1, s__Faecalibacterium sp934518555, 95.0, 82.36, 0.251; GCA_900540455.1, s__Faecalibacterium sp900540455, 95.0, 81.74, 0.159; GCA_934548045.1, s__Faecalibacterium sp934548045, 95.0, 81.26, 0.191	94.02	11	N/A	N/A
AM43-5AT.fna	d__Bacteria;p__Bacillota_A;c__Clostridia;o__Oscillospirales;f__Ruminococcaceae;g__Faecalibacterium;s__Faecalibacterium prausnitzii_D	GCF_023347255.1	95.0	d__Bacteria;p__Bacillota_A;c__Clostridia;o__Oscillospirales;f__Ruminococcaceae;g__Faecalibacterium;s__Faecalibacterium prausnitzii_D	97.55	0.811	GCF_023347255.1	95.0	d__Bacteria;p__Bacillota_A;c__Clostridia;o__Oscillospirales;f__Ruminococcaceae;g__Faecalibacterium;s__Faecalibacterium prausnitzii_D	97.55	0.811	d__Bacteria;p__Bacillota_A;c__Clostridia;o__Oscillospirales;f__Ruminococcaceae;g__Faecalibacterium;s__	taxonomic classification defined by topology and ANI	topological placement and ANI have congruent species assignments	GCF_023347535.1, s__Faecalibacterium sp900539885, 95.0, 91.71, 0.658; GCA_902463235.1, s__Faecalibacterium sp902463235, 95.0, 91.18, 0.603; GCA_934511465.1, s__Faecalibacterium sp934511465, 95.0, 90.39, 0.638; GCF_002549775.1, s__Faecalibacterium prausnitzii_F, 95.0, 88.47, 0.526; GCA_934501115.1, s__Faecalibacterium sp934501115, 95.0, 88.43, 0.531; GCA_900765105.1, s__Faecalibacterium sp900765105, 95.0, 87.91, 0.479; GCA_025757845.1, s__Faecalibacterium sp900539945, 95.0, 87.59, 0.461; GCA_934525735.1, s__Faecalibacterium sp934525735, 95.0, 87.53, 0.549; GCA_900765705.1, s__Faecalibacterium sp900765705, 95.0, 87.33, 0.333; GCF_023347235.1, s__Faecalibacterium prausnitzii_A, 95.0, 87.11, 0.401; GCF_023347295.1, s__Faecalibacterium sp003449675, 95.0, 87.01, 0.417; GCA_905215595.1, s__Faecalibacterium sp905215595, 95.0, 86.94, 0.38; GCA_934513205.1, s__Faecalibacterium sp934513205, 95.0, 86.9, 0.484; GCF_003324185.1, s__Faecalibacterium prausnitzii, 95.0, 86.58, 0.4; GCA_934524985.1, s__Faecalibacterium sp934524985, 95.0, 86.28, 0.429; GCA_934540955.1, s__Faecalibacterium sp934540955, 95.0, 86.28, 0.388; GCA_902463905.1, s__Faecalibacterium sp902463905, 95.0, 86.25, 0.367; GCF_003287405.1, s__Faecalibacterium prausnitzii_J, 95.0, 86.23, 0.409; GCA_934503275.1, s__Faecalibacterium sp934503275, 95.0, 86.18, 0.428; GCA_934525405.1, s__Faecalibacterium sp934525405, 95.0, 86.15, 0.371; GCA_900772565.1, s__Faecalibacterium sp900772565, 95.0, 86.09, 0.403; GCA_934561115.1, s__Faecalibacterium sp934561115, 95.0, 85.95, 0.414; GCA_934525325.1, s__Faecalibacterium sp934525325, 95.0, 85.89, 0.406; GCA_934561555.1, s__Faecalibacterium sp934561555, 95.0, 85.88, 0.388; GCA_934512105.1, s__Faecalibacterium sp934512105, 95.0, 85.78, 0.389; GCA_934532365.1, s__Faecalibacterium sp934532365, 95.0, 85.68, 0.404; GCA_934539245.1, s__Faecalibacterium sp934539245, 95.0, 85.66, 0.415; GCA_934561485.1, s__Faecalibacterium sp934561485, 95.0, 85.56, 0.405; GCA_934525845.1, s__Faecalibacterium sp934525845, 95.0, 85.5, 0.387; GCF_019967995.1, s__Faecalibacterium prausnitzii_E, 95.0, 85.04, 0.306; GCA_934553285.1, s__Faecalibacterium sp934553285, 95.0, 84.99, 0.399; GCA_937915335.1, s__Faecalibacterium sp937915335, 95.0, 84.94, 0.179; GCF_020687245.1, s__Faecalibacterium longum, 95.0, 84.81, 0.286; GCF_010509575.1, s__Faecalibacterium duncaniae, 95.0, 84.79, 0.271; GCF_023347275.1, s__Faecalibacterium sp900758465, 95.0, 84.37, 0.286; GCF_003287455.1, s__Faecalibacterium hattorii, 95.0, 84.35, 0.294; GCA_014858325.1, s__Faecalibacterium sp014858325, 95.0, 84.35, 0.226; GCF_003287495.1, s__Faecalibacterium prausnitzii_I, 95.0, 84.05, 0.288; GCA_934547065.1, s__Faecalibacterium sp934547065, 95.0, 83.65, 0.272; GCA_004558805.1, s__Faecalibacterium prausnitzii_M, 95.0, 83.6, 0.32; GCA_002313795.1, s__Faecalibacterium prausnitzii_L, 95.0, 83.53, 0.169; GCA_934514285.1, s__Faecalibacterium sp934514285, 95.0, 83.3, 0.26; GCA_934526125.1, s__Faecalibacterium sp934526125, 95.0, 83.23, 0.242; GCA_934518555.1, s__Faecalibacterium sp934518555, 95.0, 83.13, 0.322; GCA_900551435.1, s__Faecalibacterium sp900551435, 95.0, 82.85, 0.207; GCA_934533135.1, s__Faecalibacterium sp934533135, 95.0, 81.92, 0.213; GCA_934548045.1, s__Faecalibacterium sp934548045, 95.0, 80.77, 0.165	94.04	11	N/A	N/A
APC918_95b.fna	d__Bacteria;p__Bacillota_A;c__Clostridia;o__Oscillospirales;f__Ruminococcaceae;g__Faecalibacterium;s__Faecalibacterium prausnitzii	GCF_003324185.1	95.0	d__Bacteria;p__Bacillota_A;c__Clostridia;o__Oscillospirales;f__Ruminococcaceae;g__Faecalibacterium;s__Faecalibacterium prausnitzii	96.56	0.811	GCF_003324185.1	95.0	d__Bacteria;p__Bacillota_A;c__Clostridia;o__Oscillospirales;f__Ruminococcaceae;g__Faecalibacterium;s__Faecalibacterium prausnitzii	96.56	0.811	d__Bacteria;p__Bacillota_A;c__Clostridia;o__Oscillospirales;f__Ruminococcaceae;g__Faecalibacterium;s__	taxonomic classification defined by topology and ANI	topological placement and ANI have congruent species assignments	GCA_905215595.1, s__Faecalibacterium sp905215595, 95.0, 94.84, 0.765; GCF_023347235.1, s__Faecalibacterium prausnitzii_A, 95.0, 94.62, 0.767; GCA_934525405.1, s__Faecalibacterium sp934525405, 95.0, 94.38, 0.783; GCF_003287405.1, s__Faecalibacterium prausnitzii_J, 95.0, 94.36, 0.751; GCA_934532365.1, s__Faecalibacterium sp934532365, 95.0, 94.23, 0.813; GCA_934525325.1, s__Faecalibacterium sp934525325, 95.0, 94.21, 0.802; GCA_934503275.1, s__Faecalibacterium sp934503275, 95.0, 94.2, 0.794; GCA_934539245.1, s__Faecalibacterium sp934539245, 95.0, 94.15, 0.81; GCF_023347295.1, s__Faecalibacterium sp003449675, 95.0, 94.12, 0.746; GCA_934524985.1, s__Faecalibacterium sp934524985, 95.0, 94.11, 0.773; GCA_934561115.1, s__Faecalibacterium sp934561115, 95.0, 94.02, 0.801; GCA_934540955.1, s__Faecalibacterium sp934540955, 95.0, 93.99, 0.749; GCA_900772565.1, s__Faecalibacterium sp900772565, 95.0, 93.95, 0.758; GCA_934561555.1, s__Faecalibacterium sp934561555, 95.0, 93.95, 0.733; GCA_934512105.1, s__Faecalibacterium sp934512105, 95.0, 93.88, 0.762; GCA_900765705.1, s__Faecalibacterium sp900765705, 95.0, 92.07, 0.565; GCA_902463235.1, s__Faecalibacterium sp902463235, 95.0, 91.26, 0.547; GCA_934513205.1, s__Faecalibacterium sp934513205, 95.0, 89.49, 0.526; GCA_934553285.1, s__Faecalibacterium sp934553285, 95.0, 88.97, 0.638; GCF_023347535.1, s__Faecalibacterium sp900539885, 95.0, 87.2, 0.404; GCA_025757845.1, s__Faecalibacterium sp900539945, 95.0, 87.06, 0.432; GCF_002549775.1, s__Faecalibacterium prausnitzii_F, 95.0, 86.98, 0.419; GCF_023347255.1, s__Faecalibacterium prausnitzii_D, 95.0, 86.95, 0.405; GCA_900765105.1, s__Faecalibacterium sp900765105, 95.0, 86.88, 0.373; GCA_902463905.1, s__Faecalibacterium sp902463905, 95.0, 86.82, 0.359; GCA_934511465.1, s__Faecalibacterium sp934511465, 95.0, 85.96, 0.394; GCA_934525845.1, s__Faecalibacterium sp934525845, 95.0, 85.59, 0.387; GCF_010509575.1, s__Faecalibacterium duncaniae, 95.0, 85.5, 0.308; GCA_934525735.1, s__Faecalibacterium sp934525735, 95.0, 85.48, 0.389; GCA_934501115.1, s__Faecalibacterium sp934501115, 95.0, 85.45, 0.343; GCA_004558805.1, s__Faecalibacterium prausnitzii_M, 95.0, 85.4, 0.385; GCA_934561485.1, s__Faecalibacterium sp934561485, 95.0, 85.35, 0.384; GCF_003287455.1, s__Faecalibacterium hattorii, 95.0, 85.35, 0.326; GCF_023347275.1, s__Faecalibacterium sp900758465, 95.0, 85.26, 0.3; GCF_019967995.1, s__Faecalibacterium prausnitzii_E, 95.0, 85.23, 0.319; GCF_020687245.1, s__Faecalibacterium longum, 95.0, 85.01, 0.295; GCA_934518555.1, s__Faecalibacterium sp934518555, 95.0, 84.91, 0.384; GCA_937915335.1, s__Faecalibacterium sp937915335, 95.0, 84.39, 0.181; GCF_003287495.1, s__Faecalibacterium prausnitzii_I, 95.0, 84.1, 0.282; GCA_014858325.1, s__Faecalibacterium sp014858325, 95.0, 83.98, 0.236; GCA_934547065.1, s__Faecalibacterium sp934547065, 95.0, 83.59, 0.269; GCA_934526125.1, s__Faecalibacterium sp934526125, 95.0, 83.39, 0.258; GCA_934514285.1, s__Faecalibacterium sp934514285, 95.0, 83.38, 0.263; GCA_900551435.1, s__Faecalibacterium sp900551435, 95.0, 82.77, 0.201; GCA_937917475.1, s__Faecalibacterium sp937917475, 95.0, 82.69, 0.157; GCA_934533135.1, s__Faecalibacterium sp934533135, 95.0, 82.57, 0.203	94.02	11	N/A	N/A
APC922_41-1.fna	d__Bacteria;p__Bacillota_A;c__Clostridia;o__Oscillospirales;f__Ruminococcaceae;g__Faecalibacterium;s__Faecalibacterium hattorii	GCF_003287455.1	95.0	d__Bacteria;p__Bacillota_A;c__Clostridia;o__Oscillospirales;f__Ruminococcaceae;g__Faecalibacterium;s__Faecalibacterium hattorii	99.99	1.0	GCF_003287455.1	95.0	d__Bacteria;p__Bacillota_A;c__Clostridia;o__Oscillospirales;f__Ruminococcaceae;g__Faecalibacterium;s__Faecalibacterium hattorii	99.99	1.0	d__Bacteria;p__Bacillota_A;c__Clostridia;o__Oscillospirales;f__Ruminococcaceae;g__Faecalibacterium;s__	taxonomic classification defined by topology and ANI	topological placement and ANI have congruent species assignments	GCF_019967995.1, s__Faecalibacterium prausnitzii_E, 95.0, 89.29, 0.625; GCF_010509575.1, s__Faecalibacterium duncaniae, 95.0, 86.8, 0.436; GCF_020687245.1, s__Faecalibacterium longum, 95.0, 86.62, 0.399; GCA_900551435.1, s__Faecalibacterium sp900551435, 95.0, 86.57, 0.475; GCF_023347275.1, s__Faecalibacterium sp900758465, 95.0, 86.42, 0.361; GCA_934526125.1, s__Faecalibacterium sp934526125, 95.0, 86.13, 0.451; GCF_003287495.1, s__Faecalibacterium prausnitzii_I, 95.0, 85.71, 0.365; GCA_937915335.1, s__Faecalibacterium sp937915335, 95.0, 85.53, 0.264; GCF_023347235.1, s__Faecalibacterium prausnitzii_A, 95.0, 85.5, 0.341; GCA_900765705.1, s__Faecalibacterium sp900765705, 95.0, 85.48, 0.228; GCF_003324185.1, s__Faecalibacterium prausnitzii, 95.0, 85.41, 0.345; GCA_014858325.1, s__Faecalibacterium sp014858325, 95.0, 85.19, 0.333; GCF_003287405.1, s__Faecalibacterium prausnitzii_J, 95.0, 84.99, 0.325; GCF_002549775.1, s__Faecalibacterium prausnitzii_F, 95.0, 84.89, 0.334; GCA_934514285.1, s__Faecalibacterium sp934514285, 95.0, 84.87, 0.347; GCF_023347295.1, s__Faecalibacterium sp003449675, 95.0, 84.81, 0.306; GCA_934547065.1, s__Faecalibacterium sp934547065, 95.0, 84.79, 0.391; GCA_902463905.1, s__Faecalibacterium sp902463905, 95.0, 84.72, 0.236; GCF_023347255.1, s__Faecalibacterium prausnitzii_D, 95.0, 84.69, 0.307; GCF_023347535.1, s__Faecalibacterium sp900539885, 95.0, 84.67, 0.289; GCA_025757845.1, s__Faecalibacterium sp900539945, 95.0, 84.64, 0.297; GCA_900765105.1, s__Faecalibacterium sp900765105, 95.0, 84.48, 0.247; GCA_934540955.1, s__Faecalibacterium sp934540955, 95.0, 84.43, 0.27; GCA_934503275.1, s__Faecalibacterium sp934503275, 95.0, 84.39, 0.301; GCA_902463235.1, s__Faecalibacterium sp902463235, 95.0, 84.3, 0.24; GCA_934525405.1, s__Faecalibacterium sp934525405, 95.0, 84.26, 0.233; GCA_900772565.1, s__Faecalibacterium sp900772565, 95.0, 84.23, 0.27; GCA_934525735.1, s__Faecalibacterium sp934525735, 95.0, 84.19, 0.302; GCA_934561555.1, s__Faecalibacterium sp934561555, 95.0, 84.19, 0.273; GCA_934511465.1, s__Faecalibacterium sp934511465, 95.0, 84.17, 0.285; GCA_934513205.1, s__Faecalibacterium sp934513205, 95.0, 84.1, 0.287; GCA_934533135.1, s__Faecalibacterium sp934533135, 95.0, 84.09, 0.311; GCA_934525845.1, s__Faecalibacterium sp934525845, 95.0, 83.99, 0.273; GCA_934512105.1, s__Faecalibacterium sp934512105, 95.0, 83.75, 0.264; GCA_937917475.1, s__Faecalibacterium sp937917475, 95.0, 83.67, 0.221; GCA_934524985.1, s__Faecalibacterium sp934524985, 95.0, 83.65, 0.278; GCA_934561115.1, s__Faecalibacterium sp934561115, 95.0, 83.63, 0.254; GCA_002313795.1, s__Faecalibacterium prausnitzii_L, 95.0, 83.61, 0.18; GCA_934539245.1, s__Faecalibacterium sp934539245, 95.0, 83.55, 0.291; GCA_934501115.1, s__Faecalibacterium sp934501115, 95.0, 83.48, 0.24; GCA_934525325.1, s__Faecalibacterium sp934525325, 95.0, 83.4, 0.263; GCA_934532365.1, s__Faecalibacterium sp934532365, 95.0, 83.2, 0.262; GCA_905215595.1, s__Faecalibacterium sp905215595, 95.0, 83.2, 0.198; GCA_934561485.1, s__Faecalibacterium sp934561485, 95.0, 82.99, 0.222; GCA_934548045.1, s__Faecalibacterium sp934548045, 95.0, 82.66, 0.243; GCA_934553285.1, s__Faecalibacterium sp934553285, 95.0, 82.32, 0.221; GCA_004558805.1, s__Faecalibacterium prausnitzii_M, 95.0, 82.29, 0.226; GCA_934518555.1, s__Faecalibacterium sp934518555, 95.0, 81.07, 0.162	94.06	11	N/A	N/A
APC923_51-1.fna	d__Bacteria;p__Bacillota_A;c__Clostridia;o__Oscillospirales;f__Ruminococcaceae;g__Faecalibacterium;s__Faecalibacterium prausnitzii_J	GCF_003287405.1	95.0	d__Bacteria;p__Bacillota_A;c__Clostridia;o__Oscillospirales;f__Ruminococcaceae;g__Faecalibacterium;s__Faecalibacterium prausnitzii_J	99.99	1.0	GCF_003287405.1	95.0	d__Bacteria;p__Bacillota_A;c__Clostridia;o__Oscillospirales;f__Ruminococcaceae;g__Faecalibacterium;s__Faecalibacterium prausnitzii_J	99.99	1.0	d__Bacteria;p__Bacillota_A;c__Clostridia;o__Oscillospirales;f__Ruminococcaceae;g__Faecalibacterium;s__	taxonomic classification defined by topology and ANI	topological placement and ANI have congruent species assignments	GCA_934525325.1, s__Faecalibacterium sp934525325, 95.0, 94.55, 0.79; GCA_900772565.1, s__Faecalibacterium sp900772565, 95.0, 94.55, 0.765; GCA_934539245.1, s__Faecalibacterium sp934539245, 95.0, 94.46, 0.837; GCA_934561115.1, s__Faecalibacterium sp934561115, 95.0, 94.34, 0.807; GCA_934532365.1, s__Faecalibacterium sp934532365, 95.0, 94.31, 0.791; GCF_023347235.1, s__Faecalibacterium prausnitzii_A, 95.0, 94.1, 0.731; GCF_003324185.1, s__Faecalibacterium prausnitzii, 95.0, 94.08, 0.714; GCA_934525405.1, s__Faecalibacterium sp934525405, 95.0, 94.07, 0.794; GCA_934540955.1, s__Faecalibacterium sp934540955, 95.0, 94.04, 0.735; GCF_023347295.1, s__Faecalibacterium sp003449675, 95.0, 93.96, 0.701; GCA_934524985.1, s__Faecalibacterium sp934524985, 95.0, 93.95, 0.759; GCA_934503275.1, s__Faecalibacterium sp934503275, 95.0, 93.94, 0.772; GCA_934561555.1, s__Faecalibacterium sp934561555, 95.0, 93.92, 0.725; GCA_934512105.1, s__Faecalibacterium sp934512105, 95.0, 93.78, 0.74; GCA_905215595.1, s__Faecalibacterium sp905215595, 95.0, 93.63, 0.727; GCA_900765705.1, s__Faecalibacterium sp900765705, 95.0, 92.39, 0.546; GCA_902463235.1, s__Faecalibacterium sp902463235, 95.0, 91.11, 0.557; GCA_934513205.1, s__Faecalibacterium sp934513205, 95.0, 89.27, 0.503; GCA_934553285.1, s__Faecalibacterium sp934553285, 95.0, 89.17, 0.638; GCF_002549775.1, s__Faecalibacterium prausnitzii_F, 95.0, 86.96, 0.413; GCA_900765105.1, s__Faecalibacterium sp900765105, 95.0, 86.85, 0.387; GCA_025757845.1, s__Faecalibacterium sp900539945, 95.0, 86.77, 0.425; GCF_023347535.1, s__Faecalibacterium sp900539885, 95.0, 86.7, 0.413; GCA_902463905.1, s__Faecalibacterium sp902463905, 95.0, 86.62, 0.353; GCF_023347255.1, s__Faecalibacterium prausnitzii_D, 95.0, 86.49, 0.399; GCA_934511465.1, s__Faecalibacterium sp934511465, 95.0, 86.28, 0.393; GCA_934525735.1, s__Faecalibacterium sp934525735, 95.0, 85.83, 0.407; GCA_934525845.1, s__Faecalibacterium sp934525845, 95.0, 85.64, 0.379; GCA_934561485.1, s__Faecalibacterium sp934561485, 95.0, 85.54, 0.377; GCA_934501115.1, s__Faecalibacterium sp934501115, 95.0, 85.53, 0.367; GCF_003287455.1, s__Faecalibacterium hattorii, 95.0, 84.99, 0.325; GCA_004558805.1, s__Faecalibacterium prausnitzii_M, 95.0, 84.98, 0.384; GCF_020687245.1, s__Faecalibacterium longum, 95.0, 84.93, 0.284; GCA_934518555.1, s__Faecalibacterium sp934518555, 95.0, 84.79, 0.386; GCA_937915335.1, s__Faecalibacterium sp937915335, 95.0, 84.5, 0.172; GCF_010509575.1, s__Faecalibacterium duncaniae, 95.0, 84.44, 0.279; GCF_003287495.1, s__Faecalibacterium prausnitzii_I, 95.0, 84.3, 0.287; GCF_023347275.1, s__Faecalibacterium sp900758465, 95.0, 84.18, 0.285; GCF_019967995.1, s__Faecalibacterium prausnitzii_E, 95.0, 84.15, 0.293; GCA_014858325.1, s__Faecalibacterium sp014858325, 95.0, 83.86, 0.224; GCA_934547065.1, s__Faecalibacterium sp934547065, 95.0, 83.34, 0.269; GCA_934526125.1, s__Faecalibacterium sp934526125, 95.0, 83.19, 0.255; GCA_934514285.1, s__Faecalibacterium sp934514285, 95.0, 83.0, 0.249; GCA_900551435.1, s__Faecalibacterium sp900551435, 95.0, 82.63, 0.19; GCA_934533135.1, s__Faecalibacterium sp934533135, 95.0, 82.6, 0.218; GCA_934548045.1, s__Faecalibacterium sp934548045, 95.0, 80.33, 0.15	94.04	11	N/A	N/A
APC923_61-1.fna	d__Bacteria;p__Bacillota_A;c__Clostridia;o__Oscillospirales;f__Ruminococcaceae;g__Faecalibacterium;s__Faecalibacterium prausnitzii_I	GCF_003287495.1	95.0	d__Bacteria;p__Bacillota_A;c__Clostridia;o__Oscillospirales;f__Ruminococcaceae;g__Faecalibacterium;s__Faecalibacterium prausnitzii_I	100.0	1.0	GCF_003287495.1	95.0	d__Bacteria;p__Bacillota_A;c__Clostridia;o__Oscillospirales;f__Ruminococcaceae;g__Faecalibacterium;s__Faecalibacterium prausnitzii_I	100.0	1.0	d__Bacteria;p__Bacillota_A;c__Clostridia;o__Oscillospirales;f__Ruminococcaceae;g__Faecalibacterium;s__	taxonomic classification defined by topology and ANI	topological placement and ANI have congruent species assignments	GCA_014858325.1, s__Faecalibacterium sp014858325, 95.0, 86.92, 0.482; GCF_020687245.1, s__Faecalibacterium longum, 95.0, 85.93, 0.384; GCF_003287455.1, s__Faecalibacterium hattorii, 95.0, 85.71, 0.365; GCF_019967995.1, s__Faecalibacterium prausnitzii_E, 95.0, 85.25, 0.35; GCF_010509575.1, s__Faecalibacterium duncaniae, 95.0, 85.25, 0.333; GCF_023347275.1, s__Faecalibacterium sp900758465, 95.0, 85.05, 0.341; GCA_937915335.1, s__Faecalibacterium sp937915335, 95.0, 85.02, 0.218; GCA_902463905.1, s__Faecalibacterium sp902463905, 95.0, 84.61, 0.211; GCA_934526125.1, s__Faecalibacterium sp934526125, 95.0, 84.54, 0.311; GCF_023347535.1, s__Faecalibacterium sp900539885, 95.0, 84.52, 0.269; GCA_900765705.1, s__Faecalibacterium sp900765705, 95.0, 84.36, 0.196; GCF_023347255.1, s__Faecalibacterium prausnitzii_D, 95.0, 84.31, 0.301; GCF_003287405.1, s__Faecalibacterium prausnitzii_J, 95.0, 84.3, 0.287; GCA_934514285.1, s__Faecalibacterium sp934514285, 95.0, 84.29, 0.358; GCA_025757845.1, s__Faecalibacterium sp900539945, 95.0, 84.09, 0.292; GCA_934547065.1, s__Faecalibacterium sp934547065, 95.0, 83.98, 0.321; GCF_003324185.1, s__Faecalibacterium prausnitzii, 95.0, 83.98, 0.279; GCA_900765105.1, s__Faecalibacterium sp900765105, 95.0, 83.96, 0.216; GCF_023347295.1, s__Faecalibacterium sp003449675, 95.0, 83.95, 0.276; GCF_002549775.1, s__Faecalibacterium prausnitzii_F, 95.0, 83.89, 0.281; GCA_934503275.1, s__Faecalibacterium sp934503275, 95.0, 83.8, 0.259; GCF_023347235.1, s__Faecalibacterium prausnitzii_A, 95.0, 83.74, 0.271; GCA_002313795.1, s__Faecalibacterium prausnitzii_L, 95.0, 83.73, 0.21; GCA_937917475.1, s__Faecalibacterium sp937917475, 95.0, 83.64, 0.231; GCA_934512105.1, s__Faecalibacterium sp934512105, 95.0, 83.62, 0.231; GCA_934511465.1, s__Faecalibacterium sp934511465, 95.0, 83.6, 0.232; GCA_902463235.1, s__Faecalibacterium sp902463235, 95.0, 83.54, 0.223; GCA_934524985.1, s__Faecalibacterium sp934524985, 95.0, 83.44, 0.248; GCA_900772565.1, s__Faecalibacterium sp900772565, 95.0, 83.4, 0.232; GCA_934513205.1, s__Faecalibacterium sp934513205, 95.0, 83.37, 0.243; GCA_934561485.1, s__Faecalibacterium sp934561485, 95.0, 83.35, 0.237; GCA_934525845.1, s__Faecalibacterium sp934525845, 95.0, 83.33, 0.248; GCA_934525405.1, s__Faecalibacterium sp934525405, 95.0, 83.3, 0.199; GCA_934525325.1, s__Faecalibacterium sp934525325, 95.0, 83.29, 0.236; GCA_934540955.1, s__Faecalibacterium sp934540955, 95.0, 83.18, 0.228; GCA_900551435.1, s__Faecalibacterium sp900551435, 95.0, 83.11, 0.24; GCA_934561115.1, s__Faecalibacterium sp934561115, 95.0, 83.04, 0.232; GCA_934525735.1, s__Faecalibacterium sp934525735, 95.0, 82.92, 0.238; GCA_934561555.1, s__Faecalibacterium sp934561555, 95.0, 82.91, 0.229; GCA_934533135.1, s__Faecalibacterium sp934533135, 95.0, 82.89, 0.271; GCA_934539245.1, s__Faecalibacterium sp934539245, 95.0, 82.81, 0.239; GCA_934553285.1, s__Faecalibacterium sp934553285, 95.0, 82.74, 0.231; GCA_934532365.1, s__Faecalibacterium sp934532365, 95.0, 82.73, 0.231; GCA_934501115.1, s__Faecalibacterium sp934501115, 95.0, 82.58, 0.195; GCA_905215595.1, s__Faecalibacterium sp905215595, 95.0, 82.55, 0.191; GCA_934518555.1, s__Faecalibacterium sp934518555, 95.0, 81.9, 0.21; GCA_004558805.1, s__Faecalibacterium prausnitzii_M, 95.0, 81.76, 0.2; GCA_934548045.1, s__Faecalibacterium sp934548045, 95.0, 81.48, 0.216	94.0	11	N/A	N/A
APC924_119.fna	d__Bacteria;p__Bacillota_A;c__Clostridia;o__Oscillospirales;f__Ruminococcaceae;g__Faecalibacterium;s__Faecalibacterium prausnitzii	GCF_003324185.1	95.0	d__Bacteria;p__Bacillota_A;c__Clostridia;o__Oscillospirales;f__Ruminococcaceae;g__Faecalibacterium;s__Faecalibacterium prausnitzii	96.24	0.8	GCF_003324185.1	95.0	d__Bacteria;p__Bacillota_A;c__Clostridia;o__Oscillospirales;f__Ruminococcaceae;g__Faecalibacterium;s__Faecalibacterium prausnitzii	96.24	0.8	d__Bacteria;p__Bacillota_A;c__Clostridia;o__Oscillospirales;f__Ruminococcaceae;g__Faecalibacterium;s__	taxonomic classification defined by topology and ANI	topological placement and ANI have congruent species assignments	GCA_905215595.1, s__Faecalibacterium sp905215595, 95.0, 94.88, 0.756; GCF_023347235.1, s__Faecalibacterium prausnitzii_A, 95.0, 94.67, 0.75; GCA_934525405.1, s__Faecalibacterium sp934525405, 95.0, 94.61, 0.785; GCA_934525325.1, s__Faecalibacterium sp934525325, 95.0, 94.44, 0.797; GCA_934532365.1, s__Faecalibacterium sp934532365, 95.0, 94.32, 0.809; GCA_934503275.1, s__Faecalibacterium sp934503275, 95.0, 94.19, 0.799; GCA_934540955.1, s__Faecalibacterium sp934540955, 95.0, 94.18, 0.743; GCA_934561115.1, s__Faecalibacterium sp934561115, 95.0, 94.06, 0.804; GCA_900772565.1, s__Faecalibacterium sp900772565, 95.0, 94.06, 0.748; GCF_003287405.1, s__Faecalibacterium prausnitzii_J, 95.0, 93.94, 0.706; GCA_934539245.1, s__Faecalibacterium sp934539245, 95.0, 93.93, 0.808; GCF_023347295.1, s__Faecalibacterium sp003449675, 95.0, 93.93, 0.713; GCA_934512105.1, s__Faecalibacterium sp934512105, 95.0, 93.92, 0.753; GCA_934561555.1, s__Faecalibacterium sp934561555, 95.0, 93.92, 0.728; GCA_934524985.1, s__Faecalibacterium sp934524985, 95.0, 93.38, 0.772; GCA_900765705.1, s__Faecalibacterium sp900765705, 95.0, 92.16, 0.562; GCA_902463235.1, s__Faecalibacterium sp902463235, 95.0, 91.32, 0.548; GCA_934513205.1, s__Faecalibacterium sp934513205, 95.0, 89.49, 0.515; GCA_934553285.1, s__Faecalibacterium sp934553285, 95.0, 89.0, 0.634; GCA_900765105.1, s__Faecalibacterium sp900765105, 95.0, 86.82, 0.365; GCA_025757845.1, s__Faecalibacterium sp900539945, 95.0, 86.72, 0.421; GCF_023347535.1, s__Faecalibacterium sp900539885, 95.0, 86.72, 0.37; GCF_002549775.1, s__Faecalibacterium prausnitzii_F, 95.0, 86.61, 0.398; GCA_902463905.1, s__Faecalibacterium sp902463905, 95.0, 86.61, 0.351; GCF_023347255.1, s__Faecalibacterium prausnitzii_D, 95.0, 86.51, 0.38; GCA_934511465.1, s__Faecalibacterium sp934511465, 95.0, 85.91, 0.382; GCA_934525845.1, s__Faecalibacterium sp934525845, 95.0, 85.42, 0.375; GCA_934525735.1, s__Faecalibacterium sp934525735, 95.0, 85.39, 0.368; GCA_934501115.1, s__Faecalibacterium sp934501115, 95.0, 85.33, 0.353; GCF_010509575.1, s__Faecalibacterium duncaniae, 95.0, 85.31, 0.296; GCA_934561485.1, s__Faecalibacterium sp934561485, 95.0, 85.17, 0.361; GCF_019967995.1, s__Faecalibacterium prausnitzii_E, 95.0, 85.07, 0.306; GCF_020687245.1, s__Faecalibacterium longum, 95.0, 85.05, 0.287; GCF_003287455.1, s__Faecalibacterium hattorii, 95.0, 85.01, 0.313; GCA_004558805.1, s__Faecalibacterium prausnitzii_M, 95.0, 84.99, 0.378; GCA_934518555.1, s__Faecalibacterium sp934518555, 95.0, 84.85, 0.375; GCF_023347275.1, s__Faecalibacterium sp900758465, 95.0, 84.57, 0.288; GCA_937915335.1, s__Faecalibacterium sp937915335, 95.0, 84.38, 0.173; GCA_014858325.1, s__Faecalibacterium sp014858325, 95.0, 84.11, 0.226; GCF_003287495.1, s__Faecalibacterium prausnitzii_I, 95.0, 83.79, 0.26; GCA_934547065.1, s__Faecalibacterium sp934547065, 95.0, 83.41, 0.261; GCA_934526125.1, s__Faecalibacterium sp934526125, 95.0, 83.3, 0.243; GCA_934514285.1, s__Faecalibacterium sp934514285, 95.0, 82.68, 0.255; GCA_937917475.1, s__Faecalibacterium sp937917475, 95.0, 82.5, 0.151; GCA_900551435.1, s__Faecalibacterium sp900551435, 95.0, 82.31, 0.197; GCA_934533135.1, s__Faecalibacterium sp934533135, 95.0, 81.96, 0.206; GCA_900540455.1, s__Faecalibacterium sp900540455, 95.0, 81.66, 0.155	94.02	11	N/A	N/A
APC942_18-1.fna	d__Bacteria;p__Bacillota_A;c__Clostridia;o__Oscillospirales;f__Ruminococcaceae;g__Faecalibacterium;s__Faecalibacterium longum	GCF_020687245.1	95.0	d__Bacteria;p__Bacillota_A;c__Clostridia;o__Oscillospirales;f__Ruminococcaceae;g__Faecalibacterium;s__Faecalibacterium longum	97.93	0.871	GCF_020687245.1	95.0	d__Bacteria;p__Bacillota_A;c__Clostridia;o__Oscillospirales;f__Ruminococcaceae;g__Faecalibacterium;s__Faecalibacterium longum	97.93	0.871	d__Bacteria;p__Bacillota_A;c__Clostridia;o__Oscillospirales;f__Ruminococcaceae;g__Faecalibacterium;s__	taxonomic classification defined by topology and ANI	topological placement and ANI have congruent species assignments	GCA_934514285.1, s__Faecalibacterium sp934514285, 95.0, 95.6, 0.82; GCF_023347275.1, s__Faecalibacterium sp900758465, 95.0, 90.99, 0.673; GCA_002313795.1, s__Faecalibacterium prausnitzii_L, 95.0, 87.04, 0.406; GCF_003287455.1, s__Faecalibacterium hattorii, 95.0, 86.58, 0.382; GCA_900765705.1, s__Faecalibacterium sp900765705, 95.0, 86.15, 0.222; GCF_019967995.1, s__Faecalibacterium prausnitzii_E, 95.0, 86.1, 0.38; GCF_003287495.1, s__Faecalibacterium prausnitzii_I, 95.0, 85.44, 0.377; GCF_003324185.1, s__Faecalibacterium prausnitzii, 95.0, 84.94, 0.291; GCF_023347235.1, s__Faecalibacterium prausnitzii_A, 95.0, 84.84, 0.324; GCA_014858325.1, s__Faecalibacterium sp014858325, 95.0, 84.8, 0.318; GCF_003287405.1, s__Faecalibacterium prausnitzii_J, 95.0, 84.67, 0.294; GCA_902463905.1, s__Faecalibacterium sp902463905, 95.0, 84.55, 0.214; GCA_025757845.1, s__Faecalibacterium sp900539945, 95.0, 84.54, 0.316; GCF_010509575.1, s__Faecalibacterium duncaniae, 95.0, 84.54, 0.304; GCF_023347535.1, s__Faecalibacterium sp900539885, 95.0, 84.4, 0.283; GCA_900765105.1, s__Faecalibacterium sp900765105, 95.0, 84.3, 0.249; GCA_937915335.1, s__Faecalibacterium sp937915335, 95.0, 84.3, 0.188; GCF_023347255.1, s__Faecalibacterium prausnitzii_D, 95.0, 84.29, 0.3; GCF_002549775.1, s__Faecalibacterium prausnitzii_F, 95.0, 84.28, 0.318; GCF_023347295.1, s__Faecalibacterium sp003449675, 95.0, 84.06, 0.273; GCA_900772565.1, s__Faecalibacterium sp900772565, 95.0, 83.84, 0.249; GCA_934503275.1, s__Faecalibacterium sp934503275, 95.0, 83.53, 0.277; GCA_902463235.1, s__Faecalibacterium sp902463235, 95.0, 83.52, 0.218; GCA_905215595.1, s__Faecalibacterium sp905215595, 95.0, 83.5, 0.195; GCA_934512105.1, s__Faecalibacterium sp934512105, 95.0, 83.46, 0.23; GCA_934525845.1, s__Faecalibacterium sp934525845, 95.0, 83.44, 0.257; GCA_934526125.1, s__Faecalibacterium sp934526125, 95.0, 83.43, 0.305; GCA_934533135.1, s__Faecalibacterium sp934533135, 95.0, 83.41, 0.287; GCA_900551435.1, s__Faecalibacterium sp900551435, 95.0, 83.39, 0.249; GCA_934511465.1, s__Faecalibacterium sp934511465, 95.0, 83.35, 0.267; GCA_934525325.1, s__Faecalibacterium sp934525325, 95.0, 83.31, 0.238; GCA_934513205.1, s__Faecalibacterium sp934513205, 95.0, 83.3, 0.25; GCA_934501115.1, s__Faecalibacterium sp934501115, 95.0, 83.29, 0.238; GCA_934547065.1, s__Faecalibacterium sp934547065, 95.0, 83.27, 0.27; GCA_934524985.1, s__Faecalibacterium sp934524985, 95.0, 83.27, 0.259; GCA_934525735.1, s__Faecalibacterium sp934525735, 95.0, 83.23, 0.278; GCA_934539245.1, s__Faecalibacterium sp934539245, 95.0, 83.15, 0.25; GCA_934525405.1, s__Faecalibacterium sp934525405, 95.0, 83.15, 0.202; GCA_934540955.1, s__Faecalibacterium sp934540955, 95.0, 83.1, 0.221; GCA_934532365.1, s__Faecalibacterium sp934532365, 95.0, 83.04, 0.24; GCA_934561555.1, s__Faecalibacterium sp934561555, 95.0, 82.99, 0.233; GCA_934561115.1, s__Faecalibacterium sp934561115, 95.0, 82.69, 0.239; GCA_937917475.1, s__Faecalibacterium sp937917475, 95.0, 82.35, 0.179; GCA_934548045.1, s__Faecalibacterium sp934548045, 95.0, 82.32, 0.236; GCA_934561485.1, s__Faecalibacterium sp934561485, 95.0, 82.24, 0.191; GCA_004558805.1, s__Faecalibacterium prausnitzii_M, 95.0, 82.18, 0.209; GCA_934553285.1, s__Faecalibacterium sp934553285, 95.0, 81.98, 0.197; GCA_934518555.1, s__Faecalibacterium sp934518555, 95.0, 80.93, 0.201	94.16	11	N/A	N/A
APC942_32-1.fna	d__Bacteria;p__Bacillota_A;c__Clostridia;o__Oscillospirales;f__Ruminococcaceae;g__Faecalibacterium;s__Faecalibacterium longum	GCF_020687245.1	95.0	d__Bacteria;p__Bacillota_A;c__Clostridia;o__Oscillospirales;f__Ruminococcaceae;g__Faecalibacterium;s__Faecalibacterium longum	96.83	0.728	GCF_020687245.1	95.0	d__Bacteria;p__Bacillota_A;c__Clostridia;o__Oscillospirales;f__Ruminococcaceae;g__Faecalibacterium;s__Faecalibacterium longum	96.83	0.728	d__Bacteria;p__Bacillota_A;c__Clostridia;o__Oscillospirales;f__Ruminococcaceae;g__Faecalibacterium;s__	taxonomic classification defined by topology and ANI	topological placement and ANI have congruent species assignments	GCA_934514285.1, s__Faecalibacterium sp934514285, 95.0, 95.75, 0.76; GCF_023347275.1, s__Faecalibacterium sp900758465, 95.0, 91.48, 0.671; GCA_002313795.1, s__Faecalibacterium prausnitzii_L, 95.0, 86.96, 0.394; GCA_900765705.1, s__Faecalibacterium sp900765705, 95.0, 86.85, 0.234; GCF_019967995.1, s__Faecalibacterium prausnitzii_E, 95.0, 86.03, 0.353; GCF_003287455.1, s__Faecalibacterium hattorii, 95.0, 85.85, 0.36; GCF_003287495.1, s__Faecalibacterium prausnitzii_I, 95.0, 85.61, 0.357; GCF_023347255.1, s__Faecalibacterium prausnitzii_D, 95.0, 85.45, 0.307; GCA_014858325.1, s__Faecalibacterium sp014858325, 95.0, 85.29, 0.329; GCF_023347235.1, s__Faecalibacterium prausnitzii_A, 95.0, 85.17, 0.293; GCA_902463905.1, s__Faecalibacterium sp902463905, 95.0, 85.02, 0.209; GCA_025757845.1, s__Faecalibacterium sp900539945, 95.0, 84.82, 0.303; GCF_010509575.1, s__Faecalibacterium duncaniae, 95.0, 84.73, 0.293; GCF_003324185.1, s__Faecalibacterium prausnitzii, 95.0, 84.68, 0.268; GCF_023347295.1, s__Faecalibacterium sp003449675, 95.0, 84.58, 0.248; GCA_937915335.1, s__Faecalibacterium sp937915335, 95.0, 84.41, 0.196; GCF_002549775.1, s__Faecalibacterium prausnitzii_F, 95.0, 84.4, 0.295; GCA_900765105.1, s__Faecalibacterium sp900765105, 95.0, 84.26, 0.232; GCA_905215595.1, s__Faecalibacterium sp905215595, 95.0, 84.04, 0.227; GCF_003287405.1, s__Faecalibacterium prausnitzii_J, 95.0, 84.02, 0.26; GCF_023347535.1, s__Faecalibacterium sp900539885, 95.0, 83.91, 0.249; GCA_934525405.1, s__Faecalibacterium sp934525405, 95.0, 83.89, 0.206; GCA_934503275.1, s__Faecalibacterium sp934503275, 95.0, 83.79, 0.254; GCA_902463235.1, s__Faecalibacterium sp902463235, 95.0, 83.74, 0.227; GCA_934525845.1, s__Faecalibacterium sp934525845, 95.0, 83.72, 0.252; GCA_934526125.1, s__Faecalibacterium sp934526125, 95.0, 83.57, 0.295; GCA_900772565.1, s__Faecalibacterium sp900772565, 95.0, 83.57, 0.231; GCA_934513205.1, s__Faecalibacterium sp934513205, 95.0, 83.56, 0.251; GCA_934512105.1, s__Faecalibacterium sp934512105, 95.0, 83.54, 0.223; GCA_934561555.1, s__Faecalibacterium sp934561555, 95.0, 83.52, 0.237; GCA_934524985.1, s__Faecalibacterium sp934524985, 95.0, 83.44, 0.245; GCA_900551435.1, s__Faecalibacterium sp900551435, 95.0, 83.38, 0.246; GCA_934533135.1, s__Faecalibacterium sp934533135, 95.0, 83.29, 0.28; GCA_934511465.1, s__Faecalibacterium sp934511465, 95.0, 83.29, 0.262; GCA_934525325.1, s__Faecalibacterium sp934525325, 95.0, 83.26, 0.22; GCA_934501115.1, s__Faecalibacterium sp934501115, 95.0, 83.23, 0.226; GCA_934525735.1, s__Faecalibacterium sp934525735, 95.0, 83.21, 0.237; GCA_934547065.1, s__Faecalibacterium sp934547065, 95.0, 83.2, 0.26; GCA_934532365.1, s__Faecalibacterium sp934532365, 95.0, 82.94, 0.233; GCA_934561115.1, s__Faecalibacterium sp934561115, 95.0, 82.86, 0.241; GCA_937917475.1, s__Faecalibacterium sp937917475, 95.0, 82.77, 0.185; GCA_934540955.1, s__Faecalibacterium sp934540955, 95.0, 82.73, 0.212; GCA_934539245.1, s__Faecalibacterium sp934539245, 95.0, 82.7, 0.226; GCA_934561485.1, s__Faecalibacterium sp934561485, 95.0, 82.42, 0.198; GCA_934548045.1, s__Faecalibacterium sp934548045, 95.0, 82.25, 0.236; GCA_934553285.1, s__Faecalibacterium sp934553285, 95.0, 81.85, 0.19; GCA_004558805.1, s__Faecalibacterium prausnitzii_M, 95.0, 81.75, 0.206; GCA_934518555.1, s__Faecalibacterium sp934518555, 95.0, 80.82, 0.184	94.14	11	N/A	N/A
APC942_8-14-2.fna	d__Bacteria;p__Bacillota_A;c__Clostridia;o__Oscillospirales;f__Ruminococcaceae;g__Faecalibacterium;s__Faecalibacterium prausnitzii_I	GCF_003287495.1	95.0	d__Bacteria;p__Bacillota_A;c__Clostridia;o__Oscillospirales;f__Ruminococcaceae;g__Faecalibacterium;s__Faecalibacterium prausnitzii_I	98.09	0.821	GCF_003287495.1	95.0	d__Bacteria;p__Bacillota_A;c__Clostridia;o__Oscillospirales;f__Ruminococcaceae;g__Faecalibacterium;s__Faecalibacterium prausnitzii_I	98.09	0.821	d__Bacteria;p__Bacillota_A;c__Clostridia;o__Oscillospirales;f__Ruminococcaceae;g__Faecalibacterium;s__	taxonomic classification defined by topology and ANI	topological placement and ANI have congruent species assignments	GCA_014858325.1, s__Faecalibacterium sp014858325, 95.0, 86.64, 0.476; GCF_020687245.1, s__Faecalibacterium longum, 95.0, 85.78, 0.381; GCF_010509575.1, s__Faecalibacterium duncaniae, 95.0, 85.64, 0.373; GCF_003287455.1, s__Faecalibacterium hattorii, 95.0, 85.51, 0.37; GCF_019967995.1, s__Faecalibacterium prausnitzii_E, 95.0, 85.13, 0.349; GCF_023347275.1, s__Faecalibacterium sp900758465, 95.0, 85.09, 0.355; GCA_937915335.1, s__Faecalibacterium sp937915335, 95.0, 85.0, 0.215; GCA_025757845.1, s__Faecalibacterium sp900539945, 95.0, 84.73, 0.297; GCA_934526125.1, s__Faecalibacterium sp934526125, 95.0, 84.6, 0.307; GCF_023347295.1, s__Faecalibacterium sp003449675, 95.0, 84.58, 0.293; GCA_902463905.1, s__Faecalibacterium sp902463905, 95.0, 84.53, 0.213; GCF_003324185.1, s__Faecalibacterium prausnitzii, 95.0, 84.51, 0.299; GCA_934514285.1, s__Faecalibacterium sp934514285, 95.0, 84.35, 0.362; GCF_023347535.1, s__Faecalibacterium sp900539885, 95.0, 84.34, 0.252; GCA_934547065.1, s__Faecalibacterium sp934547065, 95.0, 84.29, 0.324; GCA_900765705.1, s__Faecalibacterium sp900765705, 95.0, 84.28, 0.201; GCF_023347235.1, s__Faecalibacterium prausnitzii_A, 95.0, 84.25, 0.294; GCF_002549775.1, s__Faecalibacterium prausnitzii_F, 95.0, 84.2, 0.292; GCF_023347255.1, s__Faecalibacterium prausnitzii_D, 95.0, 84.06, 0.276; GCA_937917475.1, s__Faecalibacterium sp937917475, 95.0, 83.96, 0.229; GCA_934525405.1, s__Faecalibacterium sp934525405, 95.0, 83.75, 0.196; GCA_900772565.1, s__Faecalibacterium sp900772565, 95.0, 83.65, 0.229; GCA_934525325.1, s__Faecalibacterium sp934525325, 95.0, 83.63, 0.246; GCA_002313795.1, s__Faecalibacterium prausnitzii_L, 95.0, 83.63, 0.209; GCF_003287405.1, s__Faecalibacterium prausnitzii_J, 95.0, 83.54, 0.27; GCA_934513205.1, s__Faecalibacterium sp934513205, 95.0, 83.51, 0.237; GCA_902463235.1, s__Faecalibacterium sp902463235, 95.0, 83.51, 0.223; GCA_934503275.1, s__Faecalibacterium sp934503275, 95.0, 83.49, 0.249; GCA_900765105.1, s__Faecalibacterium sp900765105, 95.0, 83.41, 0.212; GCA_934561485.1, s__Faecalibacterium sp934561485, 95.0, 83.4, 0.232; GCA_934524985.1, s__Faecalibacterium sp934524985, 95.0, 83.33, 0.259; GCA_934525845.1, s__Faecalibacterium sp934525845, 95.0, 83.25, 0.242; GCA_934512105.1, s__Faecalibacterium sp934512105, 95.0, 83.22, 0.228; GCA_934511465.1, s__Faecalibacterium sp934511465, 95.0, 83.14, 0.225; GCA_934561555.1, s__Faecalibacterium sp934561555, 95.0, 83.1, 0.238; GCA_900551435.1, s__Faecalibacterium sp900551435, 95.0, 83.08, 0.232; GCA_934532365.1, s__Faecalibacterium sp934532365, 95.0, 83.04, 0.233; GCA_934540955.1, s__Faecalibacterium sp934540955, 95.0, 83.04, 0.229; GCA_934561115.1, s__Faecalibacterium sp934561115, 95.0, 83.03, 0.224; GCA_934533135.1, s__Faecalibacterium sp934533135, 95.0, 83.02, 0.275; GCA_934525735.1, s__Faecalibacterium sp934525735, 95.0, 82.99, 0.247; GCA_934553285.1, s__Faecalibacterium sp934553285, 95.0, 82.59, 0.231; GCA_934539245.1, s__Faecalibacterium sp934539245, 95.0, 82.53, 0.241; GCA_905215595.1, s__Faecalibacterium sp905215595, 95.0, 82.32, 0.176; GCA_934501115.1, s__Faecalibacterium sp934501115, 95.0, 82.21, 0.202; GCA_004558805.1, s__Faecalibacterium prausnitzii_M, 95.0, 81.95, 0.203; GCA_934518555.1, s__Faecalibacterium sp934518555, 95.0, 81.91, 0.209; GCA_934548045.1, s__Faecalibacterium sp934548045, 95.0, 81.31, 0.21	94.02	11	N/A	N/A
ATCC_27766.fna	d__Bacteria;p__Bacillota_A;c__Clostridia;o__Oscillospirales;f__Ruminococcaceae;g__Faecalibacterium;s__Faecalibacterium prausnitzii	GCF_003324185.1	95.0	d__Bacteria;p__Bacillota_A;c__Clostridia;o__Oscillospirales;f__Ruminococcaceae;g__Faecalibacterium;s__Faecalibacterium prausnitzii	99.98	0.998	GCF_003324185.1	95.0	d__Bacteria;p__Bacillota_A;c__Clostridia;o__Oscillospirales;f__Ruminococcaceae;g__Faecalibacterium;s__Faecalibacterium prausnitzii	99.98	0.998	d__Bacteria;p__Bacillota_A;c__Clostridia;o__Oscillospirales;f__Ruminococcaceae;g__Faecalibacterium;s__	taxonomic classification defined by topology and ANI	topological placement and ANI have congruent species assignments	GCA_905215595.1, s__Faecalibacterium sp905215595, 95.0, 94.85, 0.752; GCA_934525405.1, s__Faecalibacterium sp934525405, 95.0, 94.5, 0.792; GCF_023347235.1, s__Faecalibacterium prausnitzii_A, 95.0, 94.47, 0.768; GCA_934503275.1, s__Faecalibacterium sp934503275, 95.0, 94.32, 0.806; GCA_934525325.1, s__Faecalibacterium sp934525325, 95.0, 94.3, 0.809; GCA_934532365.1, s__Faecalibacterium sp934532365, 95.0, 94.3, 0.807; GCF_003287405.1, s__Faecalibacterium prausnitzii_J, 95.0, 94.21, 0.718; GCA_934524985.1, s__Faecalibacterium sp934524985, 95.0, 94.08, 0.767; GCF_023347295.1, s__Faecalibacterium sp003449675, 95.0, 94.08, 0.72; GCA_934540955.1, s__Faecalibacterium sp934540955, 95.0, 94.02, 0.75; GCA_934539245.1, s__Faecalibacterium sp934539245, 95.0, 93.93, 0.821; GCA_934561115.1, s__Faecalibacterium sp934561115, 95.0, 93.92, 0.801; GCA_934512105.1, s__Faecalibacterium sp934512105, 95.0, 93.92, 0.754; GCA_934561555.1, s__Faecalibacterium sp934561555, 95.0, 93.9, 0.733; GCA_900772565.1, s__Faecalibacterium sp900772565, 95.0, 93.82, 0.764; GCA_900765705.1, s__Faecalibacterium sp900765705, 95.0, 92.39, 0.58; GCA_902463235.1, s__Faecalibacterium sp902463235, 95.0, 90.93, 0.533; GCA_934513205.1, s__Faecalibacterium sp934513205, 95.0, 89.6, 0.522; GCA_934553285.1, s__Faecalibacterium sp934553285, 95.0, 89.01, 0.644; GCF_023347535.1, s__Faecalibacterium sp900539885, 95.0, 87.4, 0.41; GCA_025757845.1, s__Faecalibacterium sp900539945, 95.0, 87.09, 0.423; GCF_023347255.1, s__Faecalibacterium prausnitzii_D, 95.0, 86.94, 0.392; GCA_902463905.1, s__Faecalibacterium sp902463905, 95.0, 86.94, 0.356; GCA_900765105.1, s__Faecalibacterium sp900765105, 95.0, 86.8, 0.382; GCF_002549775.1, s__Faecalibacterium prausnitzii_F, 95.0, 86.79, 0.43; GCA_934511465.1, s__Faecalibacterium sp934511465, 95.0, 85.81, 0.391; GCF_020687245.1, s__Faecalibacterium longum, 95.0, 85.76, 0.301; GCA_934525845.1, s__Faecalibacterium sp934525845, 95.0, 85.7, 0.379; GCA_934501115.1, s__Faecalibacterium sp934501115, 95.0, 85.58, 0.352; GCF_003287455.1, s__Faecalibacterium hattorii, 95.0, 85.47, 0.349; GCA_934525735.1, s__Faecalibacterium sp934525735, 95.0, 85.45, 0.392; GCA_004558805.1, s__Faecalibacterium prausnitzii_M, 95.0, 85.43, 0.414; GCA_934561485.1, s__Faecalibacterium sp934561485, 95.0, 85.37, 0.376; GCF_010509575.1, s__Faecalibacterium duncaniae, 95.0, 85.35, 0.305; GCF_019967995.1, s__Faecalibacterium prausnitzii_E, 95.0, 85.31, 0.331; GCF_023347275.1, s__Faecalibacterium sp900758465, 95.0, 84.93, 0.311; GCA_934518555.1, s__Faecalibacterium sp934518555, 95.0, 84.69, 0.362; GCA_937915335.1, s__Faecalibacterium sp937915335, 95.0, 84.23, 0.171; GCF_003287495.1, s__Faecalibacterium prausnitzii_I, 95.0, 83.97, 0.285; GCA_014858325.1, s__Faecalibacterium sp014858325, 95.0, 83.83, 0.239; GCA_934526125.1, s__Faecalibacterium sp934526125, 95.0, 83.34, 0.254; GCA_937917475.1, s__Faecalibacterium sp937917475, 95.0, 83.14, 0.159; GCA_934547065.1, s__Faecalibacterium sp934547065, 95.0, 83.12, 0.26; GCA_934514285.1, s__Faecalibacterium sp934514285, 95.0, 83.09, 0.239; GCA_900551435.1, s__Faecalibacterium sp900551435, 95.0, 82.47, 0.205; GCA_934533135.1, s__Faecalibacterium sp934533135, 95.0, 82.34, 0.223	94.0	11	N/A	N/A
ATCC_27768.fna	d__Bacteria;p__Bacillota_A;c__Clostridia;o__Oscillospirales;f__Ruminococcaceae;g__Faecalibacterium;s__Faecalibacterium prausnitzii	GCF_003324185.1	95.0	d__Bacteria;p__Bacillota_A;c__Clostridia;o__Oscillospirales;f__Ruminococcaceae;g__Faecalibacterium;s__Faecalibacterium prausnitzii	99.99	1.0	GCF_003324185.1	95.0	d__Bacteria;p__Bacillota_A;c__Clostridia;o__Oscillospirales;f__Ruminococcaceae;g__Faecalibacterium;s__Faecalibacterium prausnitzii	99.99	1.0	d__Bacteria;p__Bacillota_A;c__Clostridia;o__Oscillospirales;f__Ruminococcaceae;g__Faecalibacterium;s__	taxonomic classification defined by topology and ANI	topological placement and ANI have congruent species assignments	GCA_905215595.1, s__Faecalibacterium sp905215595, 95.0, 94.74, 0.752; GCA_934525405.1, s__Faecalibacterium sp934525405, 95.0, 94.39, 0.793; GCF_023347235.1, s__Faecalibacterium prausnitzii_A, 95.0, 94.35, 0.766; GCA_934503275.1, s__Faecalibacterium sp934503275, 95.0, 94.32, 0.806; GCA_934532365.1, s__Faecalibacterium sp934532365, 95.0, 94.23, 0.806; GCA_934525325.1, s__Faecalibacterium sp934525325, 95.0, 94.21, 0.81; GCA_934540955.1, s__Faecalibacterium sp934540955, 95.0, 94.16, 0.749; GCF_023347295.1, s__Faecalibacterium sp003449675, 95.0, 94.08, 0.717; GCF_003287405.1, s__Faecalibacterium prausnitzii_J, 95.0, 94.08, 0.714; GCA_934539245.1, s__Faecalibacterium sp934539245, 95.0, 93.93, 0.82; GCA_934524985.1, s__Faecalibacterium sp934524985, 95.0, 93.93, 0.765; GCA_934512105.1, s__Faecalibacterium sp934512105, 95.0, 93.92, 0.756; GCA_934561555.1, s__Faecalibacterium sp934561555, 95.0, 93.9, 0.733; GCA_934561115.1, s__Faecalibacterium sp934561115, 95.0, 93.88, 0.8; GCA_900772565.1, s__Faecalibacterium sp900772565, 95.0, 93.82, 0.763; GCA_900765705.1, s__Faecalibacterium sp900765705, 95.0, 92.39, 0.581; GCA_902463235.1, s__Faecalibacterium sp902463235, 95.0, 90.89, 0.532; GCA_934513205.1, s__Faecalibacterium sp934513205, 95.0, 89.61, 0.522; GCA_934553285.1, s__Faecalibacterium sp934553285, 95.0, 89.01, 0.643; GCF_023347535.1, s__Faecalibacterium sp900539885, 95.0, 87.46, 0.413; GCA_902463905.1, s__Faecalibacterium sp902463905, 95.0, 87.01, 0.354; GCF_023347255.1, s__Faecalibacterium prausnitzii_D, 95.0, 87.0, 0.392; GCA_025757845.1, s__Faecalibacterium sp900539945, 95.0, 86.87, 0.42; GCF_002549775.1, s__Faecalibacterium prausnitzii_F, 95.0, 86.78, 0.429; GCA_900765105.1, s__Faecalibacterium sp900765105, 95.0, 86.77, 0.381; GCF_020687245.1, s__Faecalibacterium longum, 95.0, 85.81, 0.303; GCA_934511465.1, s__Faecalibacterium sp934511465, 95.0, 85.78, 0.389; GCA_934525845.1, s__Faecalibacterium sp934525845, 95.0, 85.68, 0.378; GCA_934501115.1, s__Faecalibacterium sp934501115, 95.0, 85.57, 0.351; GCA_004558805.1, s__Faecalibacterium prausnitzii_M, 95.0, 85.52, 0.409; GCA_934525735.1, s__Faecalibacterium sp934525735, 95.0, 85.43, 0.391; GCF_003287455.1, s__Faecalibacterium hattorii, 95.0, 85.41, 0.345; GCF_019967995.1, s__Faecalibacterium prausnitzii_E, 95.0, 85.39, 0.329; GCA_934561485.1, s__Faecalibacterium sp934561485, 95.0, 85.35, 0.372; GCF_010509575.1, s__Faecalibacterium duncaniae, 95.0, 84.98, 0.3; GCF_023347275.1, s__Faecalibacterium sp900758465, 95.0, 84.79, 0.309; GCA_934518555.1, s__Faecalibacterium sp934518555, 95.0, 84.68, 0.361; GCA_937915335.1, s__Faecalibacterium sp937915335, 95.0, 84.24, 0.17; GCF_003287495.1, s__Faecalibacterium prausnitzii_I, 95.0, 83.98, 0.279; GCA_014858325.1, s__Faecalibacterium sp014858325, 95.0, 83.8, 0.238; GCA_934526125.1, s__Faecalibacterium sp934526125, 95.0, 83.33, 0.254; GCA_937917475.1, s__Faecalibacterium sp937917475, 95.0, 83.14, 0.159; GCA_934547065.1, s__Faecalibacterium sp934547065, 95.0, 83.08, 0.257; GCA_934514285.1, s__Faecalibacterium sp934514285, 95.0, 82.87, 0.233; GCA_934533135.1, s__Faecalibacterium sp934533135, 95.0, 82.8, 0.224; GCA_900551435.1, s__Faecalibacterium sp900551435, 95.0, 82.47, 0.205	94.0	11	N/A	N/A
BIOML-A1-1.fna	d__Bacteria;p__Bacillota_A;c__Clostridia;o__Oscillospirales;f__Ruminococcaceae;g__Faecalibacterium;s__Faecalibacterium prausnitzii_D	GCF_023347255.1	95.0	d__Bacteria;p__Bacillota_A;c__Clostridia;o__Oscillospirales;f__Ruminococcaceae;g__Faecalibacterium;s__Faecalibacterium prausnitzii_D	96.2	0.73	GCF_023347255.1	95.0	d__Bacteria;p__Bacillota_A;c__Clostridia;o__Oscillospirales;f__Ruminococcaceae;g__Faecalibacterium;s__Faecalibacterium prausnitzii_D	96.2	0.73	d__Bacteria;p__Bacillota_A;c__Clostridia;o__Oscillospirales;f__Ruminococcaceae;g__Faecalibacterium;s__	taxonomic classification defined by topology and ANI	topological placement and ANI have congruent species assignments	GCF_023347535.1, s__Faecalibacterium sp900539885, 95.0, 91.9, 0.656; GCA_902463235.1, s__Faecalibacterium sp902463235, 95.0, 91.24, 0.615; GCA_934511465.1, s__Faecalibacterium sp934511465, 95.0, 90.88, 0.63; GCF_002549775.1, s__Faecalibacterium prausnitzii_F, 95.0, 88.77, 0.535; GCA_934501115.1, s__Faecalibacterium sp934501115, 95.0, 88.66, 0.558; GCA_900765105.1, s__Faecalibacterium sp900765105, 95.0, 87.72, 0.462; GCF_003324185.1, s__Faecalibacterium prausnitzii, 95.0, 87.69, 0.434; GCF_023347235.1, s__Faecalibacterium prausnitzii_A, 95.0, 87.38, 0.408; GCA_934525735.1, s__Faecalibacterium sp934525735, 95.0, 87.28, 0.532; GCA_934513205.1, s__Faecalibacterium sp934513205, 95.0, 87.05, 0.473; GCA_900765705.1, s__Faecalibacterium sp900765705, 95.0, 87.0, 0.304; GCA_905215595.1, s__Faecalibacterium sp905215595, 95.0, 86.89, 0.369; GCF_003287405.1, s__Faecalibacterium prausnitzii_J, 95.0, 86.75, 0.409; GCA_025757845.1, s__Faecalibacterium sp900539945, 95.0, 86.67, 0.442; GCF_023347295.1, s__Faecalibacterium sp003449675, 95.0, 86.62, 0.408; GCA_902463905.1, s__Faecalibacterium sp902463905, 95.0, 86.38, 0.367; GCA_934503275.1, s__Faecalibacterium sp934503275, 95.0, 86.3, 0.43; GCA_934540955.1, s__Faecalibacterium sp934540955, 95.0, 86.19, 0.38; GCA_934524985.1, s__Faecalibacterium sp934524985, 95.0, 86.17, 0.416; GCA_934525325.1, s__Faecalibacterium sp934525325, 95.0, 86.1, 0.396; GCA_934561115.1, s__Faecalibacterium sp934561115, 95.0, 86.08, 0.408; GCA_934561555.1, s__Faecalibacterium sp934561555, 95.0, 86.07, 0.386; GCA_900772565.1, s__Faecalibacterium sp900772565, 95.0, 86.05, 0.395; GCA_934525405.1, s__Faecalibacterium sp934525405, 95.0, 85.95, 0.361; GCA_934512105.1, s__Faecalibacterium sp934512105, 95.0, 85.8, 0.382; GCF_020687245.1, s__Faecalibacterium longum, 95.0, 85.8, 0.305; GCA_934525845.1, s__Faecalibacterium sp934525845, 95.0, 85.76, 0.396; GCA_934532365.1, s__Faecalibacterium sp934532365, 95.0, 85.7, 0.391; GCA_934561485.1, s__Faecalibacterium sp934561485, 95.0, 85.61, 0.403; GCA_934539245.1, s__Faecalibacterium sp934539245, 95.0, 85.57, 0.43; GCF_003287455.1, s__Faecalibacterium hattorii, 95.0, 85.18, 0.309; GCA_934553285.1, s__Faecalibacterium sp934553285, 95.0, 85.07, 0.379; GCF_010509575.1, s__Faecalibacterium duncaniae, 95.0, 85.06, 0.288; GCF_003287495.1, s__Faecalibacterium prausnitzii_I, 95.0, 84.78, 0.302; GCF_023347275.1, s__Faecalibacterium sp900758465, 95.0, 84.67, 0.295; GCA_937915335.1, s__Faecalibacterium sp937915335, 95.0, 84.64, 0.175; GCA_014858325.1, s__Faecalibacterium sp014858325, 95.0, 84.48, 0.235; GCF_019967995.1, s__Faecalibacterium prausnitzii_E, 95.0, 84.47, 0.28; GCA_004558805.1, s__Faecalibacterium prausnitzii_M, 95.0, 84.1, 0.339; GCA_934547065.1, s__Faecalibacterium sp934547065, 95.0, 83.94, 0.282; GCA_934514285.1, s__Faecalibacterium sp934514285, 95.0, 83.43, 0.278; GCA_002313795.1, s__Faecalibacterium prausnitzii_L, 95.0, 83.33, 0.162; GCA_934518555.1, s__Faecalibacterium sp934518555, 95.0, 83.29, 0.316; GCA_934526125.1, s__Faecalibacterium sp934526125, 95.0, 83.25, 0.23; GCA_937917475.1, s__Faecalibacterium sp937917475, 95.0, 83.03, 0.158; GCA_900551435.1, s__Faecalibacterium sp900551435, 95.0, 82.69, 0.209; GCA_934533135.1, s__Faecalibacterium sp934533135, 95.0, 82.14, 0.216; GCA_934548045.1, s__Faecalibacterium sp934548045, 95.0, 80.65, 0.153	94.04	11	N/A	N/A
BIOML-A1.fna	d__Bacteria;p__Bacillota_A;c__Clostridia;o__Oscillospirales;f__Ruminococcaceae;g__Faecalibacterium;s__Faecalibacterium duncaniae	GCF_010509575.1	95.0	d__Bacteria;p__Bacillota_A;c__Clostridia;o__Oscillospirales;f__Ruminococcaceae;g__Faecalibacterium;s__Faecalibacterium duncaniae	97.69	0.751	GCF_010509575.1	95.0	d__Bacteria;p__Bacillota_A;c__Clostridia;o__Oscillospirales;f__Ruminococcaceae;g__Faecalibacterium;s__Faecalibacterium duncaniae	97.69	0.751	d__Bacteria;p__Bacillota_A;c__Clostridia;o__Oscillospirales;f__Ruminococcaceae;g__Faecalibacterium;s__	taxonomic classification defined by topology and ANI	topological placement and ANI have congruent species assignments	GCA_937915335.1, s__Faecalibacterium sp937915335, 95.0, 89.18, 0.478; GCA_934526125.1, s__Faecalibacterium sp934526125, 95.0, 87.0, 0.495; GCF_019967995.1, s__Faecalibacterium prausnitzii_E, 95.0, 86.99, 0.406; GCF_003287455.1, s__Faecalibacterium hattorii, 95.0, 86.88, 0.433; GCA_934547065.1, s__Faecalibacterium sp934547065, 95.0, 86.28, 0.481; GCF_023347235.1, s__Faecalibacterium prausnitzii_A, 95.0, 85.61, 0.308; GCF_023347295.1, s__Faecalibacterium sp003449675, 95.0, 85.57, 0.313; GCA_900765705.1, s__Faecalibacterium sp900765705, 95.0, 85.54, 0.226; GCF_020687245.1, s__Faecalibacterium longum, 95.0, 85.49, 0.315; GCA_902463905.1, s__Faecalibacterium sp902463905, 95.0, 85.47, 0.25; GCF_003324185.1, s__Faecalibacterium prausnitzii, 95.0, 85.45, 0.318; GCF_023347255.1, s__Faecalibacterium prausnitzii_D, 95.0, 85.3, 0.295; GCF_023347535.1, s__Faecalibacterium sp900539885, 95.0, 85.26, 0.297; GCF_002549775.1, s__Faecalibacterium prausnitzii_F, 95.0, 85.18, 0.313; GCF_003287495.1, s__Faecalibacterium prausnitzii_I, 95.0, 85.17, 0.331; GCF_023347275.1, s__Faecalibacterium sp900758465, 95.0, 85.13, 0.306; GCA_025757845.1, s__Faecalibacterium sp900539945, 95.0, 85.11, 0.306; GCA_014858325.1, s__Faecalibacterium sp014858325, 95.0, 85.08, 0.308; GCF_003287405.1, s__Faecalibacterium prausnitzii_J, 95.0, 84.88, 0.295; GCA_900765105.1, s__Faecalibacterium sp900765105, 95.0, 84.56, 0.233; GCA_934513205.1, s__Faecalibacterium sp934513205, 95.0, 84.51, 0.261; GCA_934503275.1, s__Faecalibacterium sp934503275, 95.0, 84.43, 0.292; GCA_934525845.1, s__Faecalibacterium sp934525845, 95.0, 84.39, 0.282; GCA_934561555.1, s__Faecalibacterium sp934561555, 95.0, 84.38, 0.275; GCA_934525325.1, s__Faecalibacterium sp934525325, 95.0, 84.36, 0.262; GCA_902463235.1, s__Faecalibacterium sp902463235, 95.0, 84.17, 0.249; GCA_934514285.1, s__Faecalibacterium sp934514285, 95.0, 84.14, 0.285; GCA_934525405.1, s__Faecalibacterium sp934525405, 95.0, 84.12, 0.239; GCA_905215595.1, s__Faecalibacterium sp905215595, 95.0, 84.12, 0.228; GCA_934512105.1, s__Faecalibacterium sp934512105, 95.0, 84.06, 0.259; GCA_900772565.1, s__Faecalibacterium sp900772565, 95.0, 84.04, 0.263; GCA_934540955.1, s__Faecalibacterium sp934540955, 95.0, 84.02, 0.254; GCA_934525735.1, s__Faecalibacterium sp934525735, 95.0, 84.01, 0.277; GCA_934524985.1, s__Faecalibacterium sp934524985, 95.0, 83.97, 0.294; GCA_934511465.1, s__Faecalibacterium sp934511465, 95.0, 83.94, 0.264; GCA_934561115.1, s__Faecalibacterium sp934561115, 95.0, 83.93, 0.271; GCA_900551435.1, s__Faecalibacterium sp900551435, 95.0, 83.87, 0.302; GCA_934539245.1, s__Faecalibacterium sp934539245, 95.0, 83.73, 0.274; GCA_934532365.1, s__Faecalibacterium sp934532365, 95.0, 83.56, 0.258; GCA_934561485.1, s__Faecalibacterium sp934561485, 95.0, 83.56, 0.255; GCA_002313795.1, s__Faecalibacterium prausnitzii_L, 95.0, 83.55, 0.175; GCA_937917475.1, s__Faecalibacterium sp937917475, 95.0, 83.3, 0.195; GCA_934501115.1, s__Faecalibacterium sp934501115, 95.0, 83.14, 0.233; GCA_934553285.1, s__Faecalibacterium sp934553285, 95.0, 82.97, 0.247; GCA_934533135.1, s__Faecalibacterium sp934533135, 95.0, 82.93, 0.262; GCA_004558805.1, s__Faecalibacterium prausnitzii_M, 95.0, 82.8, 0.233; GCA_900540455.1, s__Faecalibacterium sp900540455, 95.0, 81.91, 0.155; GCA_934518555.1, s__Faecalibacterium sp934518555, 95.0, 81.85, 0.229; GCA_934548045.1, s__Faecalibacterium sp934548045, 95.0, 81.19, 0.188	94.04	11	N/A	N/A
BIOML-A2.fna	d__Bacteria;p__Bacillota_A;c__Clostridia;o__Oscillospirales;f__Ruminococcaceae;g__Faecalibacterium;s__Faecalibacterium prausnitzii_D	GCF_023347255.1	95.0	d__Bacteria;p__Bacillota_A;c__Clostridia;o__Oscillospirales;f__Ruminococcaceae;g__Faecalibacterium;s__Faecalibacterium prausnitzii_D	96.42	0.74	GCF_023347255.1	95.0	d__Bacteria;p__Bacillota_A;c__Clostridia;o__Oscillospirales;f__Ruminococcaceae;g__Faecalibacterium;s__Faecalibacterium prausnitzii_D	96.42	0.74	d__Bacteria;p__Bacillota_A;c__Clostridia;o__Oscillospirales;f__Ruminococcaceae;g__Faecalibacterium;s__	taxonomic classification defined by topology and ANI	topological placement and ANI have congruent species assignments	GCF_023347535.1, s__Faecalibacterium sp900539885, 95.0, 92.11, 0.656; GCA_902463235.1, s__Faecalibacterium sp902463235, 95.0, 91.21, 0.615; GCA_934511465.1, s__Faecalibacterium sp934511465, 95.0, 90.84, 0.63; GCF_002549775.1, s__Faecalibacterium prausnitzii_F, 95.0, 88.75, 0.536; GCA_934501115.1, s__Faecalibacterium sp934501115, 95.0, 88.65, 0.557; GCA_900765105.1, s__Faecalibacterium sp900765105, 95.0, 87.7, 0.46; GCF_003324185.1, s__Faecalibacterium prausnitzii, 95.0, 87.63, 0.441; GCA_934525735.1, s__Faecalibacterium sp934525735, 95.0, 87.26, 0.532; GCF_023347235.1, s__Faecalibacterium prausnitzii_A, 95.0, 87.25, 0.416; GCA_934513205.1, s__Faecalibacterium sp934513205, 95.0, 87.04, 0.473; GCA_905215595.1, s__Faecalibacterium sp905215595, 95.0, 86.9, 0.369; GCA_900765705.1, s__Faecalibacterium sp900765705, 95.0, 86.86, 0.303; GCA_025757845.1, s__Faecalibacterium sp900539945, 95.0, 86.83, 0.441; GCF_003287405.1, s__Faecalibacterium prausnitzii_J, 95.0, 86.75, 0.416; GCF_023347295.1, s__Faecalibacterium sp003449675, 95.0, 86.67, 0.417; GCA_902463905.1, s__Faecalibacterium sp902463905, 95.0, 86.37, 0.366; GCA_934503275.1, s__Faecalibacterium sp934503275, 95.0, 86.3, 0.431; GCA_934540955.1, s__Faecalibacterium sp934540955, 95.0, 86.19, 0.38; GCA_934524985.1, s__Faecalibacterium sp934524985, 95.0, 86.17, 0.416; GCA_934525325.1, s__Faecalibacterium sp934525325, 95.0, 86.1, 0.396; GCA_934561555.1, s__Faecalibacterium sp934561555, 95.0, 86.07, 0.386; GCA_900772565.1, s__Faecalibacterium sp900772565, 95.0, 86.05, 0.395; GCA_934561115.1, s__Faecalibacterium sp934561115, 95.0, 86.03, 0.408; GCA_934525405.1, s__Faecalibacterium sp934525405, 95.0, 85.95, 0.361; GCA_934512105.1, s__Faecalibacterium sp934512105, 95.0, 85.8, 0.382; GCF_020687245.1, s__Faecalibacterium longum, 95.0, 85.79, 0.309; GCA_934525845.1, s__Faecalibacterium sp934525845, 95.0, 85.76, 0.396; GCA_934532365.1, s__Faecalibacterium sp934532365, 95.0, 85.71, 0.391; GCA_934561485.1, s__Faecalibacterium sp934561485, 95.0, 85.61, 0.403; GCA_934539245.1, s__Faecalibacterium sp934539245, 95.0, 85.59, 0.43; GCF_003287455.1, s__Faecalibacterium hattorii, 95.0, 85.2, 0.31; GCF_010509575.1, s__Faecalibacterium duncaniae, 95.0, 85.08, 0.29; GCA_934553285.1, s__Faecalibacterium sp934553285, 95.0, 85.07, 0.379; GCA_937915335.1, s__Faecalibacterium sp937915335, 95.0, 84.64, 0.175; GCF_023347275.1, s__Faecalibacterium sp900758465, 95.0, 84.54, 0.291; GCA_014858325.1, s__Faecalibacterium sp014858325, 95.0, 84.47, 0.235; GCF_003287495.1, s__Faecalibacterium prausnitzii_I, 95.0, 84.37, 0.298; GCF_019967995.1, s__Faecalibacterium prausnitzii_E, 95.0, 84.28, 0.286; GCA_004558805.1, s__Faecalibacterium prausnitzii_M, 95.0, 84.1, 0.339; GCA_934547065.1, s__Faecalibacterium sp934547065, 95.0, 83.94, 0.282; GCA_934514285.1, s__Faecalibacterium sp934514285, 95.0, 83.42, 0.277; GCA_002313795.1, s__Faecalibacterium prausnitzii_L, 95.0, 83.34, 0.162; GCA_934518555.1, s__Faecalibacterium sp934518555, 95.0, 83.26, 0.316; GCA_934526125.1, s__Faecalibacterium sp934526125, 95.0, 83.25, 0.23; GCA_937917475.1, s__Faecalibacterium sp937917475, 95.0, 83.03, 0.158; GCA_900551435.1, s__Faecalibacterium sp900551435, 95.0, 82.69, 0.208; GCA_934533135.1, s__Faecalibacterium sp934533135, 95.0, 82.14, 0.216; GCA_934548045.1, s__Faecalibacterium sp934548045, 95.0, 80.62, 0.155	94.04	11	N/A	N/A
BIOML-A3.fna	d__Bacteria;p__Bacillota_A;c__Clostridia;o__Oscillospirales;f__Ruminococcaceae;g__Faecalibacterium;s__Faecalibacterium prausnitzii_D	GCF_023347255.1	95.0	d__Bacteria;p__Bacillota_A;c__Clostridia;o__Oscillospirales;f__Ruminococcaceae;g__Faecalibacterium;s__Faecalibacterium prausnitzii_D	96.18	0.72	GCF_023347255.1	95.0	d__Bacteria;p__Bacillota_A;c__Clostridia;o__Oscillospirales;f__Ruminococcaceae;g__Faecalibacterium;s__Faecalibacterium prausnitzii_D	96.18	0.72	d__Bacteria;p__Bacillota_A;c__Clostridia;o__Oscillospirales;f__Ruminococcaceae;g__Faecalibacterium;s__	taxonomic classification defined by topology and ANI	topological placement and ANI have congruent species assignments	GCF_023347535.1, s__Faecalibacterium sp900539885, 95.0, 92.49, 0.664; GCA_902463235.1, s__Faecalibacterium sp902463235, 95.0, 91.32, 0.616; GCA_934511465.1, s__Faecalibacterium sp934511465, 95.0, 90.64, 0.644; GCA_934501115.1, s__Faecalibacterium sp934501115, 95.0, 89.08, 0.565; GCF_002549775.1, s__Faecalibacterium prausnitzii_F, 95.0, 88.93, 0.544; GCF_003324185.1, s__Faecalibacterium prausnitzii, 95.0, 87.84, 0.43; GCA_900765105.1, s__Faecalibacterium sp900765105, 95.0, 87.83, 0.473; GCA_900765705.1, s__Faecalibacterium sp900765705, 95.0, 87.83, 0.361; GCA_934513205.1, s__Faecalibacterium sp934513205, 95.0, 87.5, 0.49; GCF_023347235.1, s__Faecalibacterium prausnitzii_A, 95.0, 87.48, 0.403; GCA_934525735.1, s__Faecalibacterium sp934525735, 95.0, 87.37, 0.531; GCF_003287405.1, s__Faecalibacterium prausnitzii_J, 95.0, 87.09, 0.41; GCA_025757845.1, s__Faecalibacterium sp900539945, 95.0, 87.03, 0.459; GCA_934503275.1, s__Faecalibacterium sp934503275, 95.0, 86.72, 0.453; GCF_023347295.1, s__Faecalibacterium sp003449675, 95.0, 86.56, 0.398; GCA_902463905.1, s__Faecalibacterium sp902463905, 95.0, 86.51, 0.374; GCA_905215595.1, s__Faecalibacterium sp905215595, 95.0, 86.47, 0.355; GCA_934561555.1, s__Faecalibacterium sp934561555, 95.0, 86.42, 0.404; GCA_934561115.1, s__Faecalibacterium sp934561115, 95.0, 86.32, 0.428; GCA_900772565.1, s__Faecalibacterium sp900772565, 95.0, 86.3, 0.416; GCA_934524985.1, s__Faecalibacterium sp934524985, 95.0, 86.26, 0.428; GCA_934540955.1, s__Faecalibacterium sp934540955, 95.0, 86.24, 0.393; GCA_934525405.1, s__Faecalibacterium sp934525405, 95.0, 86.19, 0.37; GCA_934512105.1, s__Faecalibacterium sp934512105, 95.0, 86.07, 0.39; GCA_934525325.1, s__Faecalibacterium sp934525325, 95.0, 86.05, 0.396; GCA_934532365.1, s__Faecalibacterium sp934532365, 95.0, 85.97, 0.401; GCA_934539245.1, s__Faecalibacterium sp934539245, 95.0, 85.85, 0.432; GCA_934561485.1, s__Faecalibacterium sp934561485, 95.0, 85.82, 0.42; GCF_003287455.1, s__Faecalibacterium hattorii, 95.0, 85.79, 0.346; GCF_020687245.1, s__Faecalibacterium longum, 95.0, 85.67, 0.313; GCA_934525845.1, s__Faecalibacterium sp934525845, 95.0, 85.62, 0.404; GCF_010509575.1, s__Faecalibacterium duncaniae, 95.0, 85.47, 0.299; GCF_019967995.1, s__Faecalibacterium prausnitzii_E, 95.0, 85.33, 0.308; GCA_934553285.1, s__Faecalibacterium sp934553285, 95.0, 85.1, 0.388; GCF_023347275.1, s__Faecalibacterium sp900758465, 95.0, 85.08, 0.302; GCF_003287495.1, s__Faecalibacterium prausnitzii_I, 95.0, 84.61, 0.29; GCA_937915335.1, s__Faecalibacterium sp937915335, 95.0, 84.48, 0.177; GCA_014858325.1, s__Faecalibacterium sp014858325, 95.0, 84.41, 0.236; GCA_004558805.1, s__Faecalibacterium prausnitzii_M, 95.0, 84.23, 0.337; GCA_934547065.1, s__Faecalibacterium sp934547065, 95.0, 83.96, 0.283; GCA_934526125.1, s__Faecalibacterium sp934526125, 95.0, 83.57, 0.248; GCA_934514285.1, s__Faecalibacterium sp934514285, 95.0, 83.3, 0.276; GCA_934518555.1, s__Faecalibacterium sp934518555, 95.0, 83.25, 0.328; GCA_002313795.1, s__Faecalibacterium prausnitzii_L, 95.0, 83.22, 0.162; GCA_937917475.1, s__Faecalibacterium sp937917475, 95.0, 82.87, 0.162; GCA_900551435.1, s__Faecalibacterium sp900551435, 95.0, 82.78, 0.209; GCA_934533135.1, s__Faecalibacterium sp934533135, 95.0, 82.31, 0.223; GCA_934548045.1, s__Faecalibacterium sp934548045, 95.0, 80.92, 0.169	93.21	11	N/A	N/A
BIOML-A4.fna	d__Bacteria;p__Bacillota_A;c__Clostridia;o__Oscillospirales;f__Ruminococcaceae;g__Faecalibacterium;s__Faecalibacterium prausnitzii_D	GCF_023347255.1	95.0	d__Bacteria;p__Bacillota_A;c__Clostridia;o__Oscillospirales;f__Ruminococcaceae;g__Faecalibacterium;s__Faecalibacterium prausnitzii_D	96.12	0.722	GCF_023347255.1	95.0	d__Bacteria;p__Bacillota_A;c__Clostridia;o__Oscillospirales;f__Ruminococcaceae;g__Faecalibacterium;s__Faecalibacterium prausnitzii_D	96.12	0.722	d__Bacteria;p__Bacillota_A;c__Clostridia;o__Oscillospirales;f__Ruminococcaceae;g__Faecalibacterium;s__	taxonomic classification defined by topology and ANI	topological placement and ANI have congruent species assignments	GCF_023347535.1, s__Faecalibacterium sp900539885, 95.0, 92.23, 0.663; GCA_902463235.1, s__Faecalibacterium sp902463235, 95.0, 91.32, 0.616; GCA_934511465.1, s__Faecalibacterium sp934511465, 95.0, 90.64, 0.644; GCA_934501115.1, s__Faecalibacterium sp934501115, 95.0, 89.07, 0.565; GCF_002549775.1, s__Faecalibacterium prausnitzii_F, 95.0, 88.92, 0.543; GCF_003324185.1, s__Faecalibacterium prausnitzii, 95.0, 87.84, 0.431; GCA_900765105.1, s__Faecalibacterium sp900765105, 95.0, 87.83, 0.473; GCA_900765705.1, s__Faecalibacterium sp900765705, 95.0, 87.83, 0.361; GCA_934513205.1, s__Faecalibacterium sp934513205, 95.0, 87.51, 0.49; GCF_023347235.1, s__Faecalibacterium prausnitzii_A, 95.0, 87.43, 0.409; GCA_934525735.1, s__Faecalibacterium sp934525735, 95.0, 87.37, 0.531; GCA_025757845.1, s__Faecalibacterium sp900539945, 95.0, 87.13, 0.462; GCF_003287405.1, s__Faecalibacterium prausnitzii_J, 95.0, 87.07, 0.41; GCF_023347295.1, s__Faecalibacterium sp003449675, 95.0, 86.79, 0.404; GCA_934503275.1, s__Faecalibacterium sp934503275, 95.0, 86.72, 0.453; GCA_902463905.1, s__Faecalibacterium sp902463905, 95.0, 86.49, 0.373; GCA_905215595.1, s__Faecalibacterium sp905215595, 95.0, 86.47, 0.355; GCA_934561555.1, s__Faecalibacterium sp934561555, 95.0, 86.42, 0.404; GCA_934561115.1, s__Faecalibacterium sp934561115, 95.0, 86.32, 0.428; GCA_900772565.1, s__Faecalibacterium sp900772565, 95.0, 86.3, 0.416; GCA_934524985.1, s__Faecalibacterium sp934524985, 95.0, 86.26, 0.428; GCA_934540955.1, s__Faecalibacterium sp934540955, 95.0, 86.24, 0.393; GCA_934525405.1, s__Faecalibacterium sp934525405, 95.0, 86.19, 0.37; GCA_934512105.1, s__Faecalibacterium sp934512105, 95.0, 86.08, 0.39; GCA_934525325.1, s__Faecalibacterium sp934525325, 95.0, 86.05, 0.396; GCA_934532365.1, s__Faecalibacterium sp934532365, 95.0, 85.97, 0.401; GCA_934539245.1, s__Faecalibacterium sp934539245, 95.0, 85.85, 0.432; GCA_934561485.1, s__Faecalibacterium sp934561485, 95.0, 85.85, 0.42; GCF_003287455.1, s__Faecalibacterium hattorii, 95.0, 85.8, 0.346; GCF_020687245.1, s__Faecalibacterium longum, 95.0, 85.68, 0.313; GCA_934525845.1, s__Faecalibacterium sp934525845, 95.0, 85.62, 0.404; GCF_010509575.1, s__Faecalibacterium duncaniae, 95.0, 85.49, 0.299; GCF_019967995.1, s__Faecalibacterium prausnitzii_E, 95.0, 85.41, 0.312; GCF_023347275.1, s__Faecalibacterium sp900758465, 95.0, 85.17, 0.305; GCA_934553285.1, s__Faecalibacterium sp934553285, 95.0, 85.1, 0.388; GCF_003287495.1, s__Faecalibacterium prausnitzii_I, 95.0, 84.69, 0.292; GCA_937915335.1, s__Faecalibacterium sp937915335, 95.0, 84.48, 0.177; GCA_014858325.1, s__Faecalibacterium sp014858325, 95.0, 84.41, 0.236; GCA_004558805.1, s__Faecalibacterium prausnitzii_M, 95.0, 84.24, 0.338; GCA_934547065.1, s__Faecalibacterium sp934547065, 95.0, 83.95, 0.283; GCA_934526125.1, s__Faecalibacterium sp934526125, 95.0, 83.57, 0.248; GCA_934514285.1, s__Faecalibacterium sp934514285, 95.0, 83.31, 0.276; GCA_934518555.1, s__Faecalibacterium sp934518555, 95.0, 83.25, 0.328; GCA_002313795.1, s__Faecalibacterium prausnitzii_L, 95.0, 83.22, 0.162; GCA_937917475.1, s__Faecalibacterium sp937917475, 95.0, 82.87, 0.163; GCA_900551435.1, s__Faecalibacterium sp900551435, 95.0, 82.78, 0.21; GCA_934533135.1, s__Faecalibacterium sp934533135, 95.0, 82.31, 0.224; GCA_934548045.1, s__Faecalibacterium sp934548045, 95.0, 80.92, 0.169	93.21	11	N/A	N/A
BIOML-B1.fna	d__Bacteria;p__Bacillota_A;c__Clostridia;o__Oscillospirales;f__Ruminococcaceae;g__Faecalibacterium;s__Faecalibacterium prausnitzii	GCF_003324185.1	95.0	d__Bacteria;p__Bacillota_A;c__Clostridia;o__Oscillospirales;f__Ruminococcaceae;g__Faecalibacterium;s__Faecalibacterium prausnitzii	95.88	0.817	GCF_003324185.1	95.0	d__Bacteria;p__Bacillota_A;c__Clostridia;o__Oscillospirales;f__Ruminococcaceae;g__Faecalibacterium;s__Faecalibacterium prausnitzii	95.88	0.817	d__Bacteria;p__Bacillota_A;c__Clostridia;o__Oscillospirales;f__Ruminococcaceae;g__Faecalibacterium;s__	taxonomic classification defined by topology and ANI	topological placement and ANI have congruent species assignments	GCF_003287405.1, s__Faecalibacterium prausnitzii_J, 95.0, 94.58, 0.712; GCF_023347235.1, s__Faecalibacterium prausnitzii_A, 95.0, 94.56, 0.736; GCA_905215595.1, s__Faecalibacterium sp905215595, 95.0, 94.52, 0.764; GCA_934525405.1, s__Faecalibacterium sp934525405, 95.0, 94.27, 0.784; GCA_934532365.1, s__Faecalibacterium sp934532365, 95.0, 94.23, 0.813; GCA_934525325.1, s__Faecalibacterium sp934525325, 95.0, 94.21, 0.795; GCF_023347295.1, s__Faecalibacterium sp003449675, 95.0, 94.2, 0.72; GCA_934539245.1, s__Faecalibacterium sp934539245, 95.0, 94.06, 0.812; GCA_934561115.1, s__Faecalibacterium sp934561115, 95.0, 94.06, 0.807; GCA_934503275.1, s__Faecalibacterium sp934503275, 95.0, 94.06, 0.799; GCA_900772565.1, s__Faecalibacterium sp900772565, 95.0, 93.95, 0.762; GCA_934540955.1, s__Faecalibacterium sp934540955, 95.0, 93.92, 0.75; GCA_934524985.1, s__Faecalibacterium sp934524985, 95.0, 93.78, 0.778; GCA_934512105.1, s__Faecalibacterium sp934512105, 95.0, 93.77, 0.75; GCA_934561555.1, s__Faecalibacterium sp934561555, 95.0, 93.15, 0.728; GCA_900765705.1, s__Faecalibacterium sp900765705, 95.0, 91.89, 0.581; GCA_902463235.1, s__Faecalibacterium sp902463235, 95.0, 91.27, 0.538; GCA_934553285.1, s__Faecalibacterium sp934553285, 95.0, 89.04, 0.63; GCA_934513205.1, s__Faecalibacterium sp934513205, 95.0, 88.48, 0.516; GCA_900765105.1, s__Faecalibacterium sp900765105, 95.0, 86.69, 0.368; GCA_025757845.1, s__Faecalibacterium sp900539945, 95.0, 86.55, 0.398; GCA_902463905.1, s__Faecalibacterium sp902463905, 95.0, 86.43, 0.366; GCF_023347535.1, s__Faecalibacterium sp900539885, 95.0, 86.42, 0.384; GCF_023347255.1, s__Faecalibacterium prausnitzii_D, 95.0, 86.38, 0.372; GCF_002549775.1, s__Faecalibacterium prausnitzii_F, 95.0, 86.26, 0.403; GCA_934511465.1, s__Faecalibacterium sp934511465, 95.0, 85.86, 0.39; GCA_934501115.1, s__Faecalibacterium sp934501115, 95.0, 85.71, 0.358; GCA_934525845.1, s__Faecalibacterium sp934525845, 95.0, 85.53, 0.383; GCA_934525735.1, s__Faecalibacterium sp934525735, 95.0, 85.45, 0.388; GCF_010509575.1, s__Faecalibacterium duncaniae, 95.0, 85.37, 0.283; GCA_934561485.1, s__Faecalibacterium sp934561485, 95.0, 85.28, 0.38; GCF_003287455.1, s__Faecalibacterium hattorii, 95.0, 85.2, 0.336; GCF_019967995.1, s__Faecalibacterium prausnitzii_E, 95.0, 85.2, 0.321; GCA_004558805.1, s__Faecalibacterium prausnitzii_M, 95.0, 84.98, 0.37; GCF_020687245.1, s__Faecalibacterium longum, 95.0, 84.79, 0.293; GCA_934518555.1, s__Faecalibacterium sp934518555, 95.0, 84.7, 0.375; GCF_023347275.1, s__Faecalibacterium sp900758465, 95.0, 84.36, 0.288; GCA_937915335.1, s__Faecalibacterium sp937915335, 95.0, 84.14, 0.176; GCF_003287495.1, s__Faecalibacterium prausnitzii_I, 95.0, 84.08, 0.261; GCA_014858325.1, s__Faecalibacterium sp014858325, 95.0, 83.9, 0.229; GCA_934547065.1, s__Faecalibacterium sp934547065, 95.0, 83.51, 0.261; GCA_934526125.1, s__Faecalibacterium sp934526125, 95.0, 83.19, 0.256; GCA_934514285.1, s__Faecalibacterium sp934514285, 95.0, 82.63, 0.274; GCA_900551435.1, s__Faecalibacterium sp900551435, 95.0, 82.59, 0.195; GCA_937917475.1, s__Faecalibacterium sp937917475, 95.0, 82.44, 0.155; GCA_934533135.1, s__Faecalibacterium sp934533135, 95.0, 81.69, 0.2	94.02	11	N/A	N/A
BIOML-B10.fna	d__Bacteria;p__Bacillota_A;c__Clostridia;o__Oscillospirales;f__Ruminococcaceae;g__Faecalibacterium;s__Faecalibacterium prausnitzii	GCF_003324185.1	95.0	d__Bacteria;p__Bacillota_A;c__Clostridia;o__Oscillospirales;f__Ruminococcaceae;g__Faecalibacterium;s__Faecalibacterium prausnitzii	96.37	0.821	GCF_003324185.1	95.0	d__Bacteria;p__Bacillota_A;c__Clostridia;o__Oscillospirales;f__Ruminococcaceae;g__Faecalibacterium;s__Faecalibacterium prausnitzii	96.37	0.821	d__Bacteria;p__Bacillota_A;c__Clostridia;o__Oscillospirales;f__Ruminococcaceae;g__Faecalibacterium;s__	taxonomic classification defined by topology and ANI	topological placement and ANI have congruent species assignments	GCA_905215595.1, s__Faecalibacterium sp905215595, 95.0, 94.88, 0.762; GCA_934525405.1, s__Faecalibacterium sp934525405, 95.0, 94.5, 0.799; GCF_023347235.1, s__Faecalibacterium prausnitzii_A, 95.0, 94.33, 0.713; GCA_934503275.1, s__Faecalibacterium sp934503275, 95.0, 94.32, 0.803; GCA_934532365.1, s__Faecalibacterium sp934532365, 95.0, 94.32, 0.799; GCA_934525325.1, s__Faecalibacterium sp934525325, 95.0, 94.19, 0.803; GCF_003287405.1, s__Faecalibacterium prausnitzii_J, 95.0, 94.08, 0.713; GCF_023347295.1, s__Faecalibacterium sp003449675, 95.0, 94.07, 0.733; GCA_934539245.1, s__Faecalibacterium sp934539245, 95.0, 94.06, 0.811; GCA_934561115.1, s__Faecalibacterium sp934561115, 95.0, 94.06, 0.8; GCA_934540955.1, s__Faecalibacterium sp934540955, 95.0, 94.05, 0.744; GCA_900772565.1, s__Faecalibacterium sp900772565, 95.0, 93.95, 0.763; GCA_934512105.1, s__Faecalibacterium sp934512105, 95.0, 93.92, 0.752; GCA_934561555.1, s__Faecalibacterium sp934561555, 95.0, 93.9, 0.742; GCA_934524985.1, s__Faecalibacterium sp934524985, 95.0, 93.52, 0.772; GCA_900765705.1, s__Faecalibacterium sp900765705, 95.0, 92.39, 0.584; GCA_902463235.1, s__Faecalibacterium sp902463235, 95.0, 91.27, 0.528; GCA_934513205.1, s__Faecalibacterium sp934513205, 95.0, 89.62, 0.523; GCA_934553285.1, s__Faecalibacterium sp934553285, 95.0, 89.12, 0.642; GCF_002549775.1, s__Faecalibacterium prausnitzii_F, 95.0, 87.0, 0.422; GCA_900765105.1, s__Faecalibacterium sp900765105, 95.0, 86.98, 0.371; GCA_025757845.1, s__Faecalibacterium sp900539945, 95.0, 86.95, 0.435; GCF_023347535.1, s__Faecalibacterium sp900539885, 95.0, 86.86, 0.403; GCA_902463905.1, s__Faecalibacterium sp902463905, 95.0, 86.74, 0.362; GCF_023347255.1, s__Faecalibacterium prausnitzii_D, 95.0, 86.67, 0.374; GCA_934525735.1, s__Faecalibacterium sp934525735, 95.0, 85.75, 0.386; GCA_934511465.1, s__Faecalibacterium sp934511465, 95.0, 85.73, 0.388; GCA_934525845.1, s__Faecalibacterium sp934525845, 95.0, 85.69, 0.382; GCF_020687245.1, s__Faecalibacterium longum, 95.0, 85.56, 0.31; GCA_934501115.1, s__Faecalibacterium sp934501115, 95.0, 85.5, 0.358; GCA_934561485.1, s__Faecalibacterium sp934561485, 95.0, 85.31, 0.376; GCF_010509575.1, s__Faecalibacterium duncaniae, 95.0, 85.27, 0.284; GCF_003287455.1, s__Faecalibacterium hattorii, 95.0, 85.06, 0.337; GCA_004558805.1, s__Faecalibacterium prausnitzii_M, 95.0, 84.86, 0.392; GCF_019967995.1, s__Faecalibacterium prausnitzii_E, 95.0, 84.82, 0.315; GCA_934518555.1, s__Faecalibacterium sp934518555, 95.0, 84.6, 0.383; GCF_023347275.1, s__Faecalibacterium sp900758465, 95.0, 84.59, 0.301; GCF_003287495.1, s__Faecalibacterium prausnitzii_I, 95.0, 84.39, 0.279; GCA_937915335.1, s__Faecalibacterium sp937915335, 95.0, 84.34, 0.176; GCA_014858325.1, s__Faecalibacterium sp014858325, 95.0, 83.77, 0.227; GCA_934547065.1, s__Faecalibacterium sp934547065, 95.0, 83.52, 0.257; GCA_934526125.1, s__Faecalibacterium sp934526125, 95.0, 83.24, 0.248; GCA_937917475.1, s__Faecalibacterium sp937917475, 95.0, 82.53, 0.155; GCA_934514285.1, s__Faecalibacterium sp934514285, 95.0, 82.42, 0.258; GCA_900551435.1, s__Faecalibacterium sp900551435, 95.0, 82.28, 0.2; GCA_900540455.1, s__Faecalibacterium sp900540455, 95.0, 81.98, 0.154; GCA_934533135.1, s__Faecalibacterium sp934533135, 95.0, 81.86, 0.214	93.98	11	N/A	N/A
BIOML-B11.fna	d__Bacteria;p__Bacillota_A;c__Clostridia;o__Oscillospirales;f__Ruminococcaceae;g__Faecalibacterium;s__Faecalibacterium prausnitzii	GCF_003324185.1	95.0	d__Bacteria;p__Bacillota_A;c__Clostridia;o__Oscillospirales;f__Ruminococcaceae;g__Faecalibacterium;s__Faecalibacterium prausnitzii	96.12	0.82	GCF_003324185.1	95.0	d__Bacteria;p__Bacillota_A;c__Clostridia;o__Oscillospirales;f__Ruminococcaceae;g__Faecalibacterium;s__Faecalibacterium prausnitzii	96.12	0.82	d__Bacteria;p__Bacillota_A;c__Clostridia;o__Oscillospirales;f__Ruminococcaceae;g__Faecalibacterium;s__	taxonomic classification defined by topology and ANI	topological placement and ANI have congruent species assignments	GCA_905215595.1, s__Faecalibacterium sp905215595, 95.0, 94.74, 0.762; GCA_934525405.1, s__Faecalibacterium sp934525405, 95.0, 94.5, 0.798; GCF_023347235.1, s__Faecalibacterium prausnitzii_A, 95.0, 94.33, 0.722; GCA_934503275.1, s__Faecalibacterium sp934503275, 95.0, 94.32, 0.803; GCA_934532365.1, s__Faecalibacterium sp934532365, 95.0, 94.32, 0.799; GCA_934525325.1, s__Faecalibacterium sp934525325, 95.0, 94.19, 0.802; GCF_003287405.1, s__Faecalibacterium prausnitzii_J, 95.0, 94.08, 0.713; GCF_023347295.1, s__Faecalibacterium sp003449675, 95.0, 94.07, 0.733; GCA_934539245.1, s__Faecalibacterium sp934539245, 95.0, 94.06, 0.81; GCA_934561115.1, s__Faecalibacterium sp934561115, 95.0, 94.06, 0.802; GCA_934540955.1, s__Faecalibacterium sp934540955, 95.0, 94.05, 0.744; GCA_900772565.1, s__Faecalibacterium sp900772565, 95.0, 93.95, 0.763; GCA_934512105.1, s__Faecalibacterium sp934512105, 95.0, 93.92, 0.751; GCA_934561555.1, s__Faecalibacterium sp934561555, 95.0, 93.9, 0.741; GCA_934524985.1, s__Faecalibacterium sp934524985, 95.0, 93.77, 0.774; GCA_900765705.1, s__Faecalibacterium sp900765705, 95.0, 92.16, 0.585; GCA_902463235.1, s__Faecalibacterium sp902463235, 95.0, 91.27, 0.528; GCA_934513205.1, s__Faecalibacterium sp934513205, 95.0, 89.61, 0.522; GCA_934553285.1, s__Faecalibacterium sp934553285, 95.0, 89.12, 0.642; GCF_002549775.1, s__Faecalibacterium prausnitzii_F, 95.0, 87.03, 0.426; GCA_900765105.1, s__Faecalibacterium sp900765105, 95.0, 86.96, 0.37; GCA_025757845.1, s__Faecalibacterium sp900539945, 95.0, 86.81, 0.433; GCF_023347535.1, s__Faecalibacterium sp900539885, 95.0, 86.75, 0.4; GCF_023347255.1, s__Faecalibacterium prausnitzii_D, 95.0, 86.74, 0.376; GCA_902463905.1, s__Faecalibacterium sp902463905, 95.0, 86.72, 0.361; GCA_934525735.1, s__Faecalibacterium sp934525735, 95.0, 85.75, 0.386; GCA_934511465.1, s__Faecalibacterium sp934511465, 95.0, 85.71, 0.388; GCA_934525845.1, s__Faecalibacterium sp934525845, 95.0, 85.68, 0.382; GCF_010509575.1, s__Faecalibacterium duncaniae, 95.0, 85.57, 0.286; GCF_020687245.1, s__Faecalibacterium longum, 95.0, 85.5, 0.309; GCA_934501115.1, s__Faecalibacterium sp934501115, 95.0, 85.48, 0.357; GCA_934561485.1, s__Faecalibacterium sp934561485, 95.0, 85.31, 0.376; GCF_003287455.1, s__Faecalibacterium hattorii, 95.0, 85.21, 0.329; GCF_019967995.1, s__Faecalibacterium prausnitzii_E, 95.0, 84.97, 0.313; GCF_023347275.1, s__Faecalibacterium sp900758465, 95.0, 84.79, 0.294; GCA_934518555.1, s__Faecalibacterium sp934518555, 95.0, 84.59, 0.382; GCA_004558805.1, s__Faecalibacterium prausnitzii_M, 95.0, 84.59, 0.369; GCA_937915335.1, s__Faecalibacterium sp937915335, 95.0, 84.26, 0.173; GCF_003287495.1, s__Faecalibacterium prausnitzii_I, 95.0, 84.23, 0.285; GCA_014858325.1, s__Faecalibacterium sp014858325, 95.0, 83.77, 0.227; GCA_934547065.1, s__Faecalibacterium sp934547065, 95.0, 83.52, 0.257; GCA_934526125.1, s__Faecalibacterium sp934526125, 95.0, 83.24, 0.248; GCA_937917475.1, s__Faecalibacterium sp937917475, 95.0, 82.53, 0.155; GCA_934533135.1, s__Faecalibacterium sp934533135, 95.0, 82.49, 0.212; GCA_934514285.1, s__Faecalibacterium sp934514285, 95.0, 82.34, 0.256; GCA_900551435.1, s__Faecalibacterium sp900551435, 95.0, 82.28, 0.2; GCA_900540455.1, s__Faecalibacterium sp900540455, 95.0, 81.98, 0.154; GCA_934548045.1, s__Faecalibacterium sp934548045, 95.0, 80.43, 0.15	93.98	11	N/A	N/A
BIOML-B12.fna	d__Bacteria;p__Bacillota_A;c__Clostridia;o__Oscillospirales;f__Ruminococcaceae;g__Faecalibacterium;s__Faecalibacterium prausnitzii	GCF_003324185.1	95.0	d__Bacteria;p__Bacillota_A;c__Clostridia;o__Oscillospirales;f__Ruminococcaceae;g__Faecalibacterium;s__Faecalibacterium prausnitzii	96.13	0.82	GCF_003324185.1	95.0	d__Bacteria;p__Bacillota_A;c__Clostridia;o__Oscillospirales;f__Ruminococcaceae;g__Faecalibacterium;s__Faecalibacterium prausnitzii	96.13	0.82	d__Bacteria;p__Bacillota_A;c__Clostridia;o__Oscillospirales;f__Ruminococcaceae;g__Faecalibacterium;s__	taxonomic classification defined by topology and ANI	topological placement and ANI have congruent species assignments	GCA_905215595.1, s__Faecalibacterium sp905215595, 95.0, 94.74, 0.762; GCA_934525405.1, s__Faecalibacterium sp934525405, 95.0, 94.5, 0.798; GCA_934503275.1, s__Faecalibacterium sp934503275, 95.0, 94.32, 0.803; GCA_934532365.1, s__Faecalibacterium sp934532365, 95.0, 94.23, 0.799; GCF_023347235.1, s__Faecalibacterium prausnitzii_A, 95.0, 94.2, 0.722; GCA_934525325.1, s__Faecalibacterium sp934525325, 95.0, 94.08, 0.802; GCF_003287405.1, s__Faecalibacterium prausnitzii_J, 95.0, 94.08, 0.713; GCA_934539245.1, s__Faecalibacterium sp934539245, 95.0, 94.06, 0.81; GCA_934540955.1, s__Faecalibacterium sp934540955, 95.0, 94.05, 0.743; GCA_934561115.1, s__Faecalibacterium sp934561115, 95.0, 94.02, 0.801; GCA_900772565.1, s__Faecalibacterium sp900772565, 95.0, 93.95, 0.763; GCF_023347295.1, s__Faecalibacterium sp003449675, 95.0, 93.93, 0.732; GCA_934512105.1, s__Faecalibacterium sp934512105, 95.0, 93.92, 0.751; GCA_934524985.1, s__Faecalibacterium sp934524985, 95.0, 93.91, 0.77; GCA_934561555.1, s__Faecalibacterium sp934561555, 95.0, 93.9, 0.742; GCA_900765705.1, s__Faecalibacterium sp900765705, 95.0, 92.15, 0.585; GCA_902463235.1, s__Faecalibacterium sp902463235, 95.0, 91.27, 0.528; GCA_934513205.1, s__Faecalibacterium sp934513205, 95.0, 89.6, 0.522; GCA_934553285.1, s__Faecalibacterium sp934553285, 95.0, 89.12, 0.642; GCF_002549775.1, s__Faecalibacterium prausnitzii_F, 95.0, 87.03, 0.426; GCA_900765105.1, s__Faecalibacterium sp900765105, 95.0, 86.97, 0.37; GCA_025757845.1, s__Faecalibacterium sp900539945, 95.0, 86.94, 0.436; GCA_902463905.1, s__Faecalibacterium sp902463905, 95.0, 86.73, 0.361; GCF_023347255.1, s__Faecalibacterium prausnitzii_D, 95.0, 86.7, 0.374; GCF_023347535.1, s__Faecalibacterium sp900539885, 95.0, 86.66, 0.395; GCA_934525735.1, s__Faecalibacterium sp934525735, 95.0, 85.75, 0.386; GCA_934511465.1, s__Faecalibacterium sp934511465, 95.0, 85.71, 0.388; GCA_934525845.1, s__Faecalibacterium sp934525845, 95.0, 85.69, 0.382; GCF_020687245.1, s__Faecalibacterium longum, 95.0, 85.53, 0.311; GCF_010509575.1, s__Faecalibacterium duncaniae, 95.0, 85.52, 0.287; GCA_934501115.1, s__Faecalibacterium sp934501115, 95.0, 85.49, 0.357; GCA_934561485.1, s__Faecalibacterium sp934561485, 95.0, 85.31, 0.376; GCF_003287455.1, s__Faecalibacterium hattorii, 95.0, 85.13, 0.329; GCF_023347275.1, s__Faecalibacterium sp900758465, 95.0, 84.95, 0.293; GCF_019967995.1, s__Faecalibacterium prausnitzii_E, 95.0, 84.87, 0.313; GCA_934518555.1, s__Faecalibacterium sp934518555, 95.0, 84.59, 0.382; GCA_004558805.1, s__Faecalibacterium prausnitzii_M, 95.0, 84.33, 0.372; GCA_937915335.1, s__Faecalibacterium sp937915335, 95.0, 84.33, 0.173; GCF_003287495.1, s__Faecalibacterium prausnitzii_I, 95.0, 84.29, 0.282; GCA_014858325.1, s__Faecalibacterium sp014858325, 95.0, 83.77, 0.227; GCA_934547065.1, s__Faecalibacterium sp934547065, 95.0, 83.52, 0.257; GCA_934526125.1, s__Faecalibacterium sp934526125, 95.0, 83.24, 0.248; GCA_937917475.1, s__Faecalibacterium sp937917475, 95.0, 82.53, 0.155; GCA_934533135.1, s__Faecalibacterium sp934533135, 95.0, 82.49, 0.212; GCA_934514285.1, s__Faecalibacterium sp934514285, 95.0, 82.35, 0.255; GCA_900551435.1, s__Faecalibacterium sp900551435, 95.0, 82.28, 0.2; GCA_900540455.1, s__Faecalibacterium sp900540455, 95.0, 81.98, 0.154	93.98	11	N/A	N/A
BIOML-B13.fna	d__Bacteria;p__Bacillota_A;c__Clostridia;o__Oscillospirales;f__Ruminococcaceae;g__Faecalibacterium;s__Faecalibacterium prausnitzii	GCF_003324185.1	95.0	d__Bacteria;p__Bacillota_A;c__Clostridia;o__Oscillospirales;f__Ruminococcaceae;g__Faecalibacterium;s__Faecalibacterium prausnitzii	96.13	0.818	GCF_003324185.1	95.0	d__Bacteria;p__Bacillota_A;c__Clostridia;o__Oscillospirales;f__Ruminococcaceae;g__Faecalibacterium;s__Faecalibacterium prausnitzii	96.13	0.818	d__Bacteria;p__Bacillota_A;c__Clostridia;o__Oscillospirales;f__Ruminococcaceae;g__Faecalibacterium;s__	taxonomic classification defined by topology and ANI	topological placement and ANI have congruent species assignments	GCA_905215595.1, s__Faecalibacterium sp905215595, 95.0, 94.74, 0.762; GCA_934525405.1, s__Faecalibacterium sp934525405, 95.0, 94.5, 0.798; GCF_023347235.1, s__Faecalibacterium prausnitzii_A, 95.0, 94.33, 0.716; GCA_934503275.1, s__Faecalibacterium sp934503275, 95.0, 94.32, 0.804; GCA_934532365.1, s__Faecalibacterium sp934532365, 95.0, 94.23, 0.798; GCA_934524985.1, s__Faecalibacterium sp934524985, 95.0, 94.2, 0.776; GCA_934525325.1, s__Faecalibacterium sp934525325, 95.0, 94.08, 0.801; GCF_003287405.1, s__Faecalibacterium prausnitzii_J, 95.0, 94.08, 0.716; GCA_934539245.1, s__Faecalibacterium sp934539245, 95.0, 94.02, 0.811; GCA_934561115.1, s__Faecalibacterium sp934561115, 95.0, 94.02, 0.8; GCA_934540955.1, s__Faecalibacterium sp934540955, 95.0, 93.99, 0.744; GCA_900772565.1, s__Faecalibacterium sp900772565, 95.0, 93.95, 0.764; GCF_023347295.1, s__Faecalibacterium sp003449675, 95.0, 93.93, 0.735; GCA_934561555.1, s__Faecalibacterium sp934561555, 95.0, 93.9, 0.741; GCA_934512105.1, s__Faecalibacterium sp934512105, 95.0, 93.88, 0.752; GCA_900765705.1, s__Faecalibacterium sp900765705, 95.0, 92.39, 0.585; GCA_902463235.1, s__Faecalibacterium sp902463235, 95.0, 91.27, 0.528; GCA_934513205.1, s__Faecalibacterium sp934513205, 95.0, 89.61, 0.521; GCA_934553285.1, s__Faecalibacterium sp934553285, 95.0, 89.12, 0.642; GCA_025757845.1, s__Faecalibacterium sp900539945, 95.0, 87.05, 0.439; GCF_002549775.1, s__Faecalibacterium prausnitzii_F, 95.0, 87.0, 0.424; GCA_900765105.1, s__Faecalibacterium sp900765105, 95.0, 86.97, 0.37; GCF_023347255.1, s__Faecalibacterium prausnitzii_D, 95.0, 86.86, 0.374; GCF_023347535.1, s__Faecalibacterium sp900539885, 95.0, 86.85, 0.394; GCA_902463905.1, s__Faecalibacterium sp902463905, 95.0, 86.72, 0.361; GCA_934525735.1, s__Faecalibacterium sp934525735, 95.0, 85.73, 0.384; GCA_934511465.1, s__Faecalibacterium sp934511465, 95.0, 85.7, 0.387; GCA_934525845.1, s__Faecalibacterium sp934525845, 95.0, 85.69, 0.381; GCA_004558805.1, s__Faecalibacterium prausnitzii_M, 95.0, 85.66, 0.396; GCF_020687245.1, s__Faecalibacterium longum, 95.0, 85.51, 0.311; GCA_934501115.1, s__Faecalibacterium sp934501115, 95.0, 85.5, 0.357; GCF_003287455.1, s__Faecalibacterium hattorii, 95.0, 85.39, 0.336; GCF_010509575.1, s__Faecalibacterium duncaniae, 95.0, 85.37, 0.286; GCA_934561485.1, s__Faecalibacterium sp934561485, 95.0, 85.31, 0.375; GCF_019967995.1, s__Faecalibacterium prausnitzii_E, 95.0, 84.94, 0.312; GCF_023347275.1, s__Faecalibacterium sp900758465, 95.0, 84.6, 0.297; GCA_934518555.1, s__Faecalibacterium sp934518555, 95.0, 84.58, 0.381; GCF_003287495.1, s__Faecalibacterium prausnitzii_I, 95.0, 84.58, 0.285; GCA_937915335.1, s__Faecalibacterium sp937915335, 95.0, 84.36, 0.176; GCA_014858325.1, s__Faecalibacterium sp014858325, 95.0, 83.77, 0.227; GCA_934547065.1, s__Faecalibacterium sp934547065, 95.0, 83.52, 0.256; GCA_934526125.1, s__Faecalibacterium sp934526125, 95.0, 83.24, 0.247; GCA_934514285.1, s__Faecalibacterium sp934514285, 95.0, 83.04, 0.263; GCA_937917475.1, s__Faecalibacterium sp937917475, 95.0, 82.53, 0.155; GCA_934533135.1, s__Faecalibacterium sp934533135, 95.0, 82.48, 0.212; GCA_900551435.1, s__Faecalibacterium sp900551435, 95.0, 82.27, 0.2; GCA_900540455.1, s__Faecalibacterium sp900540455, 95.0, 81.96, 0.153; GCA_934548045.1, s__Faecalibacterium sp934548045, 95.0, 80.36, 0.15	93.98	11	N/A	N/A
BIOML-B14.fna	d__Bacteria;p__Bacillota_A;c__Clostridia;o__Oscillospirales;f__Ruminococcaceae;g__Faecalibacterium;s__Faecalibacterium prausnitzii	GCF_003324185.1	95.0	d__Bacteria;p__Bacillota_A;c__Clostridia;o__Oscillospirales;f__Ruminococcaceae;g__Faecalibacterium;s__Faecalibacterium prausnitzii	96.12	0.819	GCF_003324185.1	95.0	d__Bacteria;p__Bacillota_A;c__Clostridia;o__Oscillospirales;f__Ruminococcaceae;g__Faecalibacterium;s__Faecalibacterium prausnitzii	96.12	0.819	d__Bacteria;p__Bacillota_A;c__Clostridia;o__Oscillospirales;f__Ruminococcaceae;g__Faecalibacterium;s__	taxonomic classification defined by topology and ANI	topological placement and ANI have congruent species assignments	GCA_905215595.1, s__Faecalibacterium sp905215595, 95.0, 94.74, 0.762; GCF_023347235.1, s__Faecalibacterium prausnitzii_A, 95.0, 94.56, 0.715; GCA_934525405.1, s__Faecalibacterium sp934525405, 95.0, 94.5, 0.797; GCA_934503275.1, s__Faecalibacterium sp934503275, 95.0, 94.32, 0.803; GCA_934532365.1, s__Faecalibacterium sp934532365, 95.0, 94.32, 0.799; GCA_934525325.1, s__Faecalibacterium sp934525325, 95.0, 94.19, 0.802; GCF_003287405.1, s__Faecalibacterium prausnitzii_J, 95.0, 94.08, 0.717; GCA_934539245.1, s__Faecalibacterium sp934539245, 95.0, 94.06, 0.808; GCA_934561115.1, s__Faecalibacterium sp934561115, 95.0, 94.06, 0.799; GCA_934540955.1, s__Faecalibacterium sp934540955, 95.0, 94.05, 0.743; GCA_900772565.1, s__Faecalibacterium sp900772565, 95.0, 93.95, 0.763; GCF_023347295.1, s__Faecalibacterium sp003449675, 95.0, 93.93, 0.734; GCA_934512105.1, s__Faecalibacterium sp934512105, 95.0, 93.92, 0.751; GCA_934524985.1, s__Faecalibacterium sp934524985, 95.0, 93.91, 0.77; GCA_934561555.1, s__Faecalibacterium sp934561555, 95.0, 93.9, 0.741; GCA_900765705.1, s__Faecalibacterium sp900765705, 95.0, 92.38, 0.587; GCA_902463235.1, s__Faecalibacterium sp902463235, 95.0, 91.27, 0.528; GCA_934513205.1, s__Faecalibacterium sp934513205, 95.0, 89.6, 0.52; GCA_934553285.1, s__Faecalibacterium sp934553285, 95.0, 89.13, 0.643; GCA_025757845.1, s__Faecalibacterium sp900539945, 95.0, 87.07, 0.442; GCF_002549775.1, s__Faecalibacterium prausnitzii_F, 95.0, 87.0, 0.425; GCA_900765105.1, s__Faecalibacterium sp900765105, 95.0, 86.97, 0.371; GCF_023347535.1, s__Faecalibacterium sp900539885, 95.0, 86.78, 0.4; GCF_023347255.1, s__Faecalibacterium prausnitzii_D, 95.0, 86.77, 0.38; GCA_902463905.1, s__Faecalibacterium sp902463905, 95.0, 86.75, 0.362; GCA_934525735.1, s__Faecalibacterium sp934525735, 95.0, 85.75, 0.385; GCA_934511465.1, s__Faecalibacterium sp934511465, 95.0, 85.74, 0.388; GCA_934525845.1, s__Faecalibacterium sp934525845, 95.0, 85.69, 0.381; GCF_020687245.1, s__Faecalibacterium longum, 95.0, 85.56, 0.312; GCA_934501115.1, s__Faecalibacterium sp934501115, 95.0, 85.5, 0.358; GCF_010509575.1, s__Faecalibacterium duncaniae, 95.0, 85.37, 0.29; GCA_934561485.1, s__Faecalibacterium sp934561485, 95.0, 85.3, 0.375; GCF_003287455.1, s__Faecalibacterium hattorii, 95.0, 85.17, 0.338; GCF_019967995.1, s__Faecalibacterium prausnitzii_E, 95.0, 84.84, 0.313; GCF_023347275.1, s__Faecalibacterium sp900758465, 95.0, 84.75, 0.299; GCA_004558805.1, s__Faecalibacterium prausnitzii_M, 95.0, 84.64, 0.388; GCA_934518555.1, s__Faecalibacterium sp934518555, 95.0, 84.58, 0.382; GCA_937915335.1, s__Faecalibacterium sp937915335, 95.0, 84.36, 0.176; GCF_003287495.1, s__Faecalibacterium prausnitzii_I, 95.0, 84.24, 0.285; GCA_014858325.1, s__Faecalibacterium sp014858325, 95.0, 83.77, 0.227; GCA_934547065.1, s__Faecalibacterium sp934547065, 95.0, 83.52, 0.257; GCA_934526125.1, s__Faecalibacterium sp934526125, 95.0, 83.24, 0.248; GCA_937917475.1, s__Faecalibacterium sp937917475, 95.0, 82.53, 0.155; GCA_934533135.1, s__Faecalibacterium sp934533135, 95.0, 82.48, 0.212; GCA_934514285.1, s__Faecalibacterium sp934514285, 95.0, 82.45, 0.264; GCA_900551435.1, s__Faecalibacterium sp900551435, 95.0, 82.27, 0.2; GCA_900540455.1, s__Faecalibacterium sp900540455, 95.0, 81.98, 0.154	93.98	11	N/A	N/A
BIOML-B17.fna	d__Bacteria;p__Bacillota_A;c__Clostridia;o__Oscillospirales;f__Ruminococcaceae;g__Faecalibacterium;s__Faecalibacterium prausnitzii	GCF_003324185.1	95.0	d__Bacteria;p__Bacillota_A;c__Clostridia;o__Oscillospirales;f__Ruminococcaceae;g__Faecalibacterium;s__Faecalibacterium prausnitzii	96.25	0.815	GCF_003324185.1	95.0	d__Bacteria;p__Bacillota_A;c__Clostridia;o__Oscillospirales;f__Ruminococcaceae;g__Faecalibacterium;s__Faecalibacterium prausnitzii	96.25	0.815	d__Bacteria;p__Bacillota_A;c__Clostridia;o__Oscillospirales;f__Ruminococcaceae;g__Faecalibacterium;s__	taxonomic classification defined by topology and ANI	topological placement and ANI have congruent species assignments	GCA_905215595.1, s__Faecalibacterium sp905215595, 95.0, 94.63, 0.754; GCF_023347235.1, s__Faecalibacterium prausnitzii_A, 95.0, 94.6, 0.76; GCA_934525405.1, s__Faecalibacterium sp934525405, 95.0, 94.39, 0.788; GCA_934524985.1, s__Faecalibacterium sp934524985, 95.0, 94.36, 0.786; GCF_023347295.1, s__Faecalibacterium sp003449675, 95.0, 94.36, 0.723; GCA_934532365.1, s__Faecalibacterium sp934532365, 95.0, 94.23, 0.801; GCA_934525325.1, s__Faecalibacterium sp934525325, 95.0, 94.21, 0.804; GCF_003287405.1, s__Faecalibacterium prausnitzii_J, 95.0, 94.08, 0.706; GCA_934503275.1, s__Faecalibacterium sp934503275, 95.0, 94.06, 0.788; GCA_934561555.1, s__Faecalibacterium sp934561555, 95.0, 94.06, 0.735; GCA_934539245.1, s__Faecalibacterium sp934539245, 95.0, 94.02, 0.814; GCA_934561115.1, s__Faecalibacterium sp934561115, 95.0, 94.02, 0.803; GCA_934540955.1, s__Faecalibacterium sp934540955, 95.0, 93.98, 0.743; GCA_900772565.1, s__Faecalibacterium sp900772565, 95.0, 93.95, 0.756; GCA_934512105.1, s__Faecalibacterium sp934512105, 95.0, 93.88, 0.754; GCA_900765705.1, s__Faecalibacterium sp900765705, 95.0, 91.78, 0.561; GCA_902463235.1, s__Faecalibacterium sp902463235, 95.0, 91.06, 0.541; GCA_934513205.1, s__Faecalibacterium sp934513205, 95.0, 89.15, 0.509; GCA_934553285.1, s__Faecalibacterium sp934553285, 95.0, 88.98, 0.638; GCF_023347535.1, s__Faecalibacterium sp900539885, 95.0, 87.1, 0.405; GCF_002549775.1, s__Faecalibacterium prausnitzii_F, 95.0, 86.93, 0.415; GCF_023347255.1, s__Faecalibacterium prausnitzii_D, 95.0, 86.86, 0.405; GCA_902463905.1, s__Faecalibacterium sp902463905, 95.0, 86.79, 0.36; GCA_900765105.1, s__Faecalibacterium sp900765105, 95.0, 86.62, 0.379; GCA_025757845.1, s__Faecalibacterium sp900539945, 95.0, 86.58, 0.42; GCA_934511465.1, s__Faecalibacterium sp934511465, 95.0, 85.9, 0.392; GCA_934525845.1, s__Faecalibacterium sp934525845, 95.0, 85.72, 0.382; GCA_004558805.1, s__Faecalibacterium prausnitzii_M, 95.0, 85.49, 0.39; GCA_934525735.1, s__Faecalibacterium sp934525735, 95.0, 85.42, 0.381; GCF_020687245.1, s__Faecalibacterium longum, 95.0, 85.42, 0.298; GCF_010509575.1, s__Faecalibacterium duncaniae, 95.0, 85.31, 0.299; GCA_934501115.1, s__Faecalibacterium sp934501115, 95.0, 85.29, 0.351; GCA_934561485.1, s__Faecalibacterium sp934561485, 95.0, 85.23, 0.37; GCF_019967995.1, s__Faecalibacterium prausnitzii_E, 95.0, 85.08, 0.313; GCF_003287455.1, s__Faecalibacterium hattorii, 95.0, 85.06, 0.322; GCA_934518555.1, s__Faecalibacterium sp934518555, 95.0, 84.82, 0.38; GCF_023347275.1, s__Faecalibacterium sp900758465, 95.0, 84.49, 0.294; GCF_003287495.1, s__Faecalibacterium prausnitzii_I, 95.0, 84.28, 0.273; GCA_937915335.1, s__Faecalibacterium sp937915335, 95.0, 84.25, 0.172; GCA_014858325.1, s__Faecalibacterium sp014858325, 95.0, 84.24, 0.231; GCA_934547065.1, s__Faecalibacterium sp934547065, 95.0, 83.69, 0.253; GCA_934526125.1, s__Faecalibacterium sp934526125, 95.0, 83.37, 0.255; GCA_900551435.1, s__Faecalibacterium sp900551435, 95.0, 82.81, 0.2; GCA_934533135.1, s__Faecalibacterium sp934533135, 95.0, 82.76, 0.215; GCA_934514285.1, s__Faecalibacterium sp934514285, 95.0, 82.57, 0.258; GCA_900540455.1, s__Faecalibacterium sp900540455, 95.0, 81.62, 0.15; GCA_934548045.1, s__Faecalibacterium sp934548045, 95.0, 80.48, 0.15	94.02	11	N/A	N/A
BIOML-B18.fna	d__Bacteria;p__Bacillota_A;c__Clostridia;o__Oscillospirales;f__Ruminococcaceae;g__Faecalibacterium;s__Faecalibacterium prausnitzii	GCF_003324185.1	95.0	d__Bacteria;p__Bacillota_A;c__Clostridia;o__Oscillospirales;f__Ruminococcaceae;g__Faecalibacterium;s__Faecalibacterium prausnitzii	96.25	0.814	GCF_003324185.1	95.0	d__Bacteria;p__Bacillota_A;c__Clostridia;o__Oscillospirales;f__Ruminococcaceae;g__Faecalibacterium;s__Faecalibacterium prausnitzii	96.25	0.814	d__Bacteria;p__Bacillota_A;c__Clostridia;o__Oscillospirales;f__Ruminococcaceae;g__Faecalibacterium;s__	taxonomic classification defined by topology and ANI	topological placement and ANI have congruent species assignments	GCA_905215595.1, s__Faecalibacterium sp905215595, 95.0, 94.63, 0.754; GCF_023347235.1, s__Faecalibacterium prausnitzii_A, 95.0, 94.58, 0.75; GCA_934525405.1, s__Faecalibacterium sp934525405, 95.0, 94.39, 0.787; GCA_934524985.1, s__Faecalibacterium sp934524985, 95.0, 94.35, 0.787; GCA_934532365.1, s__Faecalibacterium sp934532365, 95.0, 94.23, 0.8; GCF_023347295.1, s__Faecalibacterium sp003449675, 95.0, 94.22, 0.72; GCA_934525325.1, s__Faecalibacterium sp934525325, 95.0, 94.21, 0.805; GCF_003287405.1, s__Faecalibacterium prausnitzii_J, 95.0, 94.08, 0.707; GCA_934503275.1, s__Faecalibacterium sp934503275, 95.0, 94.06, 0.79; GCA_934561555.1, s__Faecalibacterium sp934561555, 95.0, 94.06, 0.736; GCA_934539245.1, s__Faecalibacterium sp934539245, 95.0, 94.02, 0.816; GCA_934561115.1, s__Faecalibacterium sp934561115, 95.0, 94.02, 0.803; GCA_934540955.1, s__Faecalibacterium sp934540955, 95.0, 93.98, 0.743; GCA_900772565.1, s__Faecalibacterium sp900772565, 95.0, 93.95, 0.756; GCA_934512105.1, s__Faecalibacterium sp934512105, 95.0, 93.88, 0.754; GCA_900765705.1, s__Faecalibacterium sp900765705, 95.0, 91.86, 0.561; GCA_902463235.1, s__Faecalibacterium sp902463235, 95.0, 91.12, 0.543; GCA_934513205.1, s__Faecalibacterium sp934513205, 95.0, 89.21, 0.509; GCA_934553285.1, s__Faecalibacterium sp934553285, 95.0, 88.95, 0.637; GCF_002549775.1, s__Faecalibacterium prausnitzii_F, 95.0, 86.93, 0.412; GCF_023347535.1, s__Faecalibacterium sp900539885, 95.0, 86.89, 0.399; GCF_023347255.1, s__Faecalibacterium prausnitzii_D, 95.0, 86.89, 0.395; GCA_025757845.1, s__Faecalibacterium sp900539945, 95.0, 86.85, 0.428; GCA_902463905.1, s__Faecalibacterium sp902463905, 95.0, 86.85, 0.358; GCA_900765105.1, s__Faecalibacterium sp900765105, 95.0, 86.63, 0.379; GCA_934511465.1, s__Faecalibacterium sp934511465, 95.0, 85.93, 0.395; GCA_934525845.1, s__Faecalibacterium sp934525845, 95.0, 85.74, 0.382; GCA_004558805.1, s__Faecalibacterium prausnitzii_M, 95.0, 85.52, 0.393; GCA_934525735.1, s__Faecalibacterium sp934525735, 95.0, 85.43, 0.381; GCF_020687245.1, s__Faecalibacterium longum, 95.0, 85.42, 0.297; GCF_010509575.1, s__Faecalibacterium duncaniae, 95.0, 85.34, 0.301; GCA_934501115.1, s__Faecalibacterium sp934501115, 95.0, 85.33, 0.35; GCA_934561485.1, s__Faecalibacterium sp934561485, 95.0, 85.24, 0.371; GCF_019967995.1, s__Faecalibacterium prausnitzii_E, 95.0, 85.18, 0.313; GCF_003287455.1, s__Faecalibacterium hattorii, 95.0, 85.17, 0.322; GCA_934518555.1, s__Faecalibacterium sp934518555, 95.0, 84.82, 0.38; GCF_023347275.1, s__Faecalibacterium sp900758465, 95.0, 84.72, 0.293; GCF_003287495.1, s__Faecalibacterium prausnitzii_I, 95.0, 84.63, 0.276; GCA_937915335.1, s__Faecalibacterium sp937915335, 95.0, 84.28, 0.171; GCA_014858325.1, s__Faecalibacterium sp014858325, 95.0, 84.23, 0.229; GCA_934547065.1, s__Faecalibacterium sp934547065, 95.0, 83.6, 0.254; GCA_934526125.1, s__Faecalibacterium sp934526125, 95.0, 83.37, 0.258; GCA_900551435.1, s__Faecalibacterium sp900551435, 95.0, 82.86, 0.204; GCA_934533135.1, s__Faecalibacterium sp934533135, 95.0, 82.74, 0.214; GCA_934514285.1, s__Faecalibacterium sp934514285, 95.0, 82.63, 0.266; GCA_900540455.1, s__Faecalibacterium sp900540455, 95.0, 81.65, 0.151	94.02	11	N/A	N/A
BIOML-B2.fna	d__Bacteria;p__Bacillota_A;c__Clostridia;o__Oscillospirales;f__Ruminococcaceae;g__Faecalibacterium;s__Faecalibacterium prausnitzii	GCF_003324185.1	95.0	d__Bacteria;p__Bacillota_A;c__Clostridia;o__Oscillospirales;f__Ruminococcaceae;g__Faecalibacterium;s__Faecalibacterium prausnitzii	96.38	0.811	GCF_003324185.1	95.0	d__Bacteria;p__Bacillota_A;c__Clostridia;o__Oscillospirales;f__Ruminococcaceae;g__Faecalibacterium;s__Faecalibacterium prausnitzii	96.38	0.811	d__Bacteria;p__Bacillota_A;c__Clostridia;o__Oscillospirales;f__Ruminococcaceae;g__Faecalibacterium;s__	taxonomic classification defined by topology and ANI	topological placement and ANI have congruent species assignments	GCF_023347235.1, s__Faecalibacterium prausnitzii_A, 95.0, 94.67, 0.746; GCA_905215595.1, s__Faecalibacterium sp905215595, 95.0, 94.63, 0.753; GCA_934525405.1, s__Faecalibacterium sp934525405, 95.0, 94.5, 0.786; GCF_023347295.1, s__Faecalibacterium sp003449675, 95.0, 94.45, 0.718; GCF_003287405.1, s__Faecalibacterium prausnitzii_J, 95.0, 94.34, 0.697; GCA_934532365.1, s__Faecalibacterium sp934532365, 95.0, 94.23, 0.8; GCA_934525325.1, s__Faecalibacterium sp934525325, 95.0, 94.21, 0.805; GCA_934539245.1, s__Faecalibacterium sp934539245, 95.0, 94.06, 0.817; GCA_934503275.1, s__Faecalibacterium sp934503275, 95.0, 94.06, 0.791; GCA_934561555.1, s__Faecalibacterium sp934561555, 95.0, 94.06, 0.735; GCA_934540955.1, s__Faecalibacterium sp934540955, 95.0, 94.05, 0.743; GCA_934561115.1, s__Faecalibacterium sp934561115, 95.0, 94.02, 0.802; GCA_900772565.1, s__Faecalibacterium sp900772565, 95.0, 93.95, 0.756; GCA_934524985.1, s__Faecalibacterium sp934524985, 95.0, 93.93, 0.78; GCA_934512105.1, s__Faecalibacterium sp934512105, 95.0, 93.92, 0.752; GCA_900765705.1, s__Faecalibacterium sp900765705, 95.0, 91.78, 0.559; GCA_902463235.1, s__Faecalibacterium sp902463235, 95.0, 91.06, 0.542; GCA_934513205.1, s__Faecalibacterium sp934513205, 95.0, 89.16, 0.506; GCA_934553285.1, s__Faecalibacterium sp934553285, 95.0, 88.96, 0.637; GCF_023347255.1, s__Faecalibacterium prausnitzii_D, 95.0, 87.13, 0.397; GCF_023347535.1, s__Faecalibacterium sp900539885, 95.0, 86.95, 0.41; GCF_002549775.1, s__Faecalibacterium prausnitzii_F, 95.0, 86.89, 0.412; GCA_025757845.1, s__Faecalibacterium sp900539945, 95.0, 86.86, 0.422; GCA_902463905.1, s__Faecalibacterium sp902463905, 95.0, 86.85, 0.358; GCA_900765105.1, s__Faecalibacterium sp900765105, 95.0, 86.62, 0.379; GCA_934511465.1, s__Faecalibacterium sp934511465, 95.0, 85.89, 0.393; GCA_934525845.1, s__Faecalibacterium sp934525845, 95.0, 85.74, 0.379; GCA_934525735.1, s__Faecalibacterium sp934525735, 95.0, 85.43, 0.381; GCF_019967995.1, s__Faecalibacterium prausnitzii_E, 95.0, 85.36, 0.31; GCF_020687245.1, s__Faecalibacterium longum, 95.0, 85.36, 0.295; GCA_934501115.1, s__Faecalibacterium sp934501115, 95.0, 85.34, 0.351; GCF_010509575.1, s__Faecalibacterium duncaniae, 95.0, 85.28, 0.3; GCA_934561485.1, s__Faecalibacterium sp934561485, 95.0, 85.22, 0.368; GCF_003287455.1, s__Faecalibacterium hattorii, 95.0, 84.99, 0.325; GCA_934518555.1, s__Faecalibacterium sp934518555, 95.0, 84.82, 0.38; GCF_023347275.1, s__Faecalibacterium sp900758465, 95.0, 84.8, 0.288; GCA_004558805.1, s__Faecalibacterium prausnitzii_M, 95.0, 84.71, 0.391; GCF_003287495.1, s__Faecalibacterium prausnitzii_I, 95.0, 84.36, 0.272; GCA_937915335.1, s__Faecalibacterium sp937915335, 95.0, 84.28, 0.17; GCA_014858325.1, s__Faecalibacterium sp014858325, 95.0, 84.23, 0.229; GCA_934547065.1, s__Faecalibacterium sp934547065, 95.0, 83.62, 0.255; GCA_934526125.1, s__Faecalibacterium sp934526125, 95.0, 83.36, 0.256; GCA_900551435.1, s__Faecalibacterium sp900551435, 95.0, 82.85, 0.204; GCA_934514285.1, s__Faecalibacterium sp934514285, 95.0, 82.61, 0.263; GCA_934533135.1, s__Faecalibacterium sp934533135, 95.0, 82.41, 0.216; GCA_900540455.1, s__Faecalibacterium sp900540455, 95.0, 81.65, 0.151	94.02	11	N/A	N/A
BIOML-B3.fna	d__Bacteria;p__Bacillota_A;c__Clostridia;o__Oscillospirales;f__Ruminococcaceae;g__Faecalibacterium;s__Faecalibacterium prausnitzii	GCF_003324185.1	95.0	d__Bacteria;p__Bacillota_A;c__Clostridia;o__Oscillospirales;f__Ruminococcaceae;g__Faecalibacterium;s__Faecalibacterium prausnitzii	96.24	0.811	GCF_003324185.1	95.0	d__Bacteria;p__Bacillota_A;c__Clostridia;o__Oscillospirales;f__Ruminococcaceae;g__Faecalibacterium;s__Faecalibacterium prausnitzii	96.24	0.811	d__Bacteria;p__Bacillota_A;c__Clostridia;o__Oscillospirales;f__Ruminococcaceae;g__Faecalibacterium;s__	taxonomic classification defined by topology and ANI	topological placement and ANI have congruent species assignments	GCA_905215595.1, s__Faecalibacterium sp905215595, 95.0, 94.63, 0.754; GCF_023347235.1, s__Faecalibacterium prausnitzii_A, 95.0, 94.47, 0.75; GCA_934525405.1, s__Faecalibacterium sp934525405, 95.0, 94.39, 0.786; GCF_023347295.1, s__Faecalibacterium sp003449675, 95.0, 94.35, 0.719; GCF_003287405.1, s__Faecalibacterium prausnitzii_J, 95.0, 94.34, 0.701; GCA_934532365.1, s__Faecalibacterium sp934532365, 95.0, 94.23, 0.802; GCA_934525325.1, s__Faecalibacterium sp934525325, 95.0, 94.21, 0.805; GCA_934503275.1, s__Faecalibacterium sp934503275, 95.0, 94.06, 0.792; GCA_934561555.1, s__Faecalibacterium sp934561555, 95.0, 94.06, 0.737; GCA_934539245.1, s__Faecalibacterium sp934539245, 95.0, 94.02, 0.815; GCA_934561115.1, s__Faecalibacterium sp934561115, 95.0, 94.02, 0.803; GCA_934540955.1, s__Faecalibacterium sp934540955, 95.0, 93.98, 0.742; GCA_900772565.1, s__Faecalibacterium sp900772565, 95.0, 93.95, 0.756; GCA_934524985.1, s__Faecalibacterium sp934524985, 95.0, 93.93, 0.782; GCA_934512105.1, s__Faecalibacterium sp934512105, 95.0, 93.88, 0.754; GCA_900765705.1, s__Faecalibacterium sp900765705, 95.0, 91.78, 0.561; GCA_902463235.1, s__Faecalibacterium sp902463235, 95.0, 91.06, 0.541; GCA_934513205.1, s__Faecalibacterium sp934513205, 95.0, 89.22, 0.509; GCA_934553285.1, s__Faecalibacterium sp934553285, 95.0, 88.96, 0.638; GCF_023347535.1, s__Faecalibacterium sp900539885, 95.0, 86.98, 0.407; GCF_002549775.1, s__Faecalibacterium prausnitzii_F, 95.0, 86.92, 0.413; GCF_023347255.1, s__Faecalibacterium prausnitzii_D, 95.0, 86.9, 0.398; GCA_902463905.1, s__Faecalibacterium sp902463905, 95.0, 86.85, 0.358; GCA_025757845.1, s__Faecalibacterium sp900539945, 95.0, 86.78, 0.431; GCA_900765105.1, s__Faecalibacterium sp900765105, 95.0, 86.62, 0.379; GCA_934511465.1, s__Faecalibacterium sp934511465, 95.0, 85.9, 0.395; GCA_934525845.1, s__Faecalibacterium sp934525845, 95.0, 85.73, 0.381; GCA_934525735.1, s__Faecalibacterium sp934525735, 95.0, 85.43, 0.381; GCF_020687245.1, s__Faecalibacterium longum, 95.0, 85.39, 0.295; GCA_934501115.1, s__Faecalibacterium sp934501115, 95.0, 85.34, 0.352; GCF_019967995.1, s__Faecalibacterium prausnitzii_E, 95.0, 85.32, 0.309; GCF_010509575.1, s__Faecalibacterium duncaniae, 95.0, 85.25, 0.299; GCA_934561485.1, s__Faecalibacterium sp934561485, 95.0, 85.24, 0.371; GCF_003287455.1, s__Faecalibacterium hattorii, 95.0, 85.02, 0.325; GCA_934518555.1, s__Faecalibacterium sp934518555, 95.0, 84.83, 0.38; GCF_023347275.1, s__Faecalibacterium sp900758465, 95.0, 84.81, 0.298; GCA_004558805.1, s__Faecalibacterium prausnitzii_M, 95.0, 84.73, 0.385; GCA_937915335.1, s__Faecalibacterium sp937915335, 95.0, 84.27, 0.17; GCA_014858325.1, s__Faecalibacterium sp014858325, 95.0, 84.23, 0.229; GCF_003287495.1, s__Faecalibacterium prausnitzii_I, 95.0, 84.0, 0.268; GCA_934547065.1, s__Faecalibacterium sp934547065, 95.0, 83.64, 0.256; GCA_934526125.1, s__Faecalibacterium sp934526125, 95.0, 83.38, 0.258; GCA_900551435.1, s__Faecalibacterium sp900551435, 95.0, 82.86, 0.204; GCA_934533135.1, s__Faecalibacterium sp934533135, 95.0, 82.74, 0.214; GCA_934514285.1, s__Faecalibacterium sp934514285, 95.0, 82.61, 0.261; GCA_900540455.1, s__Faecalibacterium sp900540455, 95.0, 81.68, 0.152	94.02	11	N/A	N/A
BIOML-B4.fna	d__Bacteria;p__Bacillota_A;c__Clostridia;o__Oscillospirales;f__Ruminococcaceae;g__Faecalibacterium;s__Faecalibacterium prausnitzii	GCF_003324185.1	95.0	d__Bacteria;p__Bacillota_A;c__Clostridia;o__Oscillospirales;f__Ruminococcaceae;g__Faecalibacterium;s__Faecalibacterium prausnitzii	96.54	0.814	GCF_003324185.1	95.0	d__Bacteria;p__Bacillota_A;c__Clostridia;o__Oscillospirales;f__Ruminococcaceae;g__Faecalibacterium;s__Faecalibacterium prausnitzii	96.54	0.814	d__Bacteria;p__Bacillota_A;c__Clostridia;o__Oscillospirales;f__Ruminococcaceae;g__Faecalibacterium;s__	taxonomic classification defined by topology and ANI	topological placement and ANI have congruent species assignments	GCF_023347235.1, s__Faecalibacterium prausnitzii_A, 95.0, 94.67, 0.76; GCA_905215595.1, s__Faecalibacterium sp905215595, 95.0, 94.63, 0.754; GCF_003287405.1, s__Faecalibacterium prausnitzii_J, 95.0, 94.46, 0.699; GCF_023347295.1, s__Faecalibacterium sp003449675, 95.0, 94.45, 0.719; GCA_934525405.1, s__Faecalibacterium sp934525405, 95.0, 94.39, 0.788; GCA_934525325.1, s__Faecalibacterium sp934525325, 95.0, 94.32, 0.803; GCA_934532365.1, s__Faecalibacterium sp934532365, 95.0, 94.32, 0.801; GCA_934539245.1, s__Faecalibacterium sp934539245, 95.0, 94.06, 0.814; GCA_934503275.1, s__Faecalibacterium sp934503275, 95.0, 94.06, 0.788; GCA_934561555.1, s__Faecalibacterium sp934561555, 95.0, 94.06, 0.734; GCA_934540955.1, s__Faecalibacterium sp934540955, 95.0, 94.05, 0.74; GCA_900772565.1, s__Faecalibacterium sp900772565, 95.0, 93.95, 0.755; GCA_934561115.1, s__Faecalibacterium sp934561115, 95.0, 93.93, 0.803; GCA_934524985.1, s__Faecalibacterium sp934524985, 95.0, 93.93, 0.779; GCA_934512105.1, s__Faecalibacterium sp934512105, 95.0, 93.92, 0.754; GCA_900765705.1, s__Faecalibacterium sp900765705, 95.0, 91.78, 0.559; GCA_902463235.1, s__Faecalibacterium sp902463235, 95.0, 91.06, 0.542; GCA_934553285.1, s__Faecalibacterium sp934553285, 95.0, 88.98, 0.637; GCA_934513205.1, s__Faecalibacterium sp934513205, 95.0, 88.53, 0.514; GCF_023347255.1, s__Faecalibacterium prausnitzii_D, 95.0, 87.1, 0.405; GCF_023347535.1, s__Faecalibacterium sp900539885, 95.0, 86.92, 0.406; GCF_002549775.1, s__Faecalibacterium prausnitzii_F, 95.0, 86.91, 0.414; GCA_902463905.1, s__Faecalibacterium sp902463905, 95.0, 86.79, 0.36; GCA_025757845.1, s__Faecalibacterium sp900539945, 95.0, 86.77, 0.421; GCA_900765105.1, s__Faecalibacterium sp900765105, 95.0, 86.6, 0.378; GCA_934511465.1, s__Faecalibacterium sp934511465, 95.0, 85.9, 0.392; GCA_934525845.1, s__Faecalibacterium sp934525845, 95.0, 85.72, 0.382; GCF_019967995.1, s__Faecalibacterium prausnitzii_E, 95.0, 85.5, 0.308; GCA_934525735.1, s__Faecalibacterium sp934525735, 95.0, 85.42, 0.381; GCF_020687245.1, s__Faecalibacterium longum, 95.0, 85.34, 0.293; GCA_934501115.1, s__Faecalibacterium sp934501115, 95.0, 85.29, 0.352; GCF_010509575.1, s__Faecalibacterium duncaniae, 95.0, 85.21, 0.302; GCA_934561485.1, s__Faecalibacterium sp934561485, 95.0, 85.19, 0.369; GCF_003287455.1, s__Faecalibacterium hattorii, 95.0, 84.87, 0.327; GCA_934518555.1, s__Faecalibacterium sp934518555, 95.0, 84.86, 0.381; GCF_023347275.1, s__Faecalibacterium sp900758465, 95.0, 84.8, 0.294; GCA_004558805.1, s__Faecalibacterium prausnitzii_M, 95.0, 84.73, 0.382; GCA_014858325.1, s__Faecalibacterium sp014858325, 95.0, 84.24, 0.232; GCA_937915335.1, s__Faecalibacterium sp937915335, 95.0, 84.22, 0.169; GCF_003287495.1, s__Faecalibacterium prausnitzii_I, 95.0, 84.0, 0.271; GCA_934547065.1, s__Faecalibacterium sp934547065, 95.0, 83.69, 0.252; GCA_934526125.1, s__Faecalibacterium sp934526125, 95.0, 83.37, 0.256; GCA_934514285.1, s__Faecalibacterium sp934514285, 95.0, 83.04, 0.261; GCA_900551435.1, s__Faecalibacterium sp900551435, 95.0, 82.83, 0.201; GCA_934533135.1, s__Faecalibacterium sp934533135, 95.0, 82.49, 0.217; GCA_900540455.1, s__Faecalibacterium sp900540455, 95.0, 81.65, 0.15	94.02	11	N/A	N/A
BIOML-B5.fna	d__Bacteria;p__Bacillota_A;c__Clostridia;o__Oscillospirales;f__Ruminococcaceae;g__Faecalibacterium;s__Faecalibacterium prausnitzii	GCF_003324185.1	95.0	d__Bacteria;p__Bacillota_A;c__Clostridia;o__Oscillospirales;f__Ruminococcaceae;g__Faecalibacterium;s__Faecalibacterium prausnitzii	96.13	0.82	GCF_003324185.1	95.0	d__Bacteria;p__Bacillota_A;c__Clostridia;o__Oscillospirales;f__Ruminococcaceae;g__Faecalibacterium;s__Faecalibacterium prausnitzii	96.13	0.82	d__Bacteria;p__Bacillota_A;c__Clostridia;o__Oscillospirales;f__Ruminococcaceae;g__Faecalibacterium;s__	taxonomic classification defined by topology and ANI	topological placement and ANI have congruent species assignments	GCA_905215595.1, s__Faecalibacterium sp905215595, 95.0, 94.74, 0.769; GCF_023347235.1, s__Faecalibacterium prausnitzii_A, 95.0, 94.56, 0.716; GCA_934525405.1, s__Faecalibacterium sp934525405, 95.0, 94.5, 0.797; GCA_934503275.1, s__Faecalibacterium sp934503275, 95.0, 94.32, 0.802; GCA_934532365.1, s__Faecalibacterium sp934532365, 95.0, 94.23, 0.799; GCA_934525325.1, s__Faecalibacterium sp934525325, 95.0, 94.08, 0.801; GCF_023347295.1, s__Faecalibacterium sp003449675, 95.0, 94.07, 0.738; GCA_934539245.1, s__Faecalibacterium sp934539245, 95.0, 94.06, 0.81; GCA_934540955.1, s__Faecalibacterium sp934540955, 95.0, 94.05, 0.743; GCA_934561115.1, s__Faecalibacterium sp934561115, 95.0, 94.02, 0.799; GCA_900772565.1, s__Faecalibacterium sp900772565, 95.0, 93.95, 0.764; GCA_934512105.1, s__Faecalibacterium sp934512105, 95.0, 93.92, 0.751; GCA_934561555.1, s__Faecalibacterium sp934561555, 95.0, 93.91, 0.74; GCF_003287405.1, s__Faecalibacterium prausnitzii_J, 95.0, 93.78, 0.712; GCA_934524985.1, s__Faecalibacterium sp934524985, 95.0, 93.4, 0.77; GCA_900765705.1, s__Faecalibacterium sp900765705, 95.0, 92.16, 0.585; GCA_902463235.1, s__Faecalibacterium sp902463235, 95.0, 91.27, 0.528; GCA_934513205.1, s__Faecalibacterium sp934513205, 95.0, 89.6, 0.522; GCA_934553285.1, s__Faecalibacterium sp934553285, 95.0, 89.12, 0.642; GCF_002549775.1, s__Faecalibacterium prausnitzii_F, 95.0, 87.02, 0.425; GCA_900765105.1, s__Faecalibacterium sp900765105, 95.0, 86.97, 0.37; GCA_025757845.1, s__Faecalibacterium sp900539945, 95.0, 86.8, 0.434; GCA_902463905.1, s__Faecalibacterium sp902463905, 95.0, 86.74, 0.363; GCF_023347535.1, s__Faecalibacterium sp900539885, 95.0, 86.7, 0.394; GCF_023347255.1, s__Faecalibacterium prausnitzii_D, 95.0, 86.62, 0.373; GCA_934525845.1, s__Faecalibacterium sp934525845, 95.0, 85.7, 0.383; GCA_934525735.1, s__Faecalibacterium sp934525735, 95.0, 85.63, 0.384; GCA_934511465.1, s__Faecalibacterium sp934511465, 95.0, 85.62, 0.386; GCF_020687245.1, s__Faecalibacterium longum, 95.0, 85.52, 0.311; GCA_934501115.1, s__Faecalibacterium sp934501115, 95.0, 85.5, 0.358; GCF_010509575.1, s__Faecalibacterium duncaniae, 95.0, 85.47, 0.294; GCA_934561485.1, s__Faecalibacterium sp934561485, 95.0, 85.28, 0.375; GCF_003287455.1, s__Faecalibacterium hattorii, 95.0, 85.09, 0.33; GCA_004558805.1, s__Faecalibacterium prausnitzii_M, 95.0, 84.9, 0.391; GCF_023347275.1, s__Faecalibacterium sp900758465, 95.0, 84.75, 0.293; GCF_019967995.1, s__Faecalibacterium prausnitzii_E, 95.0, 84.7, 0.315; GCA_934518555.1, s__Faecalibacterium sp934518555, 95.0, 84.6, 0.383; GCA_937915335.1, s__Faecalibacterium sp937915335, 95.0, 84.41, 0.175; GCF_003287495.1, s__Faecalibacterium prausnitzii_I, 95.0, 84.0, 0.281; GCA_014858325.1, s__Faecalibacterium sp014858325, 95.0, 83.77, 0.227; GCA_934547065.1, s__Faecalibacterium sp934547065, 95.0, 83.49, 0.254; GCA_934526125.1, s__Faecalibacterium sp934526125, 95.0, 83.24, 0.248; GCA_937917475.1, s__Faecalibacterium sp937917475, 95.0, 82.5, 0.155; GCA_934533135.1, s__Faecalibacterium sp934533135, 95.0, 82.48, 0.213; GCA_900551435.1, s__Faecalibacterium sp900551435, 95.0, 82.3, 0.2; GCA_934514285.1, s__Faecalibacterium sp934514285, 95.0, 82.21, 0.258; GCA_900540455.1, s__Faecalibacterium sp900540455, 95.0, 81.98, 0.154; GCA_934548045.1, s__Faecalibacterium sp934548045, 95.0, 80.26, 0.151	93.15	11	N/A	N/A
BIOML-B6.fna	d__Bacteria;p__Bacillota_A;c__Clostridia;o__Oscillospirales;f__Ruminococcaceae;g__Faecalibacterium;s__Faecalibacterium prausnitzii	GCF_003324185.1	95.0	d__Bacteria;p__Bacillota_A;c__Clostridia;o__Oscillospirales;f__Ruminococcaceae;g__Faecalibacterium;s__Faecalibacterium prausnitzii	96.5	0.82	GCF_003324185.1	95.0	d__Bacteria;p__Bacillota_A;c__Clostridia;o__Oscillospirales;f__Ruminococcaceae;g__Faecalibacterium;s__Faecalibacterium prausnitzii	96.5	0.82	d__Bacteria;p__Bacillota_A;c__Clostridia;o__Oscillospirales;f__Ruminococcaceae;g__Faecalibacterium;s__	taxonomic classification defined by topology and ANI	topological placement and ANI have congruent species assignments	GCA_905215595.1, s__Faecalibacterium sp905215595, 95.0, 94.87, 0.77; GCA_934525405.1, s__Faecalibacterium sp934525405, 95.0, 94.5, 0.798; GCF_023347235.1, s__Faecalibacterium prausnitzii_A, 95.0, 94.45, 0.718; GCA_934503275.1, s__Faecalibacterium sp934503275, 95.0, 94.32, 0.803; GCA_934532365.1, s__Faecalibacterium sp934532365, 95.0, 94.32, 0.799; GCA_934525325.1, s__Faecalibacterium sp934525325, 95.0, 94.19, 0.801; GCF_023347295.1, s__Faecalibacterium sp003449675, 95.0, 94.07, 0.738; GCA_934539245.1, s__Faecalibacterium sp934539245, 95.0, 94.06, 0.81; GCA_934561115.1, s__Faecalibacterium sp934561115, 95.0, 94.06, 0.799; GCA_934540955.1, s__Faecalibacterium sp934540955, 95.0, 94.05, 0.743; GCA_900772565.1, s__Faecalibacterium sp900772565, 95.0, 93.95, 0.764; GCA_934512105.1, s__Faecalibacterium sp934512105, 95.0, 93.92, 0.751; GCF_003287405.1, s__Faecalibacterium prausnitzii_J, 95.0, 93.92, 0.711; GCA_934561555.1, s__Faecalibacterium sp934561555, 95.0, 93.9, 0.741; GCA_934524985.1, s__Faecalibacterium sp934524985, 95.0, 93.52, 0.77; GCA_900765705.1, s__Faecalibacterium sp900765705, 95.0, 92.16, 0.584; GCA_902463235.1, s__Faecalibacterium sp902463235, 95.0, 91.27, 0.529; GCA_934553285.1, s__Faecalibacterium sp934553285, 95.0, 89.12, 0.642; GCA_934513205.1, s__Faecalibacterium sp934513205, 95.0, 88.07, 0.522; GCA_900765105.1, s__Faecalibacterium sp900765105, 95.0, 86.97, 0.369; GCF_002549775.1, s__Faecalibacterium prausnitzii_F, 95.0, 86.94, 0.409; GCF_023347255.1, s__Faecalibacterium prausnitzii_D, 95.0, 86.79, 0.372; GCF_023347535.1, s__Faecalibacterium sp900539885, 95.0, 86.78, 0.396; GCA_902463905.1, s__Faecalibacterium sp902463905, 95.0, 86.76, 0.363; GCA_025757845.1, s__Faecalibacterium sp900539945, 95.0, 86.74, 0.436; GCA_934525845.1, s__Faecalibacterium sp934525845, 95.0, 85.7, 0.382; GCA_934511465.1, s__Faecalibacterium sp934511465, 95.0, 85.66, 0.386; GCA_934525735.1, s__Faecalibacterium sp934525735, 95.0, 85.65, 0.385; GCA_934501115.1, s__Faecalibacterium sp934501115, 95.0, 85.48, 0.358; GCF_020687245.1, s__Faecalibacterium longum, 95.0, 85.48, 0.309; GCF_010509575.1, s__Faecalibacterium duncaniae, 95.0, 85.39, 0.293; GCA_934561485.1, s__Faecalibacterium sp934561485, 95.0, 85.28, 0.375; GCF_003287455.1, s__Faecalibacterium hattorii, 95.0, 85.12, 0.327; GCF_019967995.1, s__Faecalibacterium prausnitzii_E, 95.0, 84.9, 0.312; GCA_004558805.1, s__Faecalibacterium prausnitzii_M, 95.0, 84.84, 0.394; GCF_023347275.1, s__Faecalibacterium sp900758465, 95.0, 84.74, 0.293; GCA_934518555.1, s__Faecalibacterium sp934518555, 95.0, 84.6, 0.383; GCA_937915335.1, s__Faecalibacterium sp937915335, 95.0, 84.41, 0.175; GCF_003287495.1, s__Faecalibacterium prausnitzii_I, 95.0, 84.09, 0.282; GCA_014858325.1, s__Faecalibacterium sp014858325, 95.0, 83.77, 0.227; GCA_934547065.1, s__Faecalibacterium sp934547065, 95.0, 83.49, 0.254; GCA_934526125.1, s__Faecalibacterium sp934526125, 95.0, 83.24, 0.248; GCA_937917475.1, s__Faecalibacterium sp937917475, 95.0, 82.5, 0.155; GCA_900551435.1, s__Faecalibacterium sp900551435, 95.0, 82.29, 0.2; GCA_934514285.1, s__Faecalibacterium sp934514285, 95.0, 82.21, 0.258; GCA_900540455.1, s__Faecalibacterium sp900540455, 95.0, 81.98, 0.154; GCA_934533135.1, s__Faecalibacterium sp934533135, 95.0, 81.77, 0.216; GCA_934548045.1, s__Faecalibacterium sp934548045, 95.0, 80.43, 0.152	93.15	11	N/A	N/A
BIOML-B7.fna	d__Bacteria;p__Bacillota_A;c__Clostridia;o__Oscillospirales;f__Ruminococcaceae;g__Faecalibacterium;s__Faecalibacterium prausnitzii	GCF_003324185.1	95.0	d__Bacteria;p__Bacillota_A;c__Clostridia;o__Oscillospirales;f__Ruminococcaceae;g__Faecalibacterium;s__Faecalibacterium prausnitzii	96.12	0.82	GCF_003324185.1	95.0	d__Bacteria;p__Bacillota_A;c__Clostridia;o__Oscillospirales;f__Ruminococcaceae;g__Faecalibacterium;s__Faecalibacterium prausnitzii	96.12	0.82	d__Bacteria;p__Bacillota_A;c__Clostridia;o__Oscillospirales;f__Ruminococcaceae;g__Faecalibacterium;s__	taxonomic classification defined by topology and ANI	topological placement and ANI have congruent species assignments	GCA_905215595.1, s__Faecalibacterium sp905215595, 95.0, 94.88, 0.762; GCA_934525405.1, s__Faecalibacterium sp934525405, 95.0, 94.5, 0.798; GCF_023347235.1, s__Faecalibacterium prausnitzii_A, 95.0, 94.33, 0.715; GCA_934503275.1, s__Faecalibacterium sp934503275, 95.0, 94.32, 0.802; GCA_934532365.1, s__Faecalibacterium sp934532365, 95.0, 94.32, 0.799; GCA_934525325.1, s__Faecalibacterium sp934525325, 95.0, 94.19, 0.802; GCA_934539245.1, s__Faecalibacterium sp934539245, 95.0, 94.06, 0.81; GCA_934561115.1, s__Faecalibacterium sp934561115, 95.0, 94.06, 0.8; GCA_934540955.1, s__Faecalibacterium sp934540955, 95.0, 94.05, 0.744; GCA_900772565.1, s__Faecalibacterium sp900772565, 95.0, 93.95, 0.763; GCF_023347295.1, s__Faecalibacterium sp003449675, 95.0, 93.93, 0.729; GCA_934512105.1, s__Faecalibacterium sp934512105, 95.0, 93.92, 0.752; GCF_003287405.1, s__Faecalibacterium prausnitzii_J, 95.0, 93.92, 0.716; GCA_934561555.1, s__Faecalibacterium sp934561555, 95.0, 93.9, 0.741; GCA_934524985.1, s__Faecalibacterium sp934524985, 95.0, 93.77, 0.772; GCA_900765705.1, s__Faecalibacterium sp900765705, 95.0, 92.39, 0.584; GCA_902463235.1, s__Faecalibacterium sp902463235, 95.0, 91.27, 0.528; GCA_934513205.1, s__Faecalibacterium sp934513205, 95.0, 89.61, 0.523; GCA_934553285.1, s__Faecalibacterium sp934553285, 95.0, 89.12, 0.642; GCF_002549775.1, s__Faecalibacterium prausnitzii_F, 95.0, 87.03, 0.426; GCA_900765105.1, s__Faecalibacterium sp900765105, 95.0, 86.97, 0.37; GCA_025757845.1, s__Faecalibacterium sp900539945, 95.0, 86.86, 0.438; GCF_023347535.1, s__Faecalibacterium sp900539885, 95.0, 86.83, 0.407; GCF_023347255.1, s__Faecalibacterium prausnitzii_D, 95.0, 86.74, 0.376; GCA_902463905.1, s__Faecalibacterium sp902463905, 95.0, 86.73, 0.362; GCA_934525735.1, s__Faecalibacterium sp934525735, 95.0, 85.75, 0.386; GCA_934525845.1, s__Faecalibacterium sp934525845, 95.0, 85.7, 0.382; GCA_934511465.1, s__Faecalibacterium sp934511465, 95.0, 85.68, 0.386; GCF_020687245.1, s__Faecalibacterium longum, 95.0, 85.54, 0.312; GCA_934501115.1, s__Faecalibacterium sp934501115, 95.0, 85.5, 0.358; GCA_934561485.1, s__Faecalibacterium sp934561485, 95.0, 85.31, 0.376; GCF_010509575.1, s__Faecalibacterium duncaniae, 95.0, 85.2, 0.282; GCF_003287455.1, s__Faecalibacterium hattorii, 95.0, 85.17, 0.337; GCF_019967995.1, s__Faecalibacterium prausnitzii_E, 95.0, 84.85, 0.313; GCA_004558805.1, s__Faecalibacterium prausnitzii_M, 95.0, 84.82, 0.388; GCA_934518555.1, s__Faecalibacterium sp934518555, 95.0, 84.6, 0.383; GCF_003287495.1, s__Faecalibacterium prausnitzii_I, 95.0, 84.47, 0.291; GCF_023347275.1, s__Faecalibacterium sp900758465, 95.0, 84.4, 0.3; GCA_937915335.1, s__Faecalibacterium sp937915335, 95.0, 84.37, 0.176; GCA_014858325.1, s__Faecalibacterium sp014858325, 95.0, 83.77, 0.227; GCA_934547065.1, s__Faecalibacterium sp934547065, 95.0, 83.53, 0.258; GCA_934526125.1, s__Faecalibacterium sp934526125, 95.0, 83.24, 0.248; GCA_937917475.1, s__Faecalibacterium sp937917475, 95.0, 82.53, 0.155; GCA_934533135.1, s__Faecalibacterium sp934533135, 95.0, 82.5, 0.212; GCA_934514285.1, s__Faecalibacterium sp934514285, 95.0, 82.4, 0.259; GCA_900551435.1, s__Faecalibacterium sp900551435, 95.0, 82.28, 0.2; GCA_900540455.1, s__Faecalibacterium sp900540455, 95.0, 81.98, 0.154	93.98	11	N/A	N/A
BIOML-B8.fna	d__Bacteria;p__Bacillota_A;c__Clostridia;o__Oscillospirales;f__Ruminococcaceae;g__Faecalibacterium;s__Faecalibacterium prausnitzii	GCF_003324185.1	95.0	d__Bacteria;p__Bacillota_A;c__Clostridia;o__Oscillospirales;f__Ruminococcaceae;g__Faecalibacterium;s__Faecalibacterium prausnitzii	96.12	0.82	GCF_003324185.1	95.0	d__Bacteria;p__Bacillota_A;c__Clostridia;o__Oscillospirales;f__Ruminococcaceae;g__Faecalibacterium;s__Faecalibacterium prausnitzii	96.12	0.82	d__Bacteria;p__Bacillota_A;c__Clostridia;o__Oscillospirales;f__Ruminococcaceae;g__Faecalibacterium;s__	taxonomic classification defined by topology and ANI	topological placement and ANI have congruent species assignments	GCA_905215595.1, s__Faecalibacterium sp905215595, 95.0, 94.87, 0.762; GCA_934525405.1, s__Faecalibacterium sp934525405, 95.0, 94.5, 0.798; GCF_023347235.1, s__Faecalibacterium prausnitzii_A, 95.0, 94.45, 0.715; GCA_934503275.1, s__Faecalibacterium sp934503275, 95.0, 94.32, 0.803; GCA_934532365.1, s__Faecalibacterium sp934532365, 95.0, 94.32, 0.799; GCA_934525325.1, s__Faecalibacterium sp934525325, 95.0, 94.19, 0.801; GCA_934539245.1, s__Faecalibacterium sp934539245, 95.0, 94.06, 0.81; GCA_934561115.1, s__Faecalibacterium sp934561115, 95.0, 94.06, 0.8; GCA_934540955.1, s__Faecalibacterium sp934540955, 95.0, 94.05, 0.743; GCA_900772565.1, s__Faecalibacterium sp900772565, 95.0, 93.95, 0.764; GCF_003287405.1, s__Faecalibacterium prausnitzii_J, 95.0, 93.94, 0.717; GCF_023347295.1, s__Faecalibacterium sp003449675, 95.0, 93.93, 0.73; GCA_934512105.1, s__Faecalibacterium sp934512105, 95.0, 93.92, 0.752; GCA_934561555.1, s__Faecalibacterium sp934561555, 95.0, 93.92, 0.74; GCA_934524985.1, s__Faecalibacterium sp934524985, 95.0, 93.77, 0.773; GCA_900765705.1, s__Faecalibacterium sp900765705, 95.0, 92.39, 0.585; GCA_902463235.1, s__Faecalibacterium sp902463235, 95.0, 91.27, 0.528; GCA_934513205.1, s__Faecalibacterium sp934513205, 95.0, 89.62, 0.522; GCA_934553285.1, s__Faecalibacterium sp934553285, 95.0, 89.12, 0.642; GCA_025757845.1, s__Faecalibacterium sp900539945, 95.0, 87.05, 0.446; GCF_002549775.1, s__Faecalibacterium prausnitzii_F, 95.0, 87.02, 0.425; GCA_900765105.1, s__Faecalibacterium sp900765105, 95.0, 86.97, 0.37; GCF_023347535.1, s__Faecalibacterium sp900539885, 95.0, 86.83, 0.405; GCF_023347255.1, s__Faecalibacterium prausnitzii_D, 95.0, 86.78, 0.382; GCA_902463905.1, s__Faecalibacterium sp902463905, 95.0, 86.73, 0.362; GCA_934525735.1, s__Faecalibacterium sp934525735, 95.0, 85.75, 0.386; GCA_934511465.1, s__Faecalibacterium sp934511465, 95.0, 85.7, 0.388; GCA_934525845.1, s__Faecalibacterium sp934525845, 95.0, 85.69, 0.382; GCF_020687245.1, s__Faecalibacterium longum, 95.0, 85.58, 0.313; GCA_934501115.1, s__Faecalibacterium sp934501115, 95.0, 85.5, 0.358; GCF_010509575.1, s__Faecalibacterium duncaniae, 95.0, 85.42, 0.286; GCA_934561485.1, s__Faecalibacterium sp934561485, 95.0, 85.31, 0.376; GCF_019967995.1, s__Faecalibacterium prausnitzii_E, 95.0, 85.04, 0.315; GCF_003287455.1, s__Faecalibacterium hattorii, 95.0, 84.94, 0.336; GCA_004558805.1, s__Faecalibacterium prausnitzii_M, 95.0, 84.75, 0.391; GCF_003287495.1, s__Faecalibacterium prausnitzii_I, 95.0, 84.72, 0.294; GCF_023347275.1, s__Faecalibacterium sp900758465, 95.0, 84.69, 0.301; GCA_934518555.1, s__Faecalibacterium sp934518555, 95.0, 84.6, 0.383; GCA_937915335.1, s__Faecalibacterium sp937915335, 95.0, 84.36, 0.177; GCA_014858325.1, s__Faecalibacterium sp014858325, 95.0, 83.77, 0.227; GCA_934547065.1, s__Faecalibacterium sp934547065, 95.0, 83.53, 0.258; GCA_934526125.1, s__Faecalibacterium sp934526125, 95.0, 83.24, 0.248; GCA_937917475.1, s__Faecalibacterium sp937917475, 95.0, 82.53, 0.155; GCA_934533135.1, s__Faecalibacterium sp934533135, 95.0, 82.48, 0.212; GCA_900551435.1, s__Faecalibacterium sp900551435, 95.0, 82.28, 0.2; GCA_934514285.1, s__Faecalibacterium sp934514285, 95.0, 82.21, 0.262; GCA_900540455.1, s__Faecalibacterium sp900540455, 95.0, 81.98, 0.154	93.98	11	N/A	N/A
BIOML-B9.fna	d__Bacteria;p__Bacillota_A;c__Clostridia;o__Oscillospirales;f__Ruminococcaceae;g__Faecalibacterium;s__Faecalibacterium prausnitzii	GCF_003324185.1	95.0	d__Bacteria;p__Bacillota_A;c__Clostridia;o__Oscillospirales;f__Ruminococcaceae;g__Faecalibacterium;s__Faecalibacterium prausnitzii	96.5	0.819	GCF_003324185.1	95.0	d__Bacteria;p__Bacillota_A;c__Clostridia;o__Oscillospirales;f__Ruminococcaceae;g__Faecalibacterium;s__Faecalibacterium prausnitzii	96.5	0.819	d__Bacteria;p__Bacillota_A;c__Clostridia;o__Oscillospirales;f__Ruminococcaceae;g__Faecalibacterium;s__	taxonomic classification defined by topology and ANI	topological placement and ANI have congruent species assignments	GCA_905215595.1, s__Faecalibacterium sp905215595, 95.0, 94.74, 0.762; GCA_934525405.1, s__Faecalibacterium sp934525405, 95.0, 94.5, 0.798; GCA_934503275.1, s__Faecalibacterium sp934503275, 95.0, 94.32, 0.803; GCA_934532365.1, s__Faecalibacterium sp934532365, 95.0, 94.23, 0.799; GCF_023347235.1, s__Faecalibacterium prausnitzii_A, 95.0, 94.2, 0.716; GCA_934525325.1, s__Faecalibacterium sp934525325, 95.0, 94.08, 0.802; GCA_934539245.1, s__Faecalibacterium sp934539245, 95.0, 94.06, 0.811; GCA_934540955.1, s__Faecalibacterium sp934540955, 95.0, 94.05, 0.744; GCA_934561115.1, s__Faecalibacterium sp934561115, 95.0, 94.02, 0.8; GCA_900772565.1, s__Faecalibacterium sp900772565, 95.0, 93.95, 0.764; GCF_003287405.1, s__Faecalibacterium prausnitzii_J, 95.0, 93.94, 0.712; GCF_023347295.1, s__Faecalibacterium sp003449675, 95.0, 93.93, 0.731; GCA_934512105.1, s__Faecalibacterium sp934512105, 95.0, 93.92, 0.752; GCA_934524985.1, s__Faecalibacterium sp934524985, 95.0, 93.91, 0.772; GCA_934561555.1, s__Faecalibacterium sp934561555, 95.0, 93.9, 0.742; GCA_900765705.1, s__Faecalibacterium sp900765705, 95.0, 92.36, 0.583; GCA_902463235.1, s__Faecalibacterium sp902463235, 95.0, 91.27, 0.529; GCA_934513205.1, s__Faecalibacterium sp934513205, 95.0, 89.61, 0.521; GCA_934553285.1, s__Faecalibacterium sp934553285, 95.0, 89.12, 0.642; GCF_002549775.1, s__Faecalibacterium prausnitzii_F, 95.0, 87.0, 0.423; GCA_900765105.1, s__Faecalibacterium sp900765105, 95.0, 86.96, 0.37; GCF_023347535.1, s__Faecalibacterium sp900539885, 95.0, 86.84, 0.401; GCA_025757845.1, s__Faecalibacterium sp900539945, 95.0, 86.78, 0.437; GCF_023347255.1, s__Faecalibacterium prausnitzii_D, 95.0, 86.75, 0.375; GCA_902463905.1, s__Faecalibacterium sp902463905, 95.0, 86.72, 0.361; GCA_934525735.1, s__Faecalibacterium sp934525735, 95.0, 85.75, 0.386; GCA_934525845.1, s__Faecalibacterium sp934525845, 95.0, 85.69, 0.382; GCA_934511465.1, s__Faecalibacterium sp934511465, 95.0, 85.68, 0.387; GCF_020687245.1, s__Faecalibacterium longum, 95.0, 85.6, 0.31; GCA_934501115.1, s__Faecalibacterium sp934501115, 95.0, 85.5, 0.357; GCF_010509575.1, s__Faecalibacterium duncaniae, 95.0, 85.47, 0.288; GCA_934561485.1, s__Faecalibacterium sp934561485, 95.0, 85.3, 0.375; GCF_003287455.1, s__Faecalibacterium hattorii, 95.0, 84.79, 0.333; GCF_019967995.1, s__Faecalibacterium prausnitzii_E, 95.0, 84.73, 0.312; GCA_004558805.1, s__Faecalibacterium prausnitzii_M, 95.0, 84.69, 0.393; GCA_934518555.1, s__Faecalibacterium sp934518555, 95.0, 84.6, 0.383; GCF_023347275.1, s__Faecalibacterium sp900758465, 95.0, 84.47, 0.299; GCA_937915335.1, s__Faecalibacterium sp937915335, 95.0, 84.35, 0.175; GCF_003287495.1, s__Faecalibacterium prausnitzii_I, 95.0, 84.21, 0.276; GCA_014858325.1, s__Faecalibacterium sp014858325, 95.0, 83.77, 0.227; GCA_934547065.1, s__Faecalibacterium sp934547065, 95.0, 83.52, 0.257; GCA_934526125.1, s__Faecalibacterium sp934526125, 95.0, 83.24, 0.248; GCA_937917475.1, s__Faecalibacterium sp937917475, 95.0, 82.53, 0.155; GCA_934514285.1, s__Faecalibacterium sp934514285, 95.0, 82.4, 0.26; GCA_900551435.1, s__Faecalibacterium sp900551435, 95.0, 82.28, 0.2; GCA_900540455.1, s__Faecalibacterium sp900540455, 95.0, 81.97, 0.153; GCA_934533135.1, s__Faecalibacterium sp934533135, 95.0, 81.84, 0.215	93.98	11	N/A	N/A
CLAAAH16.combined.fna	d__Bacteria;p__Bacillota_A;c__Clostridia;o__Oscillospirales;f__Ruminococcaceae;g__Faecalibacterium;s__Faecalibacterium duncaniae	GCF_010509575.1	95.0	d__Bacteria;p__Bacillota_A;c__Clostridia;o__Oscillospirales;f__Ruminococcaceae;g__Faecalibacterium;s__Faecalibacterium duncaniae	96.91	0.768	GCF_010509575.1	95.0	d__Bacteria;p__Bacillota_A;c__Clostridia;o__Oscillospirales;f__Ruminococcaceae;g__Faecalibacterium;s__Faecalibacterium duncaniae	96.91	0.768	d__Bacteria;p__Bacillota_A;c__Clostridia;o__Oscillospirales;f__Ruminococcaceae;g__Faecalibacterium;s__	taxonomic classification defined by topology and ANI	topological placement and ANI have congruent species assignments	GCA_937915335.1, s__Faecalibacterium sp937915335, 95.0, 89.37, 0.469; GCF_003287455.1, s__Faecalibacterium hattorii, 95.0, 87.32, 0.457; GCF_019967995.1, s__Faecalibacterium prausnitzii_E, 95.0, 87.07, 0.43; GCA_934526125.1, s__Faecalibacterium sp934526125, 95.0, 86.88, 0.505; GCF_003324185.1, s__Faecalibacterium prausnitzii, 95.0, 86.67, 0.345; GCA_934547065.1, s__Faecalibacterium sp934547065, 95.0, 86.4, 0.485; GCF_003287405.1, s__Faecalibacterium prausnitzii_J, 95.0, 85.85, 0.306; GCF_020687245.1, s__Faecalibacterium longum, 95.0, 85.8, 0.326; GCF_023347235.1, s__Faecalibacterium prausnitzii_A, 95.0, 85.79, 0.317; GCA_900765705.1, s__Faecalibacterium sp900765705, 95.0, 85.79, 0.256; GCF_003287495.1, s__Faecalibacterium prausnitzii_I, 95.0, 85.75, 0.346; GCF_023347295.1, s__Faecalibacterium sp003449675, 95.0, 85.62, 0.307; GCA_902463905.1, s__Faecalibacterium sp902463905, 95.0, 85.56, 0.252; GCA_025757845.1, s__Faecalibacterium sp900539945, 95.0, 85.42, 0.322; GCA_014858325.1, s__Faecalibacterium sp014858325, 95.0, 85.38, 0.325; GCF_023347535.1, s__Faecalibacterium sp900539885, 95.0, 85.37, 0.3; GCF_002549775.1, s__Faecalibacterium prausnitzii_F, 95.0, 85.26, 0.333; GCF_023347255.1, s__Faecalibacterium prausnitzii_D, 95.0, 85.01, 0.288; GCA_934503275.1, s__Faecalibacterium sp934503275, 95.0, 84.92, 0.312; GCA_900772565.1, s__Faecalibacterium sp900772565, 95.0, 84.8, 0.287; GCA_934561555.1, s__Faecalibacterium sp934561555, 95.0, 84.64, 0.27; GCA_934513205.1, s__Faecalibacterium sp934513205, 95.0, 84.63, 0.287; GCA_934525845.1, s__Faecalibacterium sp934525845, 95.0, 84.6, 0.288; GCA_900765105.1, s__Faecalibacterium sp900765105, 95.0, 84.6, 0.243; GCF_023347275.1, s__Faecalibacterium sp900758465, 95.0, 84.55, 0.299; GCA_934540955.1, s__Faecalibacterium sp934540955, 95.0, 84.54, 0.276; GCA_902463235.1, s__Faecalibacterium sp902463235, 95.0, 84.54, 0.265; GCA_934512105.1, s__Faecalibacterium sp934512105, 95.0, 84.47, 0.28; GCA_905215595.1, s__Faecalibacterium sp905215595, 95.0, 84.39, 0.239; GCA_934525405.1, s__Faecalibacterium sp934525405, 95.0, 84.22, 0.249; GCA_934511465.1, s__Faecalibacterium sp934511465, 95.0, 84.13, 0.279; GCA_934539245.1, s__Faecalibacterium sp934539245, 95.0, 84.11, 0.283; GCA_934525735.1, s__Faecalibacterium sp934525735, 95.0, 84.1, 0.284; GCA_900551435.1, s__Faecalibacterium sp900551435, 95.0, 84.06, 0.315; GCA_934532365.1, s__Faecalibacterium sp934532365, 95.0, 83.97, 0.273; GCA_934561115.1, s__Faecalibacterium sp934561115, 95.0, 83.96, 0.27; GCA_934501115.1, s__Faecalibacterium sp934501115, 95.0, 83.92, 0.242; GCA_934561485.1, s__Faecalibacterium sp934561485, 95.0, 83.89, 0.262; GCA_934524985.1, s__Faecalibacterium sp934524985, 95.0, 83.76, 0.288; GCA_937917475.1, s__Faecalibacterium sp937917475, 95.0, 83.75, 0.208; GCA_934514285.1, s__Faecalibacterium sp934514285, 95.0, 83.74, 0.288; GCA_934525325.1, s__Faecalibacterium sp934525325, 95.0, 83.67, 0.273; GCA_002313795.1, s__Faecalibacterium prausnitzii_L, 95.0, 83.65, 0.179; GCA_934553285.1, s__Faecalibacterium sp934553285, 95.0, 83.36, 0.268; GCA_004558805.1, s__Faecalibacterium prausnitzii_M, 95.0, 82.7, 0.255; GCA_934533135.1, s__Faecalibacterium sp934533135, 95.0, 82.49, 0.263; GCA_934518555.1, s__Faecalibacterium sp934518555, 95.0, 82.28, 0.235; GCA_900540455.1, s__Faecalibacterium sp900540455, 95.0, 81.31, 0.15; GCA_934548045.1, s__Faecalibacterium sp934548045, 95.0, 81.3, 0.183	93.17	11	N/A	N/A
CLAAAH175.combined.fna	d__Bacteria;p__Bacillota_A;c__Clostridia;o__Oscillospirales;f__Ruminococcaceae;g__Faecalibacterium;s__Faecalibacterium prausnitzii_A	GCF_023347235.1	95.0	d__Bacteria;p__Bacillota_A;c__Clostridia;o__Oscillospirales;f__Ruminococcaceae;g__Faecalibacterium;s__Faecalibacterium prausnitzii_A	96.6	0.8	GCF_023347235.1	95.0	d__Bacteria;p__Bacillota_A;c__Clostridia;o__Oscillospirales;f__Ruminococcaceae;g__Faecalibacterium;s__Faecalibacterium prausnitzii_A	96.6	0.8	d__Bacteria;p__Bacillota_A;c__Clostridia;o__Oscillospirales;f__Ruminococcaceae;g__Faecalibacterium;s__	taxonomic classification defined by topology and ANI	topological placement and ANI have congruent species assignments	GCF_003324185.1, s__Faecalibacterium prausnitzii, 95.0, 94.63, 0.731; GCA_934525405.1, s__Faecalibacterium sp934525405, 95.0, 94.5, 0.784; GCF_023347295.1, s__Faecalibacterium sp003449675, 95.0, 94.4, 0.738; GCA_934525325.1, s__Faecalibacterium sp934525325, 95.0, 94.34, 0.813; GCF_003287405.1, s__Faecalibacterium prausnitzii_J, 95.0, 94.34, 0.689; GCA_905215595.1, s__Faecalibacterium sp905215595, 95.0, 94.29, 0.757; GCA_934539245.1, s__Faecalibacterium sp934539245, 95.0, 94.02, 0.802; GCA_934503275.1, s__Faecalibacterium sp934503275, 95.0, 94.02, 0.761; GCA_934532365.1, s__Faecalibacterium sp934532365, 95.0, 93.98, 0.793; GCA_900772565.1, s__Faecalibacterium sp900772565, 95.0, 93.97, 0.743; GCA_934561115.1, s__Faecalibacterium sp934561115, 95.0, 93.88, 0.792; GCA_934524985.1, s__Faecalibacterium sp934524985, 95.0, 93.88, 0.778; GCA_934540955.1, s__Faecalibacterium sp934540955, 95.0, 93.88, 0.753; GCA_934512105.1, s__Faecalibacterium sp934512105, 95.0, 93.47, 0.734; GCA_934561555.1, s__Faecalibacterium sp934561555, 95.0, 93.47, 0.732; GCA_900765705.1, s__Faecalibacterium sp900765705, 95.0, 92.16, 0.542; GCA_902463235.1, s__Faecalibacterium sp902463235, 95.0, 90.75, 0.547; GCA_934553285.1, s__Faecalibacterium sp934553285, 95.0, 88.96, 0.638; GCA_934513205.1, s__Faecalibacterium sp934513205, 95.0, 88.13, 0.478; GCF_023347535.1, s__Faecalibacterium sp900539885, 95.0, 87.0, 0.413; GCA_902463905.1, s__Faecalibacterium sp902463905, 95.0, 86.62, 0.337; GCA_900765105.1, s__Faecalibacterium sp900765105, 95.0, 86.61, 0.366; GCA_025757845.1, s__Faecalibacterium sp900539945, 95.0, 86.46, 0.389; GCF_002549775.1, s__Faecalibacterium prausnitzii_F, 95.0, 86.46, 0.381; GCF_023347255.1, s__Faecalibacterium prausnitzii_D, 95.0, 86.38, 0.374; GCA_934511465.1, s__Faecalibacterium sp934511465, 95.0, 85.82, 0.372; GCA_934525735.1, s__Faecalibacterium sp934525735, 95.0, 85.64, 0.396; GCA_934501115.1, s__Faecalibacterium sp934501115, 95.0, 85.6, 0.348; GCA_934525845.1, s__Faecalibacterium sp934525845, 95.0, 85.32, 0.369; GCF_010509575.1, s__Faecalibacterium duncaniae, 95.0, 85.29, 0.279; GCA_934561485.1, s__Faecalibacterium sp934561485, 95.0, 85.19, 0.361; GCF_003287455.1, s__Faecalibacterium hattorii, 95.0, 84.81, 0.298; GCF_023347275.1, s__Faecalibacterium sp900758465, 95.0, 84.77, 0.297; GCF_020687245.1, s__Faecalibacterium longum, 95.0, 84.77, 0.291; GCA_004558805.1, s__Faecalibacterium prausnitzii_M, 95.0, 84.74, 0.38; GCF_019967995.1, s__Faecalibacterium prausnitzii_E, 95.0, 84.72, 0.277; GCA_934518555.1, s__Faecalibacterium sp934518555, 95.0, 84.55, 0.379; GCA_937915335.1, s__Faecalibacterium sp937915335, 95.0, 84.29, 0.179; GCF_003287495.1, s__Faecalibacterium prausnitzii_I, 95.0, 83.84, 0.277; GCA_014858325.1, s__Faecalibacterium sp014858325, 95.0, 83.78, 0.241; GCA_934526125.1, s__Faecalibacterium sp934526125, 95.0, 83.21, 0.242; GCA_934547065.1, s__Faecalibacterium sp934547065, 95.0, 83.08, 0.251; GCA_934514285.1, s__Faecalibacterium sp934514285, 95.0, 82.61, 0.246; GCA_900551435.1, s__Faecalibacterium sp900551435, 95.0, 82.57, 0.196; GCA_934533135.1, s__Faecalibacterium sp934533135, 95.0, 82.09, 0.203; GCA_900540455.1, s__Faecalibacterium sp900540455, 95.0, 81.8, 0.151; GCA_934548045.1, s__Faecalibacterium sp934548045, 95.0, 80.75, 0.153	94.0	11	N/A	N/A
CLAAAH222.combined.fna	d__Bacteria;p__Bacillota_A;c__Clostridia;o__Oscillospirales;f__Ruminococcaceae;g__Faecalibacterium;s__Faecalibacterium prausnitzii	GCF_003324185.1	95.0	d__Bacteria;p__Bacillota_A;c__Clostridia;o__Oscillospirales;f__Ruminococcaceae;g__Faecalibacterium;s__Faecalibacterium prausnitzii	96.16	0.803	GCF_003324185.1	95.0	d__Bacteria;p__Bacillota_A;c__Clostridia;o__Oscillospirales;f__Ruminococcaceae;g__Faecalibacterium;s__Faecalibacterium prausnitzii	96.16	0.803	d__Bacteria;p__Bacillota_A;c__Clostridia;o__Oscillospirales;f__Ruminococcaceae;g__Faecalibacterium;s__	taxonomic classification defined by topology and ANI	topological placement and ANI have congruent species assignments	GCF_023347235.1, s__Faecalibacterium prausnitzii_A, 95.0, 94.94, 0.739; GCA_905215595.1, s__Faecalibacterium sp905215595, 95.0, 94.64, 0.764; GCA_934525405.1, s__Faecalibacterium sp934525405, 95.0, 94.4, 0.806; GCF_023347295.1, s__Faecalibacterium sp003449675, 95.0, 94.38, 0.722; GCF_003287405.1, s__Faecalibacterium prausnitzii_J, 95.0, 94.37, 0.726; GCA_934532365.1, s__Faecalibacterium sp934532365, 95.0, 94.25, 0.802; GCA_934525325.1, s__Faecalibacterium sp934525325, 95.0, 94.23, 0.803; GCA_934503275.1, s__Faecalibacterium sp934503275, 95.0, 94.21, 0.786; GCA_934524985.1, s__Faecalibacterium sp934524985, 95.0, 94.12, 0.782; GCA_900772565.1, s__Faecalibacterium sp900772565, 95.0, 94.1, 0.752; GCA_934539245.1, s__Faecalibacterium sp934539245, 95.0, 94.03, 0.812; GCA_934540955.1, s__Faecalibacterium sp934540955, 95.0, 94.0, 0.748; GCA_934561555.1, s__Faecalibacterium sp934561555, 95.0, 93.94, 0.724; GCA_934561115.1, s__Faecalibacterium sp934561115, 95.0, 93.89, 0.799; GCA_934512105.1, s__Faecalibacterium sp934512105, 95.0, 93.89, 0.754; GCA_900765705.1, s__Faecalibacterium sp900765705, 95.0, 92.63, 0.56; GCA_902463235.1, s__Faecalibacterium sp902463235, 95.0, 91.34, 0.587; GCA_934513205.1, s__Faecalibacterium sp934513205, 95.0, 89.49, 0.514; GCA_934553285.1, s__Faecalibacterium sp934553285, 95.0, 89.04, 0.637; GCA_025757845.1, s__Faecalibacterium sp900539945, 95.0, 87.04, 0.432; GCA_902463905.1, s__Faecalibacterium sp902463905, 95.0, 86.98, 0.354; GCF_023347535.1, s__Faecalibacterium sp900539885, 95.0, 86.97, 0.418; GCF_002549775.1, s__Faecalibacterium prausnitzii_F, 95.0, 86.91, 0.416; GCF_023347255.1, s__Faecalibacterium prausnitzii_D, 95.0, 86.64, 0.368; GCA_900765105.1, s__Faecalibacterium sp900765105, 95.0, 86.63, 0.375; GCA_934511465.1, s__Faecalibacterium sp934511465, 95.0, 85.99, 0.394; GCA_004558805.1, s__Faecalibacterium prausnitzii_M, 95.0, 85.8, 0.406; GCA_934525845.1, s__Faecalibacterium sp934525845, 95.0, 85.77, 0.388; GCF_003287455.1, s__Faecalibacterium hattorii, 95.0, 85.64, 0.322; GCA_934525735.1, s__Faecalibacterium sp934525735, 95.0, 85.56, 0.384; GCA_934501115.1, s__Faecalibacterium sp934501115, 95.0, 85.5, 0.355; GCA_934561485.1, s__Faecalibacterium sp934561485, 95.0, 85.35, 0.373; GCF_020687245.1, s__Faecalibacterium longum, 95.0, 85.21, 0.292; GCF_019967995.1, s__Faecalibacterium prausnitzii_E, 95.0, 84.98, 0.305; GCA_934518555.1, s__Faecalibacterium sp934518555, 95.0, 84.87, 0.377; GCF_010509575.1, s__Faecalibacterium duncaniae, 95.0, 84.8, 0.28; GCF_023347275.1, s__Faecalibacterium sp900758465, 95.0, 84.56, 0.284; GCA_937915335.1, s__Faecalibacterium sp937915335, 95.0, 84.37, 0.174; GCF_003287495.1, s__Faecalibacterium prausnitzii_I, 95.0, 84.35, 0.285; GCA_014858325.1, s__Faecalibacterium sp014858325, 95.0, 83.9, 0.239; GCA_934526125.1, s__Faecalibacterium sp934526125, 95.0, 83.64, 0.263; GCA_934547065.1, s__Faecalibacterium sp934547065, 95.0, 83.51, 0.261; GCA_934514285.1, s__Faecalibacterium sp934514285, 95.0, 83.11, 0.265; GCA_937917475.1, s__Faecalibacterium sp937917475, 95.0, 82.81, 0.158; GCA_900551435.1, s__Faecalibacterium sp900551435, 95.0, 82.77, 0.196; GCA_934533135.1, s__Faecalibacterium sp934533135, 95.0, 82.6, 0.205; GCA_900540455.1, s__Faecalibacterium sp900540455, 95.0, 81.72, 0.151	93.98	11	N/A	N/A
CLAAAH223.combined.fna	d__Bacteria;p__Bacillota_A;c__Clostridia;o__Oscillospirales;f__Ruminococcaceae;g__Faecalibacterium;s__Faecalibacterium duncaniae	GCF_010509575.1	95.0	d__Bacteria;p__Bacillota_A;c__Clostridia;o__Oscillospirales;f__Ruminococcaceae;g__Faecalibacterium;s__Faecalibacterium duncaniae	97.46	0.75	GCF_010509575.1	95.0	d__Bacteria;p__Bacillota_A;c__Clostridia;o__Oscillospirales;f__Ruminococcaceae;g__Faecalibacterium;s__Faecalibacterium duncaniae	97.46	0.75	d__Bacteria;p__Bacillota_A;c__Clostridia;o__Oscillospirales;f__Ruminococcaceae;g__Faecalibacterium;s__	taxonomic classification defined by topology and ANI	topological placement and ANI have congruent species assignments	GCA_937915335.1, s__Faecalibacterium sp937915335, 95.0, 89.41, 0.477; GCF_003287455.1, s__Faecalibacterium hattorii, 95.0, 86.95, 0.433; GCF_019967995.1, s__Faecalibacterium prausnitzii_E, 95.0, 86.91, 0.414; GCA_934526125.1, s__Faecalibacterium sp934526125, 95.0, 86.81, 0.508; GCA_900765705.1, s__Faecalibacterium sp900765705, 95.0, 85.99, 0.231; GCF_003324185.1, s__Faecalibacterium prausnitzii, 95.0, 85.91, 0.311; GCF_003287405.1, s__Faecalibacterium prausnitzii_J, 95.0, 85.82, 0.301; GCA_025757845.1, s__Faecalibacterium sp900539945, 95.0, 85.64, 0.301; GCA_902463905.1, s__Faecalibacterium sp902463905, 95.0, 85.61, 0.251; GCF_023347235.1, s__Faecalibacterium prausnitzii_A, 95.0, 85.48, 0.296; GCF_020687245.1, s__Faecalibacterium longum, 95.0, 85.34, 0.305; GCF_023347295.1, s__Faecalibacterium sp003449675, 95.0, 85.3, 0.297; GCF_023347275.1, s__Faecalibacterium sp900758465, 95.0, 85.28, 0.323; GCF_003287495.1, s__Faecalibacterium prausnitzii_I, 95.0, 85.23, 0.347; GCF_002549775.1, s__Faecalibacterium prausnitzii_F, 95.0, 85.21, 0.304; GCF_023347255.1, s__Faecalibacterium prausnitzii_D, 95.0, 85.21, 0.293; GCA_934547065.1, s__Faecalibacterium sp934547065, 95.0, 85.02, 0.467; GCF_023347535.1, s__Faecalibacterium sp900539885, 95.0, 85.01, 0.286; GCA_014858325.1, s__Faecalibacterium sp014858325, 95.0, 84.98, 0.302; GCA_902463235.1, s__Faecalibacterium sp902463235, 95.0, 84.74, 0.264; GCA_934525845.1, s__Faecalibacterium sp934525845, 95.0, 84.63, 0.279; GCA_900765105.1, s__Faecalibacterium sp900765105, 95.0, 84.29, 0.233; GCA_900772565.1, s__Faecalibacterium sp900772565, 95.0, 84.28, 0.264; GCA_934503275.1, s__Faecalibacterium sp934503275, 95.0, 84.27, 0.298; GCA_905215595.1, s__Faecalibacterium sp905215595, 95.0, 84.16, 0.224; GCA_934525405.1, s__Faecalibacterium sp934525405, 95.0, 84.15, 0.23; GCA_934525735.1, s__Faecalibacterium sp934525735, 95.0, 84.08, 0.261; GCA_934540955.1, s__Faecalibacterium sp934540955, 95.0, 84.07, 0.264; GCA_934561555.1, s__Faecalibacterium sp934561555, 95.0, 84.05, 0.268; GCA_934539245.1, s__Faecalibacterium sp934539245, 95.0, 84.01, 0.275; GCA_900551435.1, s__Faecalibacterium sp900551435, 95.0, 84.0, 0.315; GCA_934525325.1, s__Faecalibacterium sp934525325, 95.0, 83.96, 0.261; GCA_002313795.1, s__Faecalibacterium prausnitzii_L, 95.0, 83.86, 0.177; GCA_934561115.1, s__Faecalibacterium sp934561115, 95.0, 83.82, 0.275; GCA_934524985.1, s__Faecalibacterium sp934524985, 95.0, 83.78, 0.286; GCA_934512105.1, s__Faecalibacterium sp934512105, 95.0, 83.77, 0.252; GCA_934513205.1, s__Faecalibacterium sp934513205, 95.0, 83.73, 0.252; GCA_934532365.1, s__Faecalibacterium sp934532365, 95.0, 83.71, 0.259; GCA_937917475.1, s__Faecalibacterium sp937917475, 95.0, 83.62, 0.189; GCA_934561485.1, s__Faecalibacterium sp934561485, 95.0, 83.58, 0.266; GCA_934514285.1, s__Faecalibacterium sp934514285, 95.0, 83.31, 0.296; GCA_934553285.1, s__Faecalibacterium sp934553285, 95.0, 83.26, 0.253; GCA_934501115.1, s__Faecalibacterium sp934501115, 95.0, 83.21, 0.233; GCA_934511465.1, s__Faecalibacterium sp934511465, 95.0, 83.2, 0.267; GCA_934533135.1, s__Faecalibacterium sp934533135, 95.0, 82.67, 0.259; GCA_004558805.1, s__Faecalibacterium prausnitzii_M, 95.0, 82.44, 0.243; GCA_934518555.1, s__Faecalibacterium sp934518555, 95.0, 82.33, 0.235; GCA_934548045.1, s__Faecalibacterium sp934548045, 95.0, 81.43, 0.189	93.98	11	N/A	N/A
CLAAAH233.combined.fna	d__Bacteria;p__Bacillota_A;c__Clostridia;o__Oscillospirales;f__Ruminococcaceae;g__Faecalibacterium;s__Faecalibacterium sp900758465	GCF_023347275.1	95.0	d__Bacteria;p__Bacillota_A;c__Clostridia;o__Oscillospirales;f__Ruminococcaceae;g__Faecalibacterium;s__Faecalibacterium sp900758465	97.62	0.862	GCF_023347275.1	95.0	d__Bacteria;p__Bacillota_A;c__Clostridia;o__Oscillospirales;f__Ruminococcaceae;g__Faecalibacterium;s__Faecalibacterium sp900758465	97.62	0.862	d__Bacteria;p__Bacillota_A;c__Clostridia;o__Oscillospirales;f__Ruminococcaceae;g__Faecalibacterium;s__	taxonomic classification defined by topology and ANI	topological placement and ANI have congruent species assignments	GCF_020687245.1, s__Faecalibacterium longum, 95.0, 91.44, 0.713; GCA_934514285.1, s__Faecalibacterium sp934514285, 95.0, 90.84, 0.669; GCA_002313795.1, s__Faecalibacterium prausnitzii_L, 95.0, 86.86, 0.38; GCF_003287455.1, s__Faecalibacterium hattorii, 95.0, 86.78, 0.377; GCF_019967995.1, s__Faecalibacterium prausnitzii_E, 95.0, 86.3, 0.388; GCA_014858325.1, s__Faecalibacterium sp014858325, 95.0, 85.52, 0.356; GCA_900765705.1, s__Faecalibacterium sp900765705, 95.0, 85.37, 0.226; GCF_003287495.1, s__Faecalibacterium prausnitzii_I, 95.0, 85.3, 0.36; GCF_003324185.1, s__Faecalibacterium prausnitzii, 95.0, 85.18, 0.311; GCF_010509575.1, s__Faecalibacterium duncaniae, 95.0, 85.14, 0.303; GCF_002549775.1, s__Faecalibacterium prausnitzii_F, 95.0, 85.05, 0.307; GCF_003287405.1, s__Faecalibacterium prausnitzii_J, 95.0, 84.95, 0.303; GCA_025757845.1, s__Faecalibacterium sp900539945, 95.0, 84.91, 0.315; GCA_902463905.1, s__Faecalibacterium sp902463905, 95.0, 84.83, 0.207; GCF_023347255.1, s__Faecalibacterium prausnitzii_D, 95.0, 84.8, 0.307; GCF_023347535.1, s__Faecalibacterium sp900539885, 95.0, 84.72, 0.291; GCF_023347235.1, s__Faecalibacterium prausnitzii_A, 95.0, 84.7, 0.289; GCF_023347295.1, s__Faecalibacterium sp003449675, 95.0, 84.49, 0.285; GCA_937915335.1, s__Faecalibacterium sp937915335, 95.0, 84.39, 0.172; GCA_900765105.1, s__Faecalibacterium sp900765105, 95.0, 84.14, 0.233; GCA_934526125.1, s__Faecalibacterium sp934526125, 95.0, 83.94, 0.311; GCA_934533135.1, s__Faecalibacterium sp934533135, 95.0, 83.81, 0.275; GCA_934525845.1, s__Faecalibacterium sp934525845, 95.0, 83.81, 0.237; GCA_902463235.1, s__Faecalibacterium sp902463235, 95.0, 83.77, 0.226; GCA_934525405.1, s__Faecalibacterium sp934525405, 95.0, 83.75, 0.203; GCA_934524985.1, s__Faecalibacterium sp934524985, 95.0, 83.61, 0.251; GCA_934503275.1, s__Faecalibacterium sp934503275, 95.0, 83.59, 0.251; GCA_937917475.1, s__Faecalibacterium sp937917475, 95.0, 83.52, 0.18; GCA_934513205.1, s__Faecalibacterium sp934513205, 95.0, 83.47, 0.262; GCA_900551435.1, s__Faecalibacterium sp900551435, 95.0, 83.42, 0.258; GCA_905215595.1, s__Faecalibacterium sp905215595, 95.0, 83.41, 0.19; GCA_900772565.1, s__Faecalibacterium sp900772565, 95.0, 83.38, 0.243; GCA_934561555.1, s__Faecalibacterium sp934561555, 95.0, 83.35, 0.242; GCA_934532365.1, s__Faecalibacterium sp934532365, 95.0, 83.23, 0.241; GCA_934511465.1, s__Faecalibacterium sp934511465, 95.0, 83.2, 0.244; GCA_934512105.1, s__Faecalibacterium sp934512105, 95.0, 83.2, 0.227; GCA_934501115.1, s__Faecalibacterium sp934501115, 95.0, 83.19, 0.226; GCA_934525735.1, s__Faecalibacterium sp934525735, 95.0, 83.15, 0.25; GCA_934540955.1, s__Faecalibacterium sp934540955, 95.0, 83.11, 0.223; GCA_934525325.1, s__Faecalibacterium sp934525325, 95.0, 82.98, 0.238; GCA_934561115.1, s__Faecalibacterium sp934561115, 95.0, 82.86, 0.252; GCA_934539245.1, s__Faecalibacterium sp934539245, 95.0, 82.71, 0.241; GCA_018883885.1, s__Faecalibacterium intestinavium, 95.0, 82.64, 0.156; GCA_934548045.1, s__Faecalibacterium sp934548045, 95.0, 82.4, 0.211; GCA_004558805.1, s__Faecalibacterium prausnitzii_M, 95.0, 82.34, 0.206; GCA_934561485.1, s__Faecalibacterium sp934561485, 95.0, 82.23, 0.189; GCA_934547065.1, s__Faecalibacterium sp934547065, 95.0, 82.19, 0.253; GCA_934553285.1, s__Faecalibacterium sp934553285, 95.0, 81.61, 0.177; GCA_934518555.1, s__Faecalibacterium sp934518555, 95.0, 80.89, 0.196	94.08	11	N/A	N/A
CLAAAH236.combined.fna	d__Bacteria;p__Bacillota_A;c__Clostridia;o__Oscillospirales;f__Ruminococcaceae;g__Faecalibacterium;s__Faecalibacterium longum	GCF_020687245.1	95.0	d__Bacteria;p__Bacillota_A;c__Clostridia;o__Oscillospirales;f__Ruminococcaceae;g__Faecalibacterium;s__Faecalibacterium longum	96.77	0.777	GCF_020687245.1	95.0	d__Bacteria;p__Bacillota_A;c__Clostridia;o__Oscillospirales;f__Ruminococcaceae;g__Faecalibacterium;s__Faecalibacterium longum	96.77	0.777	d__Bacteria;p__Bacillota_A;c__Clostridia;o__Oscillospirales;f__Ruminococcaceae;g__Faecalibacterium;s__	taxonomic classification defined by topology and ANI	topological placement and ANI have congruent species assignments	GCA_934514285.1, s__Faecalibacterium sp934514285, 95.0, 94.83, 0.812; GCF_023347275.1, s__Faecalibacterium sp900758465, 95.0, 90.84, 0.678; GCA_002313795.1, s__Faecalibacterium prausnitzii_L, 95.0, 87.0, 0.405; GCA_900765705.1, s__Faecalibacterium sp900765705, 95.0, 86.96, 0.254; GCF_019967995.1, s__Faecalibacterium prausnitzii_E, 95.0, 86.26, 0.368; GCA_025757845.1, s__Faecalibacterium sp900539945, 95.0, 85.7, 0.327; GCF_003287455.1, s__Faecalibacterium hattorii, 95.0, 85.67, 0.35; GCF_003287495.1, s__Faecalibacterium prausnitzii_I, 95.0, 85.25, 0.355; GCA_014858325.1, s__Faecalibacterium sp014858325, 95.0, 84.94, 0.33; GCF_023347535.1, s__Faecalibacterium sp900539885, 95.0, 84.86, 0.281; GCA_937915335.1, s__Faecalibacterium sp937915335, 95.0, 84.76, 0.189; GCF_023347255.1, s__Faecalibacterium prausnitzii_D, 95.0, 84.72, 0.291; GCF_003324185.1, s__Faecalibacterium prausnitzii, 95.0, 84.62, 0.274; GCA_902463905.1, s__Faecalibacterium sp902463905, 95.0, 84.56, 0.221; GCF_010509575.1, s__Faecalibacterium duncaniae, 95.0, 84.53, 0.282; GCF_023347235.1, s__Faecalibacterium prausnitzii_A, 95.0, 84.3, 0.268; GCF_002549775.1, s__Faecalibacterium prausnitzii_F, 95.0, 84.29, 0.285; GCA_900765105.1, s__Faecalibacterium sp900765105, 95.0, 84.29, 0.246; GCF_023347295.1, s__Faecalibacterium sp003449675, 95.0, 84.23, 0.266; GCF_003287405.1, s__Faecalibacterium prausnitzii_J, 95.0, 84.22, 0.252; GCA_902463235.1, s__Faecalibacterium sp902463235, 95.0, 84.17, 0.23; GCA_934525845.1, s__Faecalibacterium sp934525845, 95.0, 83.55, 0.251; GCA_934503275.1, s__Faecalibacterium sp934503275, 95.0, 83.53, 0.253; GCA_900772565.1, s__Faecalibacterium sp900772565, 95.0, 83.48, 0.225; GCA_934526125.1, s__Faecalibacterium sp934526125, 95.0, 83.42, 0.304; GCA_900551435.1, s__Faecalibacterium sp900551435, 95.0, 83.27, 0.243; GCA_934511465.1, s__Faecalibacterium sp934511465, 95.0, 83.22, 0.255; GCA_934525735.1, s__Faecalibacterium sp934525735, 95.0, 83.2, 0.269; GCA_934561555.1, s__Faecalibacterium sp934561555, 95.0, 83.14, 0.233; GCA_905215595.1, s__Faecalibacterium sp905215595, 95.0, 83.14, 0.189; GCA_934512105.1, s__Faecalibacterium sp934512105, 95.0, 83.06, 0.2; GCA_934525405.1, s__Faecalibacterium sp934525405, 95.0, 83.0, 0.193; GCA_934525325.1, s__Faecalibacterium sp934525325, 95.0, 82.97, 0.239; GCA_934533135.1, s__Faecalibacterium sp934533135, 95.0, 82.95, 0.271; GCA_934524985.1, s__Faecalibacterium sp934524985, 95.0, 82.95, 0.243; GCA_934513205.1, s__Faecalibacterium sp934513205, 95.0, 82.72, 0.236; GCA_934539245.1, s__Faecalibacterium sp934539245, 95.0, 82.67, 0.236; GCA_934532365.1, s__Faecalibacterium sp934532365, 95.0, 82.64, 0.229; GCA_937917475.1, s__Faecalibacterium sp937917475, 95.0, 82.62, 0.18; GCA_934561115.1, s__Faecalibacterium sp934561115, 95.0, 82.61, 0.236; GCA_934501115.1, s__Faecalibacterium sp934501115, 95.0, 82.51, 0.216; GCA_934540955.1, s__Faecalibacterium sp934540955, 95.0, 82.49, 0.223; GCA_934548045.1, s__Faecalibacterium sp934548045, 95.0, 82.3, 0.238; GCA_934561485.1, s__Faecalibacterium sp934561485, 95.0, 81.94, 0.192; GCA_934547065.1, s__Faecalibacterium sp934547065, 95.0, 81.76, 0.265; GCA_004558805.1, s__Faecalibacterium prausnitzii_M, 95.0, 81.75, 0.186; GCA_934553285.1, s__Faecalibacterium sp934553285, 95.0, 81.63, 0.199; GCA_934518555.1, s__Faecalibacterium sp934518555, 95.0, 80.89, 0.196	94.16	11	N/A	N/A
CLAAAH243.combined.fna	d__Bacteria;p__Bacillota_A;c__Clostridia;o__Oscillospirales;f__Ruminococcaceae;g__Faecalibacterium;s__Faecalibacterium longum	GCF_020687245.1	95.0	d__Bacteria;p__Bacillota_A;c__Clostridia;o__Oscillospirales;f__Ruminococcaceae;g__Faecalibacterium;s__Faecalibacterium longum	100.0	0.999	GCF_020687245.1	95.0	d__Bacteria;p__Bacillota_A;c__Clostridia;o__Oscillospirales;f__Ruminococcaceae;g__Faecalibacterium;s__Faecalibacterium longum	100.0	0.999	d__Bacteria;p__Bacillota_A;c__Clostridia;o__Oscillospirales;f__Ruminococcaceae;g__Faecalibacterium;s__	taxonomic classification defined by topology and ANI	topological placement and ANI have congruent species assignments	GCA_934514285.1, s__Faecalibacterium sp934514285, 95.0, 95.45, 0.795; GCF_023347275.1, s__Faecalibacterium sp900758465, 95.0, 90.93, 0.688; GCA_002313795.1, s__Faecalibacterium prausnitzii_L, 95.0, 87.14, 0.389; GCF_003287455.1, s__Faecalibacterium hattorii, 95.0, 86.64, 0.396; GCA_900765705.1, s__Faecalibacterium sp900765705, 95.0, 86.33, 0.227; GCF_019967995.1, s__Faecalibacterium prausnitzii_E, 95.0, 86.0, 0.361; GCF_003324185.1, s__Faecalibacterium prausnitzii, 95.0, 85.79, 0.307; GCF_003287495.1, s__Faecalibacterium prausnitzii_I, 95.0, 85.7, 0.382; GCF_023347235.1, s__Faecalibacterium prausnitzii_A, 95.0, 85.51, 0.316; GCF_010509575.1, s__Faecalibacterium duncaniae, 95.0, 85.2, 0.288; GCA_014858325.1, s__Faecalibacterium sp014858325, 95.0, 85.03, 0.33; GCF_002549775.1, s__Faecalibacterium prausnitzii_F, 95.0, 85.02, 0.307; GCF_023347535.1, s__Faecalibacterium sp900539885, 95.0, 84.97, 0.277; GCA_025757845.1, s__Faecalibacterium sp900539945, 95.0, 84.96, 0.291; GCF_003287405.1, s__Faecalibacterium prausnitzii_J, 95.0, 84.9, 0.278; GCF_023347255.1, s__Faecalibacterium prausnitzii_D, 95.0, 84.88, 0.281; GCF_023347295.1, s__Faecalibacterium sp003449675, 95.0, 84.77, 0.275; GCA_900765105.1, s__Faecalibacterium sp900765105, 95.0, 84.31, 0.241; GCA_937915335.1, s__Faecalibacterium sp937915335, 95.0, 84.21, 0.185; GCA_902463905.1, s__Faecalibacterium sp902463905, 95.0, 84.16, 0.212; GCA_934503275.1, s__Faecalibacterium sp934503275, 95.0, 83.91, 0.268; GCA_900772565.1, s__Faecalibacterium sp900772565, 95.0, 83.9, 0.247; GCA_934525405.1, s__Faecalibacterium sp934525405, 95.0, 83.65, 0.217; GCA_905215595.1, s__Faecalibacterium sp905215595, 95.0, 83.63, 0.196; GCA_934525845.1, s__Faecalibacterium sp934525845, 95.0, 83.61, 0.267; GCA_902463235.1, s__Faecalibacterium sp902463235, 95.0, 83.6, 0.212; GCA_900551435.1, s__Faecalibacterium sp900551435, 95.0, 83.59, 0.243; GCA_934525735.1, s__Faecalibacterium sp934525735, 95.0, 83.46, 0.264; GCA_934525325.1, s__Faecalibacterium sp934525325, 95.0, 83.46, 0.243; GCA_934561555.1, s__Faecalibacterium sp934561555, 95.0, 83.45, 0.25; GCA_934526125.1, s__Faecalibacterium sp934526125, 95.0, 83.44, 0.298; GCA_934524985.1, s__Faecalibacterium sp934524985, 95.0, 83.27, 0.256; GCA_934513205.1, s__Faecalibacterium sp934513205, 95.0, 83.2, 0.257; GCA_934533135.1, s__Faecalibacterium sp934533135, 95.0, 83.15, 0.283; GCA_934512105.1, s__Faecalibacterium sp934512105, 95.0, 83.12, 0.221; GCA_934511465.1, s__Faecalibacterium sp934511465, 95.0, 83.03, 0.245; GCA_934532365.1, s__Faecalibacterium sp934532365, 95.0, 83.01, 0.24; GCA_934561115.1, s__Faecalibacterium sp934561115, 95.0, 82.94, 0.246; GCA_934540955.1, s__Faecalibacterium sp934540955, 95.0, 82.83, 0.227; GCA_934539245.1, s__Faecalibacterium sp934539245, 95.0, 82.81, 0.247; GCA_934548045.1, s__Faecalibacterium sp934548045, 95.0, 82.69, 0.237; GCA_937917475.1, s__Faecalibacterium sp937917475, 95.0, 82.66, 0.19; GCA_934501115.1, s__Faecalibacterium sp934501115, 95.0, 82.42, 0.219; GCA_934547065.1, s__Faecalibacterium sp934547065, 95.0, 82.26, 0.281; GCA_934561485.1, s__Faecalibacterium sp934561485, 95.0, 82.09, 0.195; GCA_004558805.1, s__Faecalibacterium prausnitzii_M, 95.0, 82.04, 0.196; GCA_934553285.1, s__Faecalibacterium sp934553285, 95.0, 82.01, 0.208; GCA_934518555.1, s__Faecalibacterium sp934518555, 95.0, 80.46, 0.207	94.16	11	N/A	N/A
CLAAAH281.combined.fna	d__Bacteria;p__Bacillota_A;c__Clostridia;o__Oscillospirales;f__Ruminococcaceae;g__Faecalibacterium;s__Faecalibacterium prausnitzii_J	GCF_003287405.1	95.0	d__Bacteria;p__Bacillota_A;c__Clostridia;o__Oscillospirales;f__Ruminococcaceae;g__Faecalibacterium;s__Faecalibacterium prausnitzii_J	96.53	0.783	N/A	N/A	N/A	N/A	N/A	d__Bacteria;p__Bacillota_A;c__Clostridia;o__Oscillospirales;f__Ruminococcaceae;g__Faecalibacterium;s__	taxonomic classification defined by topology and ANI	topological placement and ANI have incongruent species assignments	GCF_003287405.1, s__Faecalibacterium prausnitzii_J, 95.0, 96.53, 0.783; GCA_934525325.1, s__Faecalibacterium sp934525325, 95.0, 94.56, 0.78; GCA_900772565.1, s__Faecalibacterium sp900772565, 95.0, 94.56, 0.759; GCF_003324185.1, s__Faecalibacterium prausnitzii, 95.0, 94.56, 0.718; GCA_934561115.1, s__Faecalibacterium sp934561115, 95.0, 94.4, 0.797; GCA_934539245.1, s__Faecalibacterium sp934539245, 95.0, 94.32, 0.836; GCA_934532365.1, s__Faecalibacterium sp934532365, 95.0, 94.24, 0.795; GCA_934525405.1, s__Faecalibacterium sp934525405, 95.0, 94.15, 0.764; GCF_023347235.1, s__Faecalibacterium prausnitzii_A, 95.0, 94.07, 0.725; GCA_934503275.1, s__Faecalibacterium sp934503275, 95.0, 94.06, 0.778; GCA_934540955.1, s__Faecalibacterium sp934540955, 95.0, 93.99, 0.734; GCF_023347295.1, s__Faecalibacterium sp003449675, 95.0, 93.93, 0.696; GCA_934524985.1, s__Faecalibacterium sp934524985, 95.0, 93.91, 0.756; GCA_934561555.1, s__Faecalibacterium sp934561555, 95.0, 93.9, 0.715; GCA_905215595.1, s__Faecalibacterium sp905215595, 95.0, 93.78, 0.72; GCA_934512105.1, s__Faecalibacterium sp934512105, 95.0, 93.51, 0.735; GCA_900765705.1, s__Faecalibacterium sp900765705, 95.0, 92.39, 0.544; GCA_902463235.1, s__Faecalibacterium sp902463235, 95.0, 90.66, 0.529; GCA_934513205.1, s__Faecalibacterium sp934513205, 95.0, 89.38, 0.512; GCA_934553285.1, s__Faecalibacterium sp934553285, 95.0, 89.21, 0.646; GCA_902463905.1, s__Faecalibacterium sp902463905, 95.0, 86.84, 0.351; GCF_023347535.1, s__Faecalibacterium sp900539885, 95.0, 86.8, 0.4; GCF_002549775.1, s__Faecalibacterium prausnitzii_F, 95.0, 86.7, 0.409; GCA_900765105.1, s__Faecalibacterium sp900765105, 95.0, 86.61, 0.377; GCA_025757845.1, s__Faecalibacterium sp900539945, 95.0, 86.38, 0.399; GCA_934511465.1, s__Faecalibacterium sp934511465, 95.0, 86.3, 0.395; GCF_023347255.1, s__Faecalibacterium prausnitzii_D, 95.0, 86.1, 0.38; GCA_934525735.1, s__Faecalibacterium sp934525735, 95.0, 85.93, 0.407; GCA_934501115.1, s__Faecalibacterium sp934501115, 95.0, 85.69, 0.354; GCA_934561485.1, s__Faecalibacterium sp934561485, 95.0, 85.64, 0.379; GCA_934525845.1, s__Faecalibacterium sp934525845, 95.0, 85.29, 0.376; GCF_003287455.1, s__Faecalibacterium hattorii, 95.0, 85.0, 0.319; GCA_934518555.1, s__Faecalibacterium sp934518555, 95.0, 84.86, 0.391; GCF_010509575.1, s__Faecalibacterium duncaniae, 95.0, 84.8, 0.286; GCA_004558805.1, s__Faecalibacterium prausnitzii_M, 95.0, 84.57, 0.378; GCF_020687245.1, s__Faecalibacterium longum, 95.0, 84.53, 0.275; GCF_019967995.1, s__Faecalibacterium prausnitzii_E, 95.0, 84.44, 0.296; GCA_937915335.1, s__Faecalibacterium sp937915335, 95.0, 84.08, 0.176; GCF_003287495.1, s__Faecalibacterium prausnitzii_I, 95.0, 83.9, 0.263; GCA_014858325.1, s__Faecalibacterium sp014858325, 95.0, 83.89, 0.236; GCF_023347275.1, s__Faecalibacterium sp900758465, 95.0, 83.82, 0.281; GCA_934547065.1, s__Faecalibacterium sp934547065, 95.0, 83.61, 0.267; GCA_934526125.1, s__Faecalibacterium sp934526125, 95.0, 82.99, 0.26; GCA_934514285.1, s__Faecalibacterium sp934514285, 95.0, 82.68, 0.261; GCA_900551435.1, s__Faecalibacterium sp900551435, 95.0, 82.4, 0.195; GCA_934533135.1, s__Faecalibacterium sp934533135, 95.0, 82.19, 0.214	94.0	11	N/A	N/A
CLAAAH283.combined.fna	d__Bacteria;p__Bacillota_A;c__Clostridia;o__Oscillospirales;f__Ruminococcaceae;g__Faecalibacterium;s__Faecalibacterium duncaniae	GCF_010509575.1	95.0	d__Bacteria;p__Bacillota_A;c__Clostridia;o__Oscillospirales;f__Ruminococcaceae;g__Faecalibacterium;s__Faecalibacterium duncaniae	97.14	0.788	GCF_010509575.1	95.0	d__Bacteria;p__Bacillota_A;c__Clostridia;o__Oscillospirales;f__Ruminococcaceae;g__Faecalibacterium;s__Faecalibacterium duncaniae	97.14	0.788	d__Bacteria;p__Bacillota_A;c__Clostridia;o__Oscillospirales;f__Ruminococcaceae;g__Faecalibacterium;s__	taxonomic classification defined by topology and ANI	topological placement and ANI have congruent species assignments	GCA_937915335.1, s__Faecalibacterium sp937915335, 95.0, 89.3, 0.477; GCF_003287455.1, s__Faecalibacterium hattorii, 95.0, 87.29, 0.451; GCF_019967995.1, s__Faecalibacterium prausnitzii_E, 95.0, 86.83, 0.435; GCA_934526125.1, s__Faecalibacterium sp934526125, 95.0, 86.65, 0.486; GCF_003324185.1, s__Faecalibacterium prausnitzii, 95.0, 86.09, 0.331; GCA_900765705.1, s__Faecalibacterium sp900765705, 95.0, 85.8, 0.242; GCF_023347235.1, s__Faecalibacterium prausnitzii_A, 95.0, 85.71, 0.337; GCF_003287405.1, s__Faecalibacterium prausnitzii_J, 95.0, 85.55, 0.299; GCA_902463905.1, s__Faecalibacterium sp902463905, 95.0, 85.5, 0.241; GCF_002549775.1, s__Faecalibacterium prausnitzii_F, 95.0, 85.41, 0.309; GCF_003287495.1, s__Faecalibacterium prausnitzii_I, 95.0, 85.37, 0.338; GCA_025757845.1, s__Faecalibacterium sp900539945, 95.0, 85.24, 0.298; GCF_023347255.1, s__Faecalibacterium prausnitzii_D, 95.0, 85.22, 0.304; GCF_023347295.1, s__Faecalibacterium sp003449675, 95.0, 85.2, 0.3; GCF_023347535.1, s__Faecalibacterium sp900539885, 95.0, 85.19, 0.272; GCA_014858325.1, s__Faecalibacterium sp014858325, 95.0, 85.13, 0.312; GCA_934547065.1, s__Faecalibacterium sp934547065, 95.0, 85.11, 0.467; GCF_020687245.1, s__Faecalibacterium longum, 95.0, 84.94, 0.309; GCF_023347275.1, s__Faecalibacterium sp900758465, 95.0, 84.77, 0.289; GCA_900765105.1, s__Faecalibacterium sp900765105, 95.0, 84.71, 0.23; GCA_902463235.1, s__Faecalibacterium sp902463235, 95.0, 84.33, 0.253; GCA_934503275.1, s__Faecalibacterium sp934503275, 95.0, 84.31, 0.301; GCA_905215595.1, s__Faecalibacterium sp905215595, 95.0, 84.29, 0.208; GCA_934561555.1, s__Faecalibacterium sp934561555, 95.0, 84.26, 0.267; GCA_934525845.1, s__Faecalibacterium sp934525845, 95.0, 84.24, 0.275; GCA_900772565.1, s__Faecalibacterium sp900772565, 95.0, 84.23, 0.261; GCA_934540955.1, s__Faecalibacterium sp934540955, 95.0, 84.21, 0.258; GCA_934512105.1, s__Faecalibacterium sp934512105, 95.0, 84.17, 0.258; GCA_934525405.1, s__Faecalibacterium sp934525405, 95.0, 84.16, 0.239; GCA_900551435.1, s__Faecalibacterium sp900551435, 95.0, 84.15, 0.294; GCA_934524985.1, s__Faecalibacterium sp934524985, 95.0, 84.02, 0.283; GCA_934561115.1, s__Faecalibacterium sp934561115, 95.0, 83.98, 0.274; GCA_934525735.1, s__Faecalibacterium sp934525735, 95.0, 83.96, 0.258; GCA_934513205.1, s__Faecalibacterium sp934513205, 95.0, 83.88, 0.261; GCA_934514285.1, s__Faecalibacterium sp934514285, 95.0, 83.78, 0.287; GCA_934525325.1, s__Faecalibacterium sp934525325, 95.0, 83.77, 0.261; GCA_934539245.1, s__Faecalibacterium sp934539245, 95.0, 83.74, 0.266; GCA_937917475.1, s__Faecalibacterium sp937917475, 95.0, 83.64, 0.193; GCA_934532365.1, s__Faecalibacterium sp934532365, 95.0, 83.63, 0.257; GCA_002313795.1, s__Faecalibacterium prausnitzii_L, 95.0, 83.51, 0.171; GCA_934561485.1, s__Faecalibacterium sp934561485, 95.0, 83.5, 0.245; GCA_934511465.1, s__Faecalibacterium sp934511465, 95.0, 83.42, 0.264; GCA_934553285.1, s__Faecalibacterium sp934553285, 95.0, 82.99, 0.245; GCA_934501115.1, s__Faecalibacterium sp934501115, 95.0, 82.82, 0.225; GCA_934533135.1, s__Faecalibacterium sp934533135, 95.0, 82.74, 0.251; GCA_004558805.1, s__Faecalibacterium prausnitzii_M, 95.0, 82.64, 0.231; GCA_934518555.1, s__Faecalibacterium sp934518555, 95.0, 82.36, 0.223; GCA_934548045.1, s__Faecalibacterium sp934548045, 95.0, 81.82, 0.188	94.02	11	N/A	N/A
CLAJMH7.combined.fna	d__Bacteria;p__Bacillota_A;c__Clostridia;o__Oscillospirales;f__Ruminococcaceae;g__Faecalibacterium;s__Faecalibacterium prausnitzii	GCF_003324185.1	95.0	d__Bacteria;p__Bacillota_A;c__Clostridia;o__Oscillospirales;f__Ruminococcaceae;g__Faecalibacterium;s__Faecalibacterium prausnitzii	96.1	0.824	GCF_003324185.1	95.0	d__Bacteria;p__Bacillota_A;c__Clostridia;o__Oscillospirales;f__Ruminococcaceae;g__Faecalibacterium;s__Faecalibacterium prausnitzii	96.1	0.824	d__Bacteria;p__Bacillota_A;c__Clostridia;o__Oscillospirales;f__Ruminococcaceae;g__Faecalibacterium;s__	taxonomic classification defined by topology and ANI	topological placement and ANI have congruent species assignments	GCA_905215595.1, s__Faecalibacterium sp905215595, 95.0, 94.74, 0.766; GCA_934525405.1, s__Faecalibacterium sp934525405, 95.0, 94.5, 0.791; GCF_003287405.1, s__Faecalibacterium prausnitzii_J, 95.0, 94.46, 0.707; GCF_023347235.1, s__Faecalibacterium prausnitzii_A, 95.0, 94.33, 0.729; GCA_934532365.1, s__Faecalibacterium sp934532365, 95.0, 94.23, 0.804; GCA_934525325.1, s__Faecalibacterium sp934525325, 95.0, 94.21, 0.8; GCA_934503275.1, s__Faecalibacterium sp934503275, 95.0, 94.06, 0.793; GCF_023347295.1, s__Faecalibacterium sp003449675, 95.0, 94.06, 0.749; GCA_934539245.1, s__Faecalibacterium sp934539245, 95.0, 94.02, 0.81; GCA_934561115.1, s__Faecalibacterium sp934561115, 95.0, 94.02, 0.803; GCA_900772565.1, s__Faecalibacterium sp900772565, 95.0, 93.95, 0.762; GCA_934561555.1, s__Faecalibacterium sp934561555, 95.0, 93.92, 0.728; GCA_934512105.1, s__Faecalibacterium sp934512105, 95.0, 93.86, 0.753; GCA_934540955.1, s__Faecalibacterium sp934540955, 95.0, 93.85, 0.747; GCA_934524985.1, s__Faecalibacterium sp934524985, 95.0, 93.77, 0.772; GCA_900765705.1, s__Faecalibacterium sp900765705, 95.0, 91.7, 0.562; GCA_902463235.1, s__Faecalibacterium sp902463235, 95.0, 91.27, 0.541; GCA_934513205.1, s__Faecalibacterium sp934513205, 95.0, 89.42, 0.521; GCA_934553285.1, s__Faecalibacterium sp934553285, 95.0, 89.08, 0.644; GCF_023347535.1, s__Faecalibacterium sp900539885, 95.0, 86.86, 0.408; GCA_025757845.1, s__Faecalibacterium sp900539945, 95.0, 86.85, 0.423; GCA_900765105.1, s__Faecalibacterium sp900765105, 95.0, 86.77, 0.379; GCF_002549775.1, s__Faecalibacterium prausnitzii_F, 95.0, 86.72, 0.405; GCF_023347255.1, s__Faecalibacterium prausnitzii_D, 95.0, 86.65, 0.378; GCA_902463905.1, s__Faecalibacterium sp902463905, 95.0, 86.36, 0.351; GCA_934511465.1, s__Faecalibacterium sp934511465, 95.0, 85.83, 0.393; GCA_934525735.1, s__Faecalibacterium sp934525735, 95.0, 85.57, 0.389; GCA_934525845.1, s__Faecalibacterium sp934525845, 95.0, 85.54, 0.373; GCA_934501115.1, s__Faecalibacterium sp934501115, 95.0, 85.54, 0.35; GCF_020687245.1, s__Faecalibacterium longum, 95.0, 85.41, 0.303; GCF_010509575.1, s__Faecalibacterium duncaniae, 95.0, 85.41, 0.294; GCA_934561485.1, s__Faecalibacterium sp934561485, 95.0, 85.38, 0.378; GCF_003287455.1, s__Faecalibacterium hattorii, 95.0, 85.22, 0.329; GCF_019967995.1, s__Faecalibacterium prausnitzii_E, 95.0, 85.17, 0.309; GCA_004558805.1, s__Faecalibacterium prausnitzii_M, 95.0, 85.1, 0.396; GCA_934518555.1, s__Faecalibacterium sp934518555, 95.0, 84.75, 0.379; GCF_023347275.1, s__Faecalibacterium sp900758465, 95.0, 84.73, 0.283; GCA_937915335.1, s__Faecalibacterium sp937915335, 95.0, 84.24, 0.171; GCF_003287495.1, s__Faecalibacterium prausnitzii_I, 95.0, 84.21, 0.278; GCA_014858325.1, s__Faecalibacterium sp014858325, 95.0, 83.86, 0.231; GCA_934526125.1, s__Faecalibacterium sp934526125, 95.0, 83.56, 0.259; GCA_934547065.1, s__Faecalibacterium sp934547065, 95.0, 83.29, 0.255; GCA_900551435.1, s__Faecalibacterium sp900551435, 95.0, 82.67, 0.2; GCA_934514285.1, s__Faecalibacterium sp934514285, 95.0, 82.58, 0.26; GCA_937917475.1, s__Faecalibacterium sp937917475, 95.0, 82.35, 0.15; GCA_934533135.1, s__Faecalibacterium sp934533135, 95.0, 82.2, 0.209; GCA_900540455.1, s__Faecalibacterium sp900540455, 95.0, 81.68, 0.151	94.0	11	N/A	N/A
CLAJMH7B.combined.fna	d__Bacteria;p__Bacillota_A;c__Clostridia;o__Oscillospirales;f__Ruminococcaceae;g__Faecalibacterium;s__Faecalibacterium prausnitzii_D	GCF_023347255.1	95.0	d__Bacteria;p__Bacillota_A;c__Clostridia;o__Oscillospirales;f__Ruminococcaceae;g__Faecalibacterium;s__Faecalibacterium prausnitzii_D	96.96	0.8	GCF_023347255.1	95.0	d__Bacteria;p__Bacillota_A;c__Clostridia;o__Oscillospirales;f__Ruminococcaceae;g__Faecalibacterium;s__Faecalibacterium prausnitzii_D	96.96	0.8	d__Bacteria;p__Bacillota_A;c__Clostridia;o__Oscillospirales;f__Ruminococcaceae;g__Faecalibacterium;s__	taxonomic classification defined by topology and ANI	topological placement and ANI have congruent species assignments	GCF_023347535.1, s__Faecalibacterium sp900539885, 95.0, 92.31, 0.682; GCA_902463235.1, s__Faecalibacterium sp902463235, 95.0, 91.27, 0.613; GCA_934511465.1, s__Faecalibacterium sp934511465, 95.0, 90.64, 0.631; GCA_934501115.1, s__Faecalibacterium sp934501115, 95.0, 88.71, 0.546; GCF_002549775.1, s__Faecalibacterium prausnitzii_F, 95.0, 88.63, 0.538; GCF_003324185.1, s__Faecalibacterium prausnitzii, 95.0, 87.72, 0.441; GCA_900765105.1, s__Faecalibacterium sp900765105, 95.0, 87.68, 0.461; GCA_934525735.1, s__Faecalibacterium sp934525735, 95.0, 87.59, 0.533; GCA_934513205.1, s__Faecalibacterium sp934513205, 95.0, 87.44, 0.476; GCF_003287405.1, s__Faecalibacterium prausnitzii_J, 95.0, 87.35, 0.437; GCA_025757845.1, s__Faecalibacterium sp900539945, 95.0, 87.18, 0.469; GCF_023347235.1, s__Faecalibacterium prausnitzii_A, 95.0, 87.1, 0.415; GCA_900765705.1, s__Faecalibacterium sp900765705, 95.0, 86.86, 0.309; GCF_023347295.1, s__Faecalibacterium sp003449675, 95.0, 86.65, 0.409; GCA_902463905.1, s__Faecalibacterium sp902463905, 95.0, 86.37, 0.36; GCA_934540955.1, s__Faecalibacterium sp934540955, 95.0, 86.29, 0.378; GCA_934561555.1, s__Faecalibacterium sp934561555, 95.0, 86.28, 0.399; GCA_900772565.1, s__Faecalibacterium sp900772565, 95.0, 86.27, 0.408; GCA_934532365.1, s__Faecalibacterium sp934532365, 95.0, 86.22, 0.415; GCA_934503275.1, s__Faecalibacterium sp934503275, 95.0, 86.17, 0.417; GCA_905215595.1, s__Faecalibacterium sp905215595, 95.0, 86.17, 0.344; GCA_934525405.1, s__Faecalibacterium sp934525405, 95.0, 86.1, 0.368; GCA_934561115.1, s__Faecalibacterium sp934561115, 95.0, 86.06, 0.419; GCA_934525325.1, s__Faecalibacterium sp934525325, 95.0, 86.03, 0.398; GCA_934524985.1, s__Faecalibacterium sp934524985, 95.0, 86.02, 0.401; GCA_934512105.1, s__Faecalibacterium sp934512105, 95.0, 85.95, 0.381; GCA_934561485.1, s__Faecalibacterium sp934561485, 95.0, 85.89, 0.406; GCA_934539245.1, s__Faecalibacterium sp934539245, 95.0, 85.71, 0.417; GCA_934525845.1, s__Faecalibacterium sp934525845, 95.0, 85.64, 0.405; GCF_010509575.1, s__Faecalibacterium duncaniae, 95.0, 85.38, 0.312; GCA_934553285.1, s__Faecalibacterium sp934553285, 95.0, 85.27, 0.395; GCF_003287455.1, s__Faecalibacterium hattorii, 95.0, 85.2, 0.308; GCF_020687245.1, s__Faecalibacterium longum, 95.0, 85.1, 0.302; GCF_023347275.1, s__Faecalibacterium sp900758465, 95.0, 85.09, 0.31; GCF_019967995.1, s__Faecalibacterium prausnitzii_E, 95.0, 84.9, 0.296; GCF_003287495.1, s__Faecalibacterium prausnitzii_I, 95.0, 84.88, 0.29; GCA_937915335.1, s__Faecalibacterium sp937915335, 95.0, 84.77, 0.169; GCA_014858325.1, s__Faecalibacterium sp014858325, 95.0, 84.24, 0.232; GCA_004558805.1, s__Faecalibacterium prausnitzii_M, 95.0, 84.16, 0.329; GCA_934547065.1, s__Faecalibacterium sp934547065, 95.0, 83.77, 0.288; GCA_934518555.1, s__Faecalibacterium sp934518555, 95.0, 83.5, 0.331; GCA_934526125.1, s__Faecalibacterium sp934526125, 95.0, 83.38, 0.242; GCA_002313795.1, s__Faecalibacterium prausnitzii_L, 95.0, 83.22, 0.151; GCA_934514285.1, s__Faecalibacterium sp934514285, 95.0, 83.09, 0.255; GCA_937917475.1, s__Faecalibacterium sp937917475, 95.0, 83.04, 0.163; GCA_900551435.1, s__Faecalibacterium sp900551435, 95.0, 82.62, 0.221; GCA_934533135.1, s__Faecalibacterium sp934533135, 95.0, 82.23, 0.204; GCA_934548045.1, s__Faecalibacterium sp934548045, 95.0, 80.82, 0.158	93.21	11	N/A	N/A
CNCMI4540.fna	d__Bacteria;p__Bacillota_A;c__Clostridia;o__Oscillospirales;f__Ruminococcaceae;g__Faecalibacterium;s__Faecalibacterium prausnitzii_D	GCF_023347255.1	95.0	d__Bacteria;p__Bacillota_A;c__Clostridia;o__Oscillospirales;f__Ruminococcaceae;g__Faecalibacterium;s__Faecalibacterium prausnitzii_D	97.92	0.832	GCF_023347255.1	95.0	d__Bacteria;p__Bacillota_A;c__Clostridia;o__Oscillospirales;f__Ruminococcaceae;g__Faecalibacterium;s__Faecalibacterium prausnitzii_D	97.92	0.832	d__Bacteria;p__Bacillota_A;c__Clostridia;o__Oscillospirales;f__Ruminococcaceae;g__Faecalibacterium;s__	taxonomic classification defined by topology and ANI	topological placement and ANI have congruent species assignments	GCF_023347535.1, s__Faecalibacterium sp900539885, 95.0, 91.71, 0.645; GCA_902463235.1, s__Faecalibacterium sp902463235, 95.0, 91.22, 0.608; GCA_934511465.1, s__Faecalibacterium sp934511465, 95.0, 90.49, 0.641; GCF_002549775.1, s__Faecalibacterium prausnitzii_F, 95.0, 88.79, 0.53; GCA_934501115.1, s__Faecalibacterium sp934501115, 95.0, 88.41, 0.541; GCA_900765105.1, s__Faecalibacterium sp900765105, 95.0, 87.98, 0.476; GCA_934525735.1, s__Faecalibacterium sp934525735, 95.0, 87.57, 0.539; GCA_900765705.1, s__Faecalibacterium sp900765705, 95.0, 87.57, 0.317; GCA_905215595.1, s__Faecalibacterium sp905215595, 95.0, 87.02, 0.377; GCA_025757845.1, s__Faecalibacterium sp900539945, 95.0, 86.85, 0.454; GCA_934513205.1, s__Faecalibacterium sp934513205, 95.0, 86.84, 0.471; GCF_003324185.1, s__Faecalibacterium prausnitzii, 95.0, 86.73, 0.385; GCF_003287405.1, s__Faecalibacterium prausnitzii_J, 95.0, 86.62, 0.395; GCA_902463905.1, s__Faecalibacterium sp902463905, 95.0, 86.56, 0.375; GCF_023347235.1, s__Faecalibacterium prausnitzii_A, 95.0, 86.54, 0.367; GCF_023347295.1, s__Faecalibacterium sp003449675, 95.0, 86.51, 0.396; GCA_934524985.1, s__Faecalibacterium sp934524985, 95.0, 86.14, 0.425; GCA_934561555.1, s__Faecalibacterium sp934561555, 95.0, 86.12, 0.396; GCA_934540955.1, s__Faecalibacterium sp934540955, 95.0, 86.12, 0.381; GCA_900772565.1, s__Faecalibacterium sp900772565, 95.0, 86.07, 0.403; GCA_934512105.1, s__Faecalibacterium sp934512105, 95.0, 86.04, 0.381; GCA_934503275.1, s__Faecalibacterium sp934503275, 95.0, 85.93, 0.411; GCA_934561115.1, s__Faecalibacterium sp934561115, 95.0, 85.89, 0.408; GCA_934525325.1, s__Faecalibacterium sp934525325, 95.0, 85.85, 0.405; GCA_934532365.1, s__Faecalibacterium sp934532365, 95.0, 85.81, 0.412; GCA_934525405.1, s__Faecalibacterium sp934525405, 95.0, 85.8, 0.364; GCA_934561485.1, s__Faecalibacterium sp934561485, 95.0, 85.7, 0.417; GCA_934539245.1, s__Faecalibacterium sp934539245, 95.0, 85.56, 0.411; GCA_934525845.1, s__Faecalibacterium sp934525845, 95.0, 85.56, 0.403; GCF_020687245.1, s__Faecalibacterium longum, 95.0, 85.16, 0.286; GCA_934553285.1, s__Faecalibacterium sp934553285, 95.0, 84.99, 0.395; GCF_019967995.1, s__Faecalibacterium prausnitzii_E, 95.0, 84.93, 0.279; GCA_937915335.1, s__Faecalibacterium sp937915335, 95.0, 84.77, 0.183; GCF_010509575.1, s__Faecalibacterium duncaniae, 95.0, 84.74, 0.268; GCF_003287455.1, s__Faecalibacterium hattorii, 95.0, 84.71, 0.295; GCA_014858325.1, s__Faecalibacterium sp014858325, 95.0, 84.24, 0.228; GCF_023347275.1, s__Faecalibacterium sp900758465, 95.0, 84.17, 0.284; GCF_003287495.1, s__Faecalibacterium prausnitzii_I, 95.0, 84.12, 0.286; GCA_004558805.1, s__Faecalibacterium prausnitzii_M, 95.0, 83.85, 0.333; GCA_934547065.1, s__Faecalibacterium sp934547065, 95.0, 83.71, 0.288; GCA_002313795.1, s__Faecalibacterium prausnitzii_L, 95.0, 83.57, 0.161; GCA_934526125.1, s__Faecalibacterium sp934526125, 95.0, 83.32, 0.242; GCA_934518555.1, s__Faecalibacterium sp934518555, 95.0, 83.03, 0.319; GCA_934514285.1, s__Faecalibacterium sp934514285, 95.0, 83.0, 0.265; GCA_937917475.1, s__Faecalibacterium sp937917475, 95.0, 82.84, 0.152; GCA_900551435.1, s__Faecalibacterium sp900551435, 95.0, 82.76, 0.211; GCA_934533135.1, s__Faecalibacterium sp934533135, 95.0, 81.84, 0.218; GCA_934548045.1, s__Faecalibacterium sp934548045, 95.0, 81.13, 0.162	94.04	11	N/A	N/A
CNCMI4541.fna	d__Bacteria;p__Bacillota_A;c__Clostridia;o__Oscillospirales;f__Ruminococcaceae;g__Faecalibacterium;s__Faecalibacterium prausnitzii_F	GCF_002549775.1	95.0	d__Bacteria;p__Bacillota_A;c__Clostridia;o__Oscillospirales;f__Ruminococcaceae;g__Faecalibacterium;s__Faecalibacterium prausnitzii_F	100.0	1.0	GCF_002549775.1	95.0	d__Bacteria;p__Bacillota_A;c__Clostridia;o__Oscillospirales;f__Ruminococcaceae;g__Faecalibacterium;s__Faecalibacterium prausnitzii_F	100.0	1.0	d__Bacteria;p__Bacillota_A;c__Clostridia;o__Oscillospirales;f__Ruminococcaceae;g__Faecalibacterium;s__	taxonomic classification defined by topology and ANI	topological placement and ANI have congruent species assignments	GCF_023347255.1, s__Faecalibacterium prausnitzii_D, 95.0, 88.73, 0.533; GCA_934511465.1, s__Faecalibacterium sp934511465, 95.0, 88.62, 0.546; GCF_023347535.1, s__Faecalibacterium sp900539885, 95.0, 88.3, 0.497; GCA_934525735.1, s__Faecalibacterium sp934525735, 95.0, 88.16, 0.581; GCA_900765105.1, s__Faecalibacterium sp900765105, 95.0, 87.88, 0.461; GCA_934513205.1, s__Faecalibacterium sp934513205, 95.0, 87.76, 0.513; GCA_902463905.1, s__Faecalibacterium sp902463905, 95.0, 87.36, 0.42; GCA_025757845.1, s__Faecalibacterium sp900539945, 95.0, 87.28, 0.471; GCA_902463235.1, s__Faecalibacterium sp902463235, 95.0, 87.28, 0.425; GCA_934501115.1, s__Faecalibacterium sp934501115, 95.0, 87.26, 0.507; GCA_934525845.1, s__Faecalibacterium sp934525845, 95.0, 87.0, 0.461; GCF_003287405.1, s__Faecalibacterium prausnitzii_J, 95.0, 86.96, 0.413; GCA_900765705.1, s__Faecalibacterium sp900765705, 95.0, 86.87, 0.297; GCF_003324185.1, s__Faecalibacterium prausnitzii, 95.0, 86.78, 0.429; GCF_023347235.1, s__Faecalibacterium prausnitzii_A, 95.0, 86.71, 0.413; GCA_934540955.1, s__Faecalibacterium sp934540955, 95.0, 86.59, 0.416; GCA_934561555.1, s__Faecalibacterium sp934561555, 95.0, 86.52, 0.395; GCF_023347295.1, s__Faecalibacterium sp003449675, 95.0, 86.5, 0.404; GCA_934512105.1, s__Faecalibacterium sp934512105, 95.0, 86.45, 0.392; GCA_900772565.1, s__Faecalibacterium sp900772565, 95.0, 86.43, 0.413; GCA_934503275.1, s__Faecalibacterium sp934503275, 95.0, 86.42, 0.415; GCA_934561485.1, s__Faecalibacterium sp934561485, 95.0, 86.35, 0.446; GCA_934532365.1, s__Faecalibacterium sp934532365, 95.0, 86.24, 0.434; GCA_934525405.1, s__Faecalibacterium sp934525405, 95.0, 86.21, 0.377; GCA_934525325.1, s__Faecalibacterium sp934525325, 95.0, 86.13, 0.427; GCA_934539245.1, s__Faecalibacterium sp934539245, 95.0, 86.09, 0.433; GCA_934561115.1, s__Faecalibacterium sp934561115, 95.0, 86.06, 0.401; GCA_934524985.1, s__Faecalibacterium sp934524985, 95.0, 85.9, 0.426; GCA_905215595.1, s__Faecalibacterium sp905215595, 95.0, 85.72, 0.352; GCA_934553285.1, s__Faecalibacterium sp934553285, 95.0, 85.32, 0.398; GCA_937915335.1, s__Faecalibacterium sp937915335, 95.0, 85.02, 0.193; GCA_014858325.1, s__Faecalibacterium sp014858325, 95.0, 85.01, 0.28; GCF_003287455.1, s__Faecalibacterium hattorii, 95.0, 84.89, 0.334; GCF_019967995.1, s__Faecalibacterium prausnitzii_E, 95.0, 84.83, 0.322; GCF_020687245.1, s__Faecalibacterium longum, 95.0, 84.79, 0.309; GCF_010509575.1, s__Faecalibacterium duncaniae, 95.0, 84.77, 0.304; GCF_023347275.1, s__Faecalibacterium sp900758465, 95.0, 84.51, 0.289; GCA_934526125.1, s__Faecalibacterium sp934526125, 95.0, 84.5, 0.303; GCA_934547065.1, s__Faecalibacterium sp934547065, 95.0, 84.41, 0.329; GCA_934518555.1, s__Faecalibacterium sp934518555, 95.0, 84.38, 0.368; GCF_003287495.1, s__Faecalibacterium prausnitzii_I, 95.0, 83.89, 0.281; GCA_002313795.1, s__Faecalibacterium prausnitzii_L, 95.0, 83.52, 0.157; GCA_004558805.1, s__Faecalibacterium prausnitzii_M, 95.0, 83.36, 0.316; GCA_934514285.1, s__Faecalibacterium sp934514285, 95.0, 83.24, 0.295; GCA_900551435.1, s__Faecalibacterium sp900551435, 95.0, 83.22, 0.25; GCA_937917475.1, s__Faecalibacterium sp937917475, 95.0, 82.92, 0.163; GCA_934533135.1, s__Faecalibacterium sp934533135, 95.0, 81.78, 0.231; GCA_934548045.1, s__Faecalibacterium sp934548045, 95.0, 81.04, 0.173	92.35	11	N/A	N/A
CNCMI4542.fna	d__Bacteria;p__Bacillota_A;c__Clostridia;o__Oscillospirales;f__Ruminococcaceae;g__Faecalibacterium;s__Faecalibacterium prausnitzii_D	GCF_023347255.1	95.0	d__Bacteria;p__Bacillota_A;c__Clostridia;o__Oscillospirales;f__Ruminococcaceae;g__Faecalibacterium;s__Faecalibacterium prausnitzii_D	96.39	0.731	GCF_023347255.1	95.0	d__Bacteria;p__Bacillota_A;c__Clostridia;o__Oscillospirales;f__Ruminococcaceae;g__Faecalibacterium;s__Faecalibacterium prausnitzii_D	96.39	0.731	d__Bacteria;p__Bacillota_A;c__Clostridia;o__Oscillospirales;f__Ruminococcaceae;g__Faecalibacterium;s__	taxonomic classification defined by topology and ANI	topological placement and ANI have congruent species assignments	GCF_023347535.1, s__Faecalibacterium sp900539885, 95.0, 91.91, 0.648; GCA_902463235.1, s__Faecalibacterium sp902463235, 95.0, 91.71, 0.609; GCA_934511465.1, s__Faecalibacterium sp934511465, 95.0, 90.62, 0.637; GCF_002549775.1, s__Faecalibacterium prausnitzii_F, 95.0, 89.04, 0.534; GCA_934501115.1, s__Faecalibacterium sp934501115, 95.0, 88.95, 0.555; GCA_900765105.1, s__Faecalibacterium sp900765105, 95.0, 87.65, 0.459; GCF_003324185.1, s__Faecalibacterium prausnitzii, 95.0, 87.52, 0.425; GCA_934525735.1, s__Faecalibacterium sp934525735, 95.0, 87.44, 0.532; GCA_025757845.1, s__Faecalibacterium sp900539945, 95.0, 87.39, 0.455; GCF_023347235.1, s__Faecalibacterium prausnitzii_A, 95.0, 87.27, 0.417; GCF_023347295.1, s__Faecalibacterium sp003449675, 95.0, 87.26, 0.412; GCF_003287405.1, s__Faecalibacterium prausnitzii_J, 95.0, 87.08, 0.415; GCA_900765705.1, s__Faecalibacterium sp900765705, 95.0, 87.01, 0.305; GCA_905215595.1, s__Faecalibacterium sp905215595, 95.0, 86.75, 0.358; GCA_902463905.1, s__Faecalibacterium sp902463905, 95.0, 86.61, 0.359; GCA_934503275.1, s__Faecalibacterium sp934503275, 95.0, 86.6, 0.444; GCA_934513205.1, s__Faecalibacterium sp934513205, 95.0, 86.31, 0.478; GCA_934525325.1, s__Faecalibacterium sp934525325, 95.0, 86.29, 0.403; GCA_900772565.1, s__Faecalibacterium sp900772565, 95.0, 86.26, 0.403; GCA_934525405.1, s__Faecalibacterium sp934525405, 95.0, 86.26, 0.375; GCA_934512105.1, s__Faecalibacterium sp934512105, 95.0, 86.07, 0.387; GCA_934561115.1, s__Faecalibacterium sp934561115, 95.0, 86.06, 0.414; GCA_934561555.1, s__Faecalibacterium sp934561555, 95.0, 86.04, 0.393; GCA_934540955.1, s__Faecalibacterium sp934540955, 95.0, 86.02, 0.383; GCA_934524985.1, s__Faecalibacterium sp934524985, 95.0, 85.96, 0.408; GCA_934532365.1, s__Faecalibacterium sp934532365, 95.0, 85.93, 0.399; GCA_934539245.1, s__Faecalibacterium sp934539245, 95.0, 85.84, 0.42; GCA_934561485.1, s__Faecalibacterium sp934561485, 95.0, 85.58, 0.404; GCA_934525845.1, s__Faecalibacterium sp934525845, 95.0, 85.34, 0.387; GCA_934553285.1, s__Faecalibacterium sp934553285, 95.0, 85.27, 0.389; GCF_010509575.1, s__Faecalibacterium duncaniae, 95.0, 85.22, 0.302; GCF_020687245.1, s__Faecalibacterium longum, 95.0, 85.02, 0.308; GCF_003287495.1, s__Faecalibacterium prausnitzii_I, 95.0, 84.83, 0.301; GCF_003287455.1, s__Faecalibacterium hattorii, 95.0, 84.74, 0.315; GCF_019967995.1, s__Faecalibacterium prausnitzii_E, 95.0, 84.58, 0.286; GCF_023347275.1, s__Faecalibacterium sp900758465, 95.0, 84.55, 0.286; GCA_937915335.1, s__Faecalibacterium sp937915335, 95.0, 84.55, 0.176; GCA_014858325.1, s__Faecalibacterium sp014858325, 95.0, 84.32, 0.231; GCA_934547065.1, s__Faecalibacterium sp934547065, 95.0, 83.77, 0.284; GCA_002313795.1, s__Faecalibacterium prausnitzii_L, 95.0, 83.55, 0.156; GCA_004558805.1, s__Faecalibacterium prausnitzii_M, 95.0, 83.47, 0.327; GCA_934526125.1, s__Faecalibacterium sp934526125, 95.0, 83.32, 0.236; GCA_934518555.1, s__Faecalibacterium sp934518555, 95.0, 83.19, 0.32; GCA_900551435.1, s__Faecalibacterium sp900551435, 95.0, 83.03, 0.208; GCA_934514285.1, s__Faecalibacterium sp934514285, 95.0, 83.01, 0.263; GCA_937917475.1, s__Faecalibacterium sp937917475, 95.0, 83.0, 0.156; GCA_934533135.1, s__Faecalibacterium sp934533135, 95.0, 82.35, 0.216; GCA_934548045.1, s__Faecalibacterium sp934548045, 95.0, 81.0, 0.164	94.02	11	N/A	N/A
CNCMI4543.fna	d__Bacteria;p__Bacillota_A;c__Clostridia;o__Oscillospirales;f__Ruminococcaceae;g__Faecalibacterium;s__Faecalibacterium duncaniae	GCF_010509575.1	95.0	d__Bacteria;p__Bacillota_A;c__Clostridia;o__Oscillospirales;f__Ruminococcaceae;g__Faecalibacterium;s__Faecalibacterium duncaniae	97.67	0.807	GCF_010509575.1	95.0	d__Bacteria;p__Bacillota_A;c__Clostridia;o__Oscillospirales;f__Ruminococcaceae;g__Faecalibacterium;s__Faecalibacterium duncaniae	97.67	0.807	d__Bacteria;p__Bacillota_A;c__Clostridia;o__Oscillospirales;f__Ruminococcaceae;g__Faecalibacterium;s__	taxonomic classification defined by topology and ANI	topological placement and ANI have congruent species assignments	GCA_937915335.1, s__Faecalibacterium sp937915335, 95.0, 89.27, 0.475; GCA_934526125.1, s__Faecalibacterium sp934526125, 95.0, 86.9, 0.495; GCF_003287455.1, s__Faecalibacterium hattorii, 95.0, 86.67, 0.433; GCF_019967995.1, s__Faecalibacterium prausnitzii_E, 95.0, 86.62, 0.401; GCA_934547065.1, s__Faecalibacterium sp934547065, 95.0, 86.54, 0.471; GCF_023347235.1, s__Faecalibacterium prausnitzii_A, 95.0, 86.01, 0.312; GCA_902463905.1, s__Faecalibacterium sp902463905, 95.0, 85.52, 0.247; GCF_023347535.1, s__Faecalibacterium sp900539885, 95.0, 85.4, 0.309; GCF_023347295.1, s__Faecalibacterium sp003449675, 95.0, 85.32, 0.285; GCA_900765705.1, s__Faecalibacterium sp900765705, 95.0, 85.31, 0.228; GCA_014858325.1, s__Faecalibacterium sp014858325, 95.0, 85.16, 0.309; GCF_003324185.1, s__Faecalibacterium prausnitzii, 95.0, 85.04, 0.3; GCA_025757845.1, s__Faecalibacterium sp900539945, 95.0, 85.01, 0.302; GCF_023347255.1, s__Faecalibacterium prausnitzii_D, 95.0, 84.99, 0.264; GCF_020687245.1, s__Faecalibacterium longum, 95.0, 84.95, 0.291; GCF_002549775.1, s__Faecalibacterium prausnitzii_F, 95.0, 84.76, 0.309; GCA_934503275.1, s__Faecalibacterium sp934503275, 95.0, 84.74, 0.302; GCF_003287495.1, s__Faecalibacterium prausnitzii_I, 95.0, 84.71, 0.324; GCA_934525845.1, s__Faecalibacterium sp934525845, 95.0, 84.59, 0.296; GCA_902463235.1, s__Faecalibacterium sp902463235, 95.0, 84.59, 0.26; GCA_900765105.1, s__Faecalibacterium sp900765105, 95.0, 84.49, 0.22; GCA_934513205.1, s__Faecalibacterium sp934513205, 95.0, 84.46, 0.268; GCA_934561555.1, s__Faecalibacterium sp934561555, 95.0, 84.38, 0.271; GCA_900772565.1, s__Faecalibacterium sp900772565, 95.0, 84.36, 0.27; GCF_003287405.1, s__Faecalibacterium prausnitzii_J, 95.0, 84.36, 0.262; GCF_023347275.1, s__Faecalibacterium sp900758465, 95.0, 84.34, 0.289; GCA_905215595.1, s__Faecalibacterium sp905215595, 95.0, 84.32, 0.229; GCA_934525405.1, s__Faecalibacterium sp934525405, 95.0, 84.29, 0.237; GCA_934540955.1, s__Faecalibacterium sp934540955, 95.0, 84.23, 0.268; GCA_934524985.1, s__Faecalibacterium sp934524985, 95.0, 84.17, 0.291; GCA_934561115.1, s__Faecalibacterium sp934561115, 95.0, 84.08, 0.274; GCA_900551435.1, s__Faecalibacterium sp900551435, 95.0, 84.01, 0.307; GCA_934539245.1, s__Faecalibacterium sp934539245, 95.0, 83.98, 0.286; GCA_934525325.1, s__Faecalibacterium sp934525325, 95.0, 83.98, 0.26; GCA_934512105.1, s__Faecalibacterium sp934512105, 95.0, 83.95, 0.257; GCA_937917475.1, s__Faecalibacterium sp937917475, 95.0, 83.95, 0.193; GCA_934501115.1, s__Faecalibacterium sp934501115, 95.0, 83.87, 0.245; GCA_002313795.1, s__Faecalibacterium prausnitzii_L, 95.0, 83.87, 0.176; GCA_934514285.1, s__Faecalibacterium sp934514285, 95.0, 83.82, 0.285; GCA_934525735.1, s__Faecalibacterium sp934525735, 95.0, 83.79, 0.267; GCA_934511465.1, s__Faecalibacterium sp934511465, 95.0, 83.74, 0.264; GCA_934532365.1, s__Faecalibacterium sp934532365, 95.0, 83.66, 0.26; GCA_934561485.1, s__Faecalibacterium sp934561485, 95.0, 83.63, 0.258; GCA_934553285.1, s__Faecalibacterium sp934553285, 95.0, 83.24, 0.258; GCA_934533135.1, s__Faecalibacterium sp934533135, 95.0, 82.97, 0.262; GCA_004558805.1, s__Faecalibacterium prausnitzii_M, 95.0, 82.8, 0.255; GCA_934518555.1, s__Faecalibacterium sp934518555, 95.0, 82.29, 0.235; GCA_934548045.1, s__Faecalibacterium sp934548045, 95.0, 81.22, 0.193	94.0	11	N/A	N/A
CNCMI4544.fna	d__Bacteria;p__Bacillota_A;c__Clostridia;o__Oscillospirales;f__Ruminococcaceae;g__Faecalibacterium;s__Faecalibacterium prausnitzii_D	GCF_023347255.1	95.0	d__Bacteria;p__Bacillota_A;c__Clostridia;o__Oscillospirales;f__Ruminococcaceae;g__Faecalibacterium;s__Faecalibacterium prausnitzii_D	96.96	0.768	GCF_023347255.1	95.0	d__Bacteria;p__Bacillota_A;c__Clostridia;o__Oscillospirales;f__Ruminococcaceae;g__Faecalibacterium;s__Faecalibacterium prausnitzii_D	96.96	0.768	d__Bacteria;p__Bacillota_A;c__Clostridia;o__Oscillospirales;f__Ruminococcaceae;g__Faecalibacterium;s__	taxonomic classification defined by topology and ANI	topological placement and ANI have congruent species assignments	GCF_023347535.1, s__Faecalibacterium sp900539885, 95.0, 92.31, 0.65; GCA_902463235.1, s__Faecalibacterium sp902463235, 95.0, 91.36, 0.61; GCA_934511465.1, s__Faecalibacterium sp934511465, 95.0, 90.86, 0.635; GCF_002549775.1, s__Faecalibacterium prausnitzii_F, 95.0, 88.9, 0.541; GCA_934501115.1, s__Faecalibacterium sp934501115, 95.0, 88.71, 0.548; GCA_900765105.1, s__Faecalibacterium sp900765105, 95.0, 87.83, 0.472; GCA_934525735.1, s__Faecalibacterium sp934525735, 95.0, 87.56, 0.539; GCF_023347235.1, s__Faecalibacterium prausnitzii_A, 95.0, 87.51, 0.442; GCF_003287405.1, s__Faecalibacterium prausnitzii_J, 95.0, 87.43, 0.425; GCF_003324185.1, s__Faecalibacterium prausnitzii, 95.0, 87.36, 0.446; GCA_900765705.1, s__Faecalibacterium sp900765705, 95.0, 87.24, 0.322; GCF_023347295.1, s__Faecalibacterium sp003449675, 95.0, 87.04, 0.435; GCA_934513205.1, s__Faecalibacterium sp934513205, 95.0, 87.02, 0.467; GCA_905215595.1, s__Faecalibacterium sp905215595, 95.0, 86.89, 0.362; GCA_025757845.1, s__Faecalibacterium sp900539945, 95.0, 86.71, 0.449; GCA_902463905.1, s__Faecalibacterium sp902463905, 95.0, 86.53, 0.357; GCA_900772565.1, s__Faecalibacterium sp900772565, 95.0, 86.31, 0.407; GCA_934503275.1, s__Faecalibacterium sp934503275, 95.0, 86.22, 0.431; GCA_934561115.1, s__Faecalibacterium sp934561115, 95.0, 86.18, 0.423; GCA_934561555.1, s__Faecalibacterium sp934561555, 95.0, 86.15, 0.392; GCA_934525325.1, s__Faecalibacterium sp934525325, 95.0, 86.14, 0.405; GCA_934524985.1, s__Faecalibacterium sp934524985, 95.0, 85.99, 0.411; GCA_934540955.1, s__Faecalibacterium sp934540955, 95.0, 85.98, 0.387; GCA_934532365.1, s__Faecalibacterium sp934532365, 95.0, 85.94, 0.401; GCA_934525405.1, s__Faecalibacterium sp934525405, 95.0, 85.93, 0.37; GCA_934512105.1, s__Faecalibacterium sp934512105, 95.0, 85.9, 0.391; GCA_934561485.1, s__Faecalibacterium sp934561485, 95.0, 85.77, 0.405; GCA_934525845.1, s__Faecalibacterium sp934525845, 95.0, 85.69, 0.411; GCA_934539245.1, s__Faecalibacterium sp934539245, 95.0, 85.66, 0.414; GCF_020687245.1, s__Faecalibacterium longum, 95.0, 85.36, 0.303; GCA_934553285.1, s__Faecalibacterium sp934553285, 95.0, 85.12, 0.392; GCF_010509575.1, s__Faecalibacterium duncaniae, 95.0, 85.01, 0.298; GCF_023347275.1, s__Faecalibacterium sp900758465, 95.0, 84.86, 0.282; GCF_003287455.1, s__Faecalibacterium hattorii, 95.0, 84.82, 0.308; GCF_019967995.1, s__Faecalibacterium prausnitzii_E, 95.0, 84.69, 0.287; GCF_003287495.1, s__Faecalibacterium prausnitzii_I, 95.0, 84.67, 0.289; GCA_937915335.1, s__Faecalibacterium sp937915335, 95.0, 84.61, 0.179; GCA_014858325.1, s__Faecalibacterium sp014858325, 95.0, 84.44, 0.24; GCA_004558805.1, s__Faecalibacterium prausnitzii_M, 95.0, 83.68, 0.34; GCA_934547065.1, s__Faecalibacterium sp934547065, 95.0, 83.61, 0.283; GCA_934518555.1, s__Faecalibacterium sp934518555, 95.0, 83.39, 0.335; GCA_002313795.1, s__Faecalibacterium prausnitzii_L, 95.0, 83.27, 0.165; GCA_934514285.1, s__Faecalibacterium sp934514285, 95.0, 83.24, 0.27; GCA_900551435.1, s__Faecalibacterium sp900551435, 95.0, 83.07, 0.215; GCA_934526125.1, s__Faecalibacterium sp934526125, 95.0, 83.06, 0.246; GCA_937917475.1, s__Faecalibacterium sp937917475, 95.0, 83.0, 0.159; GCA_934533135.1, s__Faecalibacterium sp934533135, 95.0, 81.71, 0.208; GCA_934548045.1, s__Faecalibacterium sp934548045, 95.0, 80.8, 0.158	93.21	11	N/A	N/A
CNCMI4573.fna	d__Bacteria;p__Bacillota_A;c__Clostridia;o__Oscillospirales;f__Ruminococcaceae;g__Faecalibacterium;s__Faecalibacterium prausnitzii	GCF_003324185.1	95.0	d__Bacteria;p__Bacillota_A;c__Clostridia;o__Oscillospirales;f__Ruminococcaceae;g__Faecalibacterium;s__Faecalibacterium prausnitzii	96.1	0.823	GCF_003324185.1	95.0	d__Bacteria;p__Bacillota_A;c__Clostridia;o__Oscillospirales;f__Ruminococcaceae;g__Faecalibacterium;s__Faecalibacterium prausnitzii	96.1	0.823	d__Bacteria;p__Bacillota_A;c__Clostridia;o__Oscillospirales;f__Ruminococcaceae;g__Faecalibacterium;s__	taxonomic classification defined by topology and ANI	topological placement and ANI have congruent species assignments	GCA_905215595.1, s__Faecalibacterium sp905215595, 95.0, 94.97, 0.759; GCF_023347235.1, s__Faecalibacterium prausnitzii_A, 95.0, 94.71, 0.724; GCA_934525405.1, s__Faecalibacterium sp934525405, 95.0, 94.67, 0.794; GCF_003287405.1, s__Faecalibacterium prausnitzii_J, 95.0, 94.34, 0.715; GCA_934525325.1, s__Faecalibacterium sp934525325, 95.0, 94.31, 0.803; GCA_934532365.1, s__Faecalibacterium sp934532365, 95.0, 94.18, 0.803; GCA_934539245.1, s__Faecalibacterium sp934539245, 95.0, 94.08, 0.814; GCA_934561115.1, s__Faecalibacterium sp934561115, 95.0, 94.07, 0.799; GCA_934503275.1, s__Faecalibacterium sp934503275, 95.0, 94.07, 0.792; GCA_900772565.1, s__Faecalibacterium sp900772565, 95.0, 94.05, 0.755; GCA_934540955.1, s__Faecalibacterium sp934540955, 95.0, 94.04, 0.741; GCA_934524985.1, s__Faecalibacterium sp934524985, 95.0, 93.96, 0.782; GCF_023347295.1, s__Faecalibacterium sp003449675, 95.0, 93.96, 0.73; GCA_934512105.1, s__Faecalibacterium sp934512105, 95.0, 93.94, 0.753; GCA_934561555.1, s__Faecalibacterium sp934561555, 95.0, 93.78, 0.723; GCA_900765705.1, s__Faecalibacterium sp900765705, 95.0, 92.26, 0.568; GCA_902463235.1, s__Faecalibacterium sp902463235, 95.0, 91.66, 0.553; GCA_934513205.1, s__Faecalibacterium sp934513205, 95.0, 89.56, 0.515; GCA_934553285.1, s__Faecalibacterium sp934553285, 95.0, 89.01, 0.638; GCF_023347255.1, s__Faecalibacterium prausnitzii_D, 95.0, 87.1, 0.397; GCF_023347535.1, s__Faecalibacterium sp900539885, 95.0, 86.88, 0.409; GCA_900765105.1, s__Faecalibacterium sp900765105, 95.0, 86.81, 0.371; GCA_025757845.1, s__Faecalibacterium sp900539945, 95.0, 86.75, 0.427; GCF_002549775.1, s__Faecalibacterium prausnitzii_F, 95.0, 86.65, 0.413; GCA_902463905.1, s__Faecalibacterium sp902463905, 95.0, 86.64, 0.361; GCA_934511465.1, s__Faecalibacterium sp934511465, 95.0, 86.14, 0.404; GCA_934525735.1, s__Faecalibacterium sp934525735, 95.0, 85.72, 0.386; GCA_934525845.1, s__Faecalibacterium sp934525845, 95.0, 85.69, 0.382; GCA_934501115.1, s__Faecalibacterium sp934501115, 95.0, 85.64, 0.353; GCF_020687245.1, s__Faecalibacterium longum, 95.0, 85.63, 0.33; GCF_010509575.1, s__Faecalibacterium duncaniae, 95.0, 85.58, 0.309; GCF_003287455.1, s__Faecalibacterium hattorii, 95.0, 85.24, 0.328; GCA_934561485.1, s__Faecalibacterium sp934561485, 95.0, 85.22, 0.371; GCA_004558805.1, s__Faecalibacterium prausnitzii_M, 95.0, 85.14, 0.396; GCA_934518555.1, s__Faecalibacterium sp934518555, 95.0, 84.98, 0.383; GCF_019967995.1, s__Faecalibacterium prausnitzii_E, 95.0, 84.83, 0.318; GCF_023347275.1, s__Faecalibacterium sp900758465, 95.0, 84.65, 0.313; GCF_003287495.1, s__Faecalibacterium prausnitzii_I, 95.0, 84.28, 0.268; GCA_937915335.1, s__Faecalibacterium sp937915335, 95.0, 84.22, 0.173; GCA_014858325.1, s__Faecalibacterium sp014858325, 95.0, 83.96, 0.242; GCA_934526125.1, s__Faecalibacterium sp934526125, 95.0, 83.73, 0.259; GCA_934547065.1, s__Faecalibacterium sp934547065, 95.0, 83.66, 0.265; GCA_934514285.1, s__Faecalibacterium sp934514285, 95.0, 82.87, 0.263; GCA_937917475.1, s__Faecalibacterium sp937917475, 95.0, 82.75, 0.169; GCA_934533135.1, s__Faecalibacterium sp934533135, 95.0, 82.42, 0.212; GCA_900551435.1, s__Faecalibacterium sp900551435, 95.0, 82.36, 0.197; GCA_900540455.1, s__Faecalibacterium sp900540455, 95.0, 81.75, 0.161	94.02	11	N/A	N/A
CNCMI4574.fna	d__Bacteria;p__Bacillota_A;c__Clostridia;o__Oscillospirales;f__Ruminococcaceae;g__Faecalibacterium;s__Faecalibacterium duncaniae	GCF_010509575.1	95.0	d__Bacteria;p__Bacillota_A;c__Clostridia;o__Oscillospirales;f__Ruminococcaceae;g__Faecalibacterium;s__Faecalibacterium duncaniae	97.82	0.804	GCF_010509575.1	95.0	d__Bacteria;p__Bacillota_A;c__Clostridia;o__Oscillospirales;f__Ruminococcaceae;g__Faecalibacterium;s__Faecalibacterium duncaniae	97.82	0.804	d__Bacteria;p__Bacillota_A;c__Clostridia;o__Oscillospirales;f__Ruminococcaceae;g__Faecalibacterium;s__	taxonomic classification defined by topology and ANI	topological placement and ANI have congruent species assignments	GCA_937915335.1, s__Faecalibacterium sp937915335, 95.0, 89.26, 0.473; GCA_934526125.1, s__Faecalibacterium sp934526125, 95.0, 86.9, 0.494; GCF_003287455.1, s__Faecalibacterium hattorii, 95.0, 86.76, 0.432; GCF_019967995.1, s__Faecalibacterium prausnitzii_E, 95.0, 86.62, 0.41; GCA_934547065.1, s__Faecalibacterium sp934547065, 95.0, 86.57, 0.474; GCF_023347235.1, s__Faecalibacterium prausnitzii_A, 95.0, 86.22, 0.32; GCA_902463905.1, s__Faecalibacterium sp902463905, 95.0, 85.61, 0.246; GCF_023347535.1, s__Faecalibacterium sp900539885, 95.0, 85.55, 0.305; GCA_900765705.1, s__Faecalibacterium sp900765705, 95.0, 85.38, 0.231; GCF_023347295.1, s__Faecalibacterium sp003449675, 95.0, 85.27, 0.284; GCA_014858325.1, s__Faecalibacterium sp014858325, 95.0, 85.14, 0.306; GCF_003324185.1, s__Faecalibacterium prausnitzii, 95.0, 85.14, 0.301; GCF_003287495.1, s__Faecalibacterium prausnitzii_I, 95.0, 84.99, 0.326; GCF_023347255.1, s__Faecalibacterium prausnitzii_D, 95.0, 84.94, 0.268; GCF_020687245.1, s__Faecalibacterium longum, 95.0, 84.93, 0.29; GCA_025757845.1, s__Faecalibacterium sp900539945, 95.0, 84.88, 0.306; GCF_002549775.1, s__Faecalibacterium prausnitzii_F, 95.0, 84.74, 0.31; GCA_934503275.1, s__Faecalibacterium sp934503275, 95.0, 84.72, 0.299; GCF_023347275.1, s__Faecalibacterium sp900758465, 95.0, 84.65, 0.289; GCA_934513205.1, s__Faecalibacterium sp934513205, 95.0, 84.6, 0.27; GCA_934525845.1, s__Faecalibacterium sp934525845, 95.0, 84.58, 0.299; GCA_902463235.1, s__Faecalibacterium sp902463235, 95.0, 84.56, 0.259; GCF_003287405.1, s__Faecalibacterium prausnitzii_J, 95.0, 84.53, 0.263; GCA_900765105.1, s__Faecalibacterium sp900765105, 95.0, 84.46, 0.221; GCA_934561555.1, s__Faecalibacterium sp934561555, 95.0, 84.4, 0.271; GCA_900772565.1, s__Faecalibacterium sp900772565, 95.0, 84.37, 0.273; GCA_905215595.1, s__Faecalibacterium sp905215595, 95.0, 84.32, 0.23; GCA_934540955.1, s__Faecalibacterium sp934540955, 95.0, 84.29, 0.271; GCA_934525405.1, s__Faecalibacterium sp934525405, 95.0, 84.26, 0.241; GCA_934524985.1, s__Faecalibacterium sp934524985, 95.0, 84.21, 0.291; GCA_934539245.1, s__Faecalibacterium sp934539245, 95.0, 84.16, 0.287; GCA_934525325.1, s__Faecalibacterium sp934525325, 95.0, 84.12, 0.261; GCA_934561115.1, s__Faecalibacterium sp934561115, 95.0, 84.1, 0.275; GCA_937917475.1, s__Faecalibacterium sp937917475, 95.0, 84.09, 0.191; GCA_900551435.1, s__Faecalibacterium sp900551435, 95.0, 84.04, 0.306; GCA_934514285.1, s__Faecalibacterium sp934514285, 95.0, 83.97, 0.285; GCA_934512105.1, s__Faecalibacterium sp934512105, 95.0, 83.97, 0.256; GCA_934501115.1, s__Faecalibacterium sp934501115, 95.0, 83.9, 0.244; GCA_002313795.1, s__Faecalibacterium prausnitzii_L, 95.0, 83.86, 0.176; GCA_934525735.1, s__Faecalibacterium sp934525735, 95.0, 83.85, 0.27; GCA_934532365.1, s__Faecalibacterium sp934532365, 95.0, 83.73, 0.262; GCA_934511465.1, s__Faecalibacterium sp934511465, 95.0, 83.73, 0.261; GCA_934561485.1, s__Faecalibacterium sp934561485, 95.0, 83.66, 0.261; GCA_934553285.1, s__Faecalibacterium sp934553285, 95.0, 83.23, 0.258; GCA_934533135.1, s__Faecalibacterium sp934533135, 95.0, 82.97, 0.263; GCA_004558805.1, s__Faecalibacterium prausnitzii_M, 95.0, 82.79, 0.257; GCA_934518555.1, s__Faecalibacterium sp934518555, 95.0, 82.35, 0.238; GCA_934548045.1, s__Faecalibacterium sp934548045, 95.0, 81.23, 0.194	94.0	11	N/A	N/A
CNCMI4575.fna	d__Bacteria;p__Bacillota_A;c__Clostridia;o__Oscillospirales;f__Ruminococcaceae;g__Faecalibacterium;s__Faecalibacterium hattorii	GCF_003287455.1	95.0	d__Bacteria;p__Bacillota_A;c__Clostridia;o__Oscillospirales;f__Ruminococcaceae;g__Faecalibacterium;s__Faecalibacterium hattorii	97.69	0.858	GCF_003287455.1	95.0	d__Bacteria;p__Bacillota_A;c__Clostridia;o__Oscillospirales;f__Ruminococcaceae;g__Faecalibacterium;s__Faecalibacterium hattorii	97.69	0.858	d__Bacteria;p__Bacillota_A;c__Clostridia;o__Oscillospirales;f__Ruminococcaceae;g__Faecalibacterium;s__	taxonomic classification defined by topology and ANI	topological placement and ANI have congruent species assignments	GCF_019967995.1, s__Faecalibacterium prausnitzii_E, 95.0, 89.3, 0.595; GCF_020687245.1, s__Faecalibacterium longum, 95.0, 86.77, 0.38; GCF_010509575.1, s__Faecalibacterium duncaniae, 95.0, 86.59, 0.413; GCF_023347275.1, s__Faecalibacterium sp900758465, 95.0, 86.59, 0.384; GCA_900551435.1, s__Faecalibacterium sp900551435, 95.0, 86.27, 0.47; GCA_934526125.1, s__Faecalibacterium sp934526125, 95.0, 86.0, 0.452; GCF_003324185.1, s__Faecalibacterium prausnitzii, 95.0, 85.68, 0.345; GCA_900765705.1, s__Faecalibacterium sp900765705, 95.0, 85.64, 0.236; GCA_937915335.1, s__Faecalibacterium sp937915335, 95.0, 85.56, 0.276; GCF_023347235.1, s__Faecalibacterium prausnitzii_A, 95.0, 85.47, 0.331; GCF_003287495.1, s__Faecalibacterium prausnitzii_I, 95.0, 85.35, 0.354; GCA_934514285.1, s__Faecalibacterium sp934514285, 95.0, 85.21, 0.344; GCA_014858325.1, s__Faecalibacterium sp014858325, 95.0, 85.13, 0.331; GCF_023347255.1, s__Faecalibacterium prausnitzii_D, 95.0, 85.06, 0.311; GCA_934547065.1, s__Faecalibacterium sp934547065, 95.0, 84.98, 0.404; GCF_023347295.1, s__Faecalibacterium sp003449675, 95.0, 84.76, 0.295; GCF_002549775.1, s__Faecalibacterium prausnitzii_F, 95.0, 84.71, 0.315; GCA_902463905.1, s__Faecalibacterium sp902463905, 95.0, 84.7, 0.233; GCA_025757845.1, s__Faecalibacterium sp900539945, 95.0, 84.59, 0.298; GCF_003287405.1, s__Faecalibacterium prausnitzii_J, 95.0, 84.54, 0.298; GCF_023347535.1, s__Faecalibacterium sp900539885, 95.0, 84.44, 0.301; GCA_934525405.1, s__Faecalibacterium sp934525405, 95.0, 84.44, 0.257; GCA_900765105.1, s__Faecalibacterium sp900765105, 95.0, 84.38, 0.255; GCA_934513205.1, s__Faecalibacterium sp934513205, 95.0, 84.37, 0.303; GCA_900772565.1, s__Faecalibacterium sp900772565, 95.0, 84.37, 0.283; GCA_934540955.1, s__Faecalibacterium sp934540955, 95.0, 84.33, 0.266; GCA_934503275.1, s__Faecalibacterium sp934503275, 95.0, 84.3, 0.303; GCA_902463235.1, s__Faecalibacterium sp902463235, 95.0, 83.99, 0.245; GCA_934525735.1, s__Faecalibacterium sp934525735, 95.0, 83.97, 0.29; GCA_934525845.1, s__Faecalibacterium sp934525845, 95.0, 83.93, 0.286; GCA_934561555.1, s__Faecalibacterium sp934561555, 95.0, 83.92, 0.273; GCA_905215595.1, s__Faecalibacterium sp905215595, 95.0, 83.9, 0.232; GCA_934533135.1, s__Faecalibacterium sp934533135, 95.0, 83.89, 0.308; GCA_934512105.1, s__Faecalibacterium sp934512105, 95.0, 83.83, 0.27; GCA_934561115.1, s__Faecalibacterium sp934561115, 95.0, 83.8, 0.271; GCA_934524985.1, s__Faecalibacterium sp934524985, 95.0, 83.65, 0.289; GCA_937917475.1, s__Faecalibacterium sp937917475, 95.0, 83.62, 0.226; GCA_002313795.1, s__Faecalibacterium prausnitzii_L, 95.0, 83.57, 0.18; GCA_934511465.1, s__Faecalibacterium sp934511465, 95.0, 83.51, 0.282; GCA_934539245.1, s__Faecalibacterium sp934539245, 95.0, 83.43, 0.282; GCA_934525325.1, s__Faecalibacterium sp934525325, 95.0, 83.43, 0.273; GCA_934501115.1, s__Faecalibacterium sp934501115, 95.0, 83.39, 0.24; GCA_934532365.1, s__Faecalibacterium sp934532365, 95.0, 83.35, 0.268; GCA_934561485.1, s__Faecalibacterium sp934561485, 95.0, 82.8, 0.228; GCA_004558805.1, s__Faecalibacterium prausnitzii_M, 95.0, 82.78, 0.233; GCA_934548045.1, s__Faecalibacterium sp934548045, 95.0, 82.54, 0.243; GCA_934553285.1, s__Faecalibacterium sp934553285, 95.0, 82.28, 0.231; GCA_934518555.1, s__Faecalibacterium sp934518555, 95.0, 81.13, 0.157	94.04	11	N/A	N/A
CNCMI4644.fna	d__Bacteria;p__Bacillota_A;c__Clostridia;o__Oscillospirales;f__Ruminococcaceae;g__Faecalibacterium;s__Faecalibacterium prausnitzii_A	GCF_023347235.1	95.0	d__Bacteria;p__Bacillota_A;c__Clostridia;o__Oscillospirales;f__Ruminococcaceae;g__Faecalibacterium;s__Faecalibacterium prausnitzii_A	95.99	0.793	GCF_023347235.1	95.0	d__Bacteria;p__Bacillota_A;c__Clostridia;o__Oscillospirales;f__Ruminococcaceae;g__Faecalibacterium;s__Faecalibacterium prausnitzii_A	95.99	0.793	d__Bacteria;p__Bacillota_A;c__Clostridia;o__Oscillospirales;f__Ruminococcaceae;g__Faecalibacterium;s__	taxonomic classification defined by topology and ANI	topological placement and ANI have congruent species assignments	GCA_934525405.1, s__Faecalibacterium sp934525405, 95.0, 94.52, 0.774; GCA_905215595.1, s__Faecalibacterium sp905215595, 95.0, 94.44, 0.753; GCF_003287405.1, s__Faecalibacterium prausnitzii_J, 95.0, 94.4, 0.728; GCF_023347295.1, s__Faecalibacterium sp003449675, 95.0, 94.38, 0.767; GCF_003324185.1, s__Faecalibacterium prausnitzii, 95.0, 94.38, 0.737; GCA_934525325.1, s__Faecalibacterium sp934525325, 95.0, 94.24, 0.826; GCA_934539245.1, s__Faecalibacterium sp934539245, 95.0, 94.05, 0.793; GCA_934561115.1, s__Faecalibacterium sp934561115, 95.0, 94.05, 0.781; GCA_934524985.1, s__Faecalibacterium sp934524985, 95.0, 93.98, 0.785; GCA_900772565.1, s__Faecalibacterium sp900772565, 95.0, 93.98, 0.74; GCA_934503275.1, s__Faecalibacterium sp934503275, 95.0, 93.96, 0.774; GCA_934532365.1, s__Faecalibacterium sp934532365, 95.0, 93.86, 0.78; GCA_934540955.1, s__Faecalibacterium sp934540955, 95.0, 93.86, 0.749; GCA_934561555.1, s__Faecalibacterium sp934561555, 95.0, 93.82, 0.727; GCA_934512105.1, s__Faecalibacterium sp934512105, 95.0, 93.5, 0.746; GCA_900765705.1, s__Faecalibacterium sp900765705, 95.0, 92.39, 0.539; GCA_902463235.1, s__Faecalibacterium sp902463235, 95.0, 90.78, 0.546; GCA_934513205.1, s__Faecalibacterium sp934513205, 95.0, 89.54, 0.502; GCA_934553285.1, s__Faecalibacterium sp934553285, 95.0, 89.01, 0.635; GCF_023347535.1, s__Faecalibacterium sp900539885, 95.0, 86.77, 0.394; GCA_900765105.1, s__Faecalibacterium sp900765105, 95.0, 86.65, 0.372; GCF_002549775.1, s__Faecalibacterium prausnitzii_F, 95.0, 86.6, 0.394; GCA_025757845.1, s__Faecalibacterium sp900539945, 95.0, 86.41, 0.396; GCA_902463905.1, s__Faecalibacterium sp902463905, 95.0, 86.37, 0.347; GCF_023347255.1, s__Faecalibacterium prausnitzii_D, 95.0, 86.33, 0.384; GCA_934511465.1, s__Faecalibacterium sp934511465, 95.0, 86.0, 0.379; GCA_934525845.1, s__Faecalibacterium sp934525845, 95.0, 85.76, 0.379; GCA_934525735.1, s__Faecalibacterium sp934525735, 95.0, 85.73, 0.4; GCA_934561485.1, s__Faecalibacterium sp934561485, 95.0, 85.49, 0.372; GCF_003287455.1, s__Faecalibacterium hattorii, 95.0, 85.46, 0.315; GCF_010509575.1, s__Faecalibacterium duncaniae, 95.0, 85.37, 0.288; GCA_934501115.1, s__Faecalibacterium sp934501115, 95.0, 85.35, 0.332; GCA_004558805.1, s__Faecalibacterium prausnitzii_M, 95.0, 85.22, 0.386; GCF_020687245.1, s__Faecalibacterium longum, 95.0, 84.75, 0.281; GCA_934518555.1, s__Faecalibacterium sp934518555, 95.0, 84.7, 0.385; GCA_937915335.1, s__Faecalibacterium sp937915335, 95.0, 84.58, 0.176; GCF_003287495.1, s__Faecalibacterium prausnitzii_I, 95.0, 84.3, 0.302; GCF_019967995.1, s__Faecalibacterium prausnitzii_E, 95.0, 84.06, 0.274; GCA_014858325.1, s__Faecalibacterium sp014858325, 95.0, 83.97, 0.238; GCF_023347275.1, s__Faecalibacterium sp900758465, 95.0, 83.95, 0.271; GCA_934526125.1, s__Faecalibacterium sp934526125, 95.0, 83.29, 0.26; GCA_934547065.1, s__Faecalibacterium sp934547065, 95.0, 83.28, 0.26; GCA_934514285.1, s__Faecalibacterium sp934514285, 95.0, 82.96, 0.25; GCA_937917475.1, s__Faecalibacterium sp937917475, 95.0, 82.79, 0.16; GCA_900551435.1, s__Faecalibacterium sp900551435, 95.0, 82.57, 0.187; GCA_934533135.1, s__Faecalibacterium sp934533135, 95.0, 82.43, 0.21	94.0	11	N/A	N/A
FPSSTS7063_SV_a2.fna	d__Bacteria;p__Bacillota_A;c__Clostridia;o__Oscillospirales;f__Ruminococcaceae;g__Faecalibacterium;s__Faecalibacterium longum	GCF_020687245.1	95.0	d__Bacteria;p__Bacillota_A;c__Clostridia;o__Oscillospirales;f__Ruminococcaceae;g__Faecalibacterium;s__Faecalibacterium longum	95.5	0.695	GCF_020687245.1	95.0	d__Bacteria;p__Bacillota_A;c__Clostridia;o__Oscillospirales;f__Ruminococcaceae;g__Faecalibacterium;s__Faecalibacterium longum	95.5	0.695	d__Bacteria;p__Bacillota_A;c__Clostridia;o__Oscillospirales;f__Ruminococcaceae;g__Faecalibacterium;s__	taxonomic classification defined by topology and ANI	topological placement and ANI have congruent species assignments	GCA_934514285.1, s__Faecalibacterium sp934514285, 95.0, 95.28, 0.755; GCF_023347275.1, s__Faecalibacterium sp900758465, 95.0, 90.77, 0.65; GCA_002313795.1, s__Faecalibacterium prausnitzii_L, 95.0, 87.15, 0.377; GCA_900765705.1, s__Faecalibacterium sp900765705, 95.0, 86.33, 0.236; GCF_003287455.1, s__Faecalibacterium hattorii, 95.0, 85.62, 0.361; GCF_019967995.1, s__Faecalibacterium prausnitzii_E, 95.0, 85.5, 0.338; GCA_014858325.1, s__Faecalibacterium sp014858325, 95.0, 85.12, 0.324; GCF_003287495.1, s__Faecalibacterium prausnitzii_I, 95.0, 84.85, 0.338; GCF_023347235.1, s__Faecalibacterium prausnitzii_A, 95.0, 84.56, 0.266; GCA_902463905.1, s__Faecalibacterium sp902463905, 95.0, 84.55, 0.208; GCA_937915335.1, s__Faecalibacterium sp937915335, 95.0, 84.53, 0.189; GCF_003324185.1, s__Faecalibacterium prausnitzii, 95.0, 84.46, 0.252; GCF_002549775.1, s__Faecalibacterium prausnitzii_F, 95.0, 84.37, 0.3; GCA_025757845.1, s__Faecalibacterium sp900539945, 95.0, 84.16, 0.279; GCF_010509575.1, s__Faecalibacterium duncaniae, 95.0, 84.08, 0.257; GCF_023347255.1, s__Faecalibacterium prausnitzii_D, 95.0, 83.95, 0.243; GCA_902463235.1, s__Faecalibacterium sp902463235, 95.0, 83.88, 0.227; GCF_023347295.1, s__Faecalibacterium sp003449675, 95.0, 83.87, 0.233; GCF_003287405.1, s__Faecalibacterium prausnitzii_J, 95.0, 83.82, 0.235; GCA_934526125.1, s__Faecalibacterium sp934526125, 95.0, 83.74, 0.288; GCA_934525845.1, s__Faecalibacterium sp934525845, 95.0, 83.72, 0.243; GCA_900765105.1, s__Faecalibacterium sp900765105, 95.0, 83.69, 0.215; GCF_023347535.1, s__Faecalibacterium sp900539885, 95.0, 83.67, 0.236; GCA_934533135.1, s__Faecalibacterium sp934533135, 95.0, 83.66, 0.287; GCA_934561555.1, s__Faecalibacterium sp934561555, 95.0, 83.66, 0.229; GCA_934503275.1, s__Faecalibacterium sp934503275, 95.0, 83.53, 0.255; GCA_934511465.1, s__Faecalibacterium sp934511465, 95.0, 83.45, 0.246; GCA_934525405.1, s__Faecalibacterium sp934525405, 95.0, 83.43, 0.201; GCA_900772565.1, s__Faecalibacterium sp900772565, 95.0, 83.4, 0.226; GCA_934513205.1, s__Faecalibacterium sp934513205, 95.0, 83.37, 0.232; GCA_934525735.1, s__Faecalibacterium sp934525735, 95.0, 83.35, 0.254; GCA_900551435.1, s__Faecalibacterium sp900551435, 95.0, 83.31, 0.229; GCA_937917475.1, s__Faecalibacterium sp937917475, 95.0, 83.21, 0.169; GCA_934501115.1, s__Faecalibacterium sp934501115, 95.0, 83.18, 0.228; GCA_905215595.1, s__Faecalibacterium sp905215595, 95.0, 83.14, 0.179; GCA_934540955.1, s__Faecalibacterium sp934540955, 95.0, 83.05, 0.207; GCA_934547065.1, s__Faecalibacterium sp934547065, 95.0, 83.02, 0.266; GCA_934539245.1, s__Faecalibacterium sp934539245, 95.0, 83.01, 0.231; GCA_934525325.1, s__Faecalibacterium sp934525325, 95.0, 82.99, 0.211; GCA_934512105.1, s__Faecalibacterium sp934512105, 95.0, 82.98, 0.209; GCA_934561115.1, s__Faecalibacterium sp934561115, 95.0, 82.96, 0.231; GCA_934524985.1, s__Faecalibacterium sp934524985, 95.0, 82.95, 0.234; GCA_934532365.1, s__Faecalibacterium sp934532365, 95.0, 82.86, 0.216; GCA_934561485.1, s__Faecalibacterium sp934561485, 95.0, 82.36, 0.193; GCA_934548045.1, s__Faecalibacterium sp934548045, 95.0, 82.28, 0.237; GCA_004558805.1, s__Faecalibacterium prausnitzii_M, 95.0, 82.01, 0.203; GCA_934553285.1, s__Faecalibacterium sp934553285, 95.0, 81.8, 0.184; GCA_934518555.1, s__Faecalibacterium sp934518555, 95.0, 81.31, 0.195	94.16	11	N/A	N/A
Fp1.fna	d__Bacteria;p__Bacillota_A;c__Clostridia;o__Oscillospirales;f__Ruminococcaceae;g__Faecalibacterium;s__Faecalibacterium duncaniae	GCF_010509575.1	95.0	d__Bacteria;p__Bacillota_A;c__Clostridia;o__Oscillospirales;f__Ruminococcaceae;g__Faecalibacterium;s__Faecalibacterium duncaniae	96.21	0.778	GCF_010509575.1	95.0	d__Bacteria;p__Bacillota_A;c__Clostridia;o__Oscillospirales;f__Ruminococcaceae;g__Faecalibacterium;s__Faecalibacterium duncaniae	96.21	0.778	d__Bacteria;p__Bacillota_A;c__Clostridia;o__Oscillospirales;f__Ruminococcaceae;g__Faecalibacterium;s__	taxonomic classification defined by topology and ANI	topological placement and ANI have congruent species assignments	GCA_937915335.1, s__Faecalibacterium sp937915335, 95.0, 89.37, 0.48; GCF_019967995.1, s__Faecalibacterium prausnitzii_E, 95.0, 87.55, 0.455; GCA_934526125.1, s__Faecalibacterium sp934526125, 95.0, 86.92, 0.508; GCF_003287455.1, s__Faecalibacterium hattorii, 95.0, 86.55, 0.435; GCA_934547065.1, s__Faecalibacterium sp934547065, 95.0, 86.17, 0.483; GCF_023347235.1, s__Faecalibacterium prausnitzii_A, 95.0, 85.97, 0.34; GCA_900765705.1, s__Faecalibacterium sp900765705, 95.0, 85.81, 0.246; GCF_023347295.1, s__Faecalibacterium sp003449675, 95.0, 85.7, 0.33; GCF_023347255.1, s__Faecalibacterium prausnitzii_D, 95.0, 85.66, 0.325; GCA_025757845.1, s__Faecalibacterium sp900539945, 95.0, 85.62, 0.33; GCF_023347535.1, s__Faecalibacterium sp900539885, 95.0, 85.49, 0.294; GCF_020687245.1, s__Faecalibacterium longum, 95.0, 85.46, 0.329; GCF_003324185.1, s__Faecalibacterium prausnitzii, 95.0, 85.29, 0.334; GCF_003287495.1, s__Faecalibacterium prausnitzii_I, 95.0, 85.17, 0.332; GCA_902463905.1, s__Faecalibacterium sp902463905, 95.0, 85.16, 0.251; GCA_014858325.1, s__Faecalibacterium sp014858325, 95.0, 85.08, 0.313; GCA_934503275.1, s__Faecalibacterium sp934503275, 95.0, 85.06, 0.32; GCF_023347275.1, s__Faecalibacterium sp900758465, 95.0, 85.06, 0.299; GCF_002549775.1, s__Faecalibacterium prausnitzii_F, 95.0, 84.92, 0.311; GCF_003287405.1, s__Faecalibacterium prausnitzii_J, 95.0, 84.83, 0.307; GCA_900772565.1, s__Faecalibacterium sp900772565, 95.0, 84.76, 0.284; GCA_902463235.1, s__Faecalibacterium sp902463235, 95.0, 84.76, 0.264; GCA_934525405.1, s__Faecalibacterium sp934525405, 95.0, 84.57, 0.251; GCA_934525845.1, s__Faecalibacterium sp934525845, 95.0, 84.47, 0.288; GCA_905215595.1, s__Faecalibacterium sp905215595, 95.0, 84.4, 0.219; GCA_934561555.1, s__Faecalibacterium sp934561555, 95.0, 84.37, 0.273; GCA_900765105.1, s__Faecalibacterium sp900765105, 95.0, 84.36, 0.244; GCA_934513205.1, s__Faecalibacterium sp934513205, 95.0, 84.31, 0.271; GCA_934524985.1, s__Faecalibacterium sp934524985, 95.0, 84.28, 0.292; GCA_934525325.1, s__Faecalibacterium sp934525325, 95.0, 84.25, 0.26; GCA_934512105.1, s__Faecalibacterium sp934512105, 95.0, 84.21, 0.266; GCA_934514285.1, s__Faecalibacterium sp934514285, 95.0, 84.19, 0.291; GCA_934540955.1, s__Faecalibacterium sp934540955, 95.0, 84.19, 0.271; GCA_002313795.1, s__Faecalibacterium prausnitzii_L, 95.0, 84.17, 0.181; GCA_934561115.1, s__Faecalibacterium sp934561115, 95.0, 84.15, 0.284; GCA_900551435.1, s__Faecalibacterium sp900551435, 95.0, 84.02, 0.323; GCA_934511465.1, s__Faecalibacterium sp934511465, 95.0, 84.02, 0.278; GCA_934525735.1, s__Faecalibacterium sp934525735, 95.0, 83.93, 0.27; GCA_934532365.1, s__Faecalibacterium sp934532365, 95.0, 83.8, 0.261; GCA_934539245.1, s__Faecalibacterium sp934539245, 95.0, 83.77, 0.277; GCA_934561485.1, s__Faecalibacterium sp934561485, 95.0, 83.62, 0.253; GCA_934501115.1, s__Faecalibacterium sp934501115, 95.0, 83.61, 0.236; GCA_937917475.1, s__Faecalibacterium sp937917475, 95.0, 83.45, 0.198; GCA_934553285.1, s__Faecalibacterium sp934553285, 95.0, 83.37, 0.269; GCA_004558805.1, s__Faecalibacterium prausnitzii_M, 95.0, 83.06, 0.239; GCA_934533135.1, s__Faecalibacterium sp934533135, 95.0, 83.02, 0.261; GCA_934518555.1, s__Faecalibacterium sp934518555, 95.0, 82.29, 0.241; GCA_934548045.1, s__Faecalibacterium sp934548045, 95.0, 81.12, 0.185	93.19	11	N/A	N/A
Fp1043.fna	d__Bacteria;p__Bacillota_A;c__Clostridia;o__Oscillospirales;f__Ruminococcaceae;g__Faecalibacterium;s__Faecalibacterium prausnitzii	GCF_003324185.1	95.0	d__Bacteria;p__Bacillota_A;c__Clostridia;o__Oscillospirales;f__Ruminococcaceae;g__Faecalibacterium;s__Faecalibacterium prausnitzii	95.81	0.801	GCF_003324185.1	95.0	d__Bacteria;p__Bacillota_A;c__Clostridia;o__Oscillospirales;f__Ruminococcaceae;g__Faecalibacterium;s__Faecalibacterium prausnitzii	95.81	0.801	d__Bacteria;p__Bacillota_A;c__Clostridia;o__Oscillospirales;f__Ruminococcaceae;g__Faecalibacterium;s__	taxonomic classification defined by topology and ANI	topological placement and ANI have congruent species assignments	GCA_905215595.1, s__Faecalibacterium sp905215595, 95.0, 94.52, 0.758; GCF_023347235.1, s__Faecalibacterium prausnitzii_A, 95.0, 94.5, 0.762; GCA_934525405.1, s__Faecalibacterium sp934525405, 95.0, 94.38, 0.815; GCA_934532365.1, s__Faecalibacterium sp934532365, 95.0, 94.35, 0.804; GCA_934525325.1, s__Faecalibacterium sp934525325, 95.0, 94.21, 0.803; GCA_934524985.1, s__Faecalibacterium sp934524985, 95.0, 94.11, 0.779; GCF_003287405.1, s__Faecalibacterium prausnitzii_J, 95.0, 94.1, 0.729; GCA_934503275.1, s__Faecalibacterium sp934503275, 95.0, 94.06, 0.795; GCA_934539245.1, s__Faecalibacterium sp934539245, 95.0, 94.02, 0.814; GCA_934561555.1, s__Faecalibacterium sp934561555, 95.0, 93.93, 0.731; GCA_934561115.1, s__Faecalibacterium sp934561115, 95.0, 93.88, 0.812; GCA_934540955.1, s__Faecalibacterium sp934540955, 95.0, 93.85, 0.744; GCF_023347295.1, s__Faecalibacterium sp003449675, 95.0, 93.82, 0.715; GCA_900772565.1, s__Faecalibacterium sp900772565, 95.0, 93.79, 0.758; GCA_934512105.1, s__Faecalibacterium sp934512105, 95.0, 93.6, 0.753; GCA_900765705.1, s__Faecalibacterium sp900765705, 95.0, 91.85, 0.574; GCA_902463235.1, s__Faecalibacterium sp902463235, 95.0, 91.39, 0.569; GCA_934513205.1, s__Faecalibacterium sp934513205, 95.0, 89.42, 0.521; GCA_934553285.1, s__Faecalibacterium sp934553285, 95.0, 88.93, 0.637; GCF_023347255.1, s__Faecalibacterium prausnitzii_D, 95.0, 87.34, 0.403; GCF_023347535.1, s__Faecalibacterium sp900539885, 95.0, 86.86, 0.394; GCF_002549775.1, s__Faecalibacterium prausnitzii_F, 95.0, 86.72, 0.405; GCA_900765105.1, s__Faecalibacterium sp900765105, 95.0, 86.67, 0.379; GCA_025757845.1, s__Faecalibacterium sp900539945, 95.0, 86.63, 0.41; GCA_902463905.1, s__Faecalibacterium sp902463905, 95.0, 86.52, 0.356; GCF_010509575.1, s__Faecalibacterium duncaniae, 95.0, 86.26, 0.328; GCA_934511465.1, s__Faecalibacterium sp934511465, 95.0, 86.07, 0.397; GCF_019967995.1, s__Faecalibacterium prausnitzii_E, 95.0, 85.7, 0.32; GCA_934525735.1, s__Faecalibacterium sp934525735, 95.0, 85.63, 0.385; GCA_934525845.1, s__Faecalibacterium sp934525845, 95.0, 85.62, 0.384; GCA_004558805.1, s__Faecalibacterium prausnitzii_M, 95.0, 85.61, 0.401; GCA_934501115.1, s__Faecalibacterium sp934501115, 95.0, 85.52, 0.365; GCF_003287455.1, s__Faecalibacterium hattorii, 95.0, 85.38, 0.332; GCF_020687245.1, s__Faecalibacterium longum, 95.0, 85.32, 0.302; GCA_934561485.1, s__Faecalibacterium sp934561485, 95.0, 85.24, 0.373; GCF_023347275.1, s__Faecalibacterium sp900758465, 95.0, 85.02, 0.305; GCA_934518555.1, s__Faecalibacterium sp934518555, 95.0, 84.78, 0.38; GCA_937915335.1, s__Faecalibacterium sp937915335, 95.0, 84.22, 0.177; GCA_014858325.1, s__Faecalibacterium sp014858325, 95.0, 84.1, 0.237; GCF_003287495.1, s__Faecalibacterium prausnitzii_I, 95.0, 83.79, 0.274; GCA_934526125.1, s__Faecalibacterium sp934526125, 95.0, 83.45, 0.262; GCA_934547065.1, s__Faecalibacterium sp934547065, 95.0, 83.29, 0.263; GCA_934533135.1, s__Faecalibacterium sp934533135, 95.0, 82.98, 0.218; GCA_934514285.1, s__Faecalibacterium sp934514285, 95.0, 82.96, 0.255; GCA_937917475.1, s__Faecalibacterium sp937917475, 95.0, 82.78, 0.158; GCA_900551435.1, s__Faecalibacterium sp900551435, 95.0, 82.68, 0.199; GCA_900540455.1, s__Faecalibacterium sp900540455, 95.0, 81.62, 0.15	94.02	11	N/A	N/A
Fp137.fna	d__Bacteria;p__Bacillota_A;c__Clostridia;o__Oscillospirales;f__Ruminococcaceae;g__Faecalibacterium;s__Faecalibacterium prausnitzii	GCF_003324185.1	95.0	d__Bacteria;p__Bacillota_A;c__Clostridia;o__Oscillospirales;f__Ruminococcaceae;g__Faecalibacterium;s__Faecalibacterium prausnitzii	95.93	0.793	GCF_003324185.1	95.0	d__Bacteria;p__Bacillota_A;c__Clostridia;o__Oscillospirales;f__Ruminococcaceae;g__Faecalibacterium;s__Faecalibacterium prausnitzii	95.93	0.793	d__Bacteria;p__Bacillota_A;c__Clostridia;o__Oscillospirales;f__Ruminococcaceae;g__Faecalibacterium;s__	taxonomic classification defined by topology and ANI	topological placement and ANI have congruent species assignments	GCA_905215595.1, s__Faecalibacterium sp905215595, 95.0, 94.73, 0.769; GCA_934503275.1, s__Faecalibacterium sp934503275, 95.0, 94.45, 0.795; GCA_934525405.1, s__Faecalibacterium sp934525405, 95.0, 94.38, 0.783; GCF_023347235.1, s__Faecalibacterium prausnitzii_A, 95.0, 94.38, 0.723; GCF_003287405.1, s__Faecalibacterium prausnitzii_J, 95.0, 94.23, 0.707; GCA_934524985.1, s__Faecalibacterium sp934524985, 95.0, 94.11, 0.778; GCA_934525325.1, s__Faecalibacterium sp934525325, 95.0, 94.08, 0.797; GCA_934539245.1, s__Faecalibacterium sp934539245, 95.0, 94.02, 0.814; GCF_023347295.1, s__Faecalibacterium sp003449675, 95.0, 93.98, 0.73; GCA_934532365.1, s__Faecalibacterium sp934532365, 95.0, 93.97, 0.8; GCA_900772565.1, s__Faecalibacterium sp900772565, 95.0, 93.95, 0.755; GCA_934561555.1, s__Faecalibacterium sp934561555, 95.0, 93.93, 0.73; GCA_934561115.1, s__Faecalibacterium sp934561115, 95.0, 93.88, 0.807; GCA_934512105.1, s__Faecalibacterium sp934512105, 95.0, 93.86, 0.752; GCA_934540955.1, s__Faecalibacterium sp934540955, 95.0, 93.85, 0.745; GCA_900765705.1, s__Faecalibacterium sp900765705, 95.0, 91.76, 0.559; GCA_902463235.1, s__Faecalibacterium sp902463235, 95.0, 90.7, 0.53; GCA_934513205.1, s__Faecalibacterium sp934513205, 95.0, 89.54, 0.521; GCA_934553285.1, s__Faecalibacterium sp934553285, 95.0, 88.94, 0.644; GCA_025757845.1, s__Faecalibacterium sp900539945, 95.0, 87.08, 0.432; GCF_023347255.1, s__Faecalibacterium prausnitzii_D, 95.0, 86.91, 0.39; GCA_900765105.1, s__Faecalibacterium sp900765105, 95.0, 86.89, 0.376; GCF_002549775.1, s__Faecalibacterium prausnitzii_F, 95.0, 86.87, 0.411; GCF_023347535.1, s__Faecalibacterium sp900539885, 95.0, 86.77, 0.406; GCA_902463905.1, s__Faecalibacterium sp902463905, 95.0, 86.76, 0.356; GCA_934511465.1, s__Faecalibacterium sp934511465, 95.0, 85.97, 0.4; GCF_010509575.1, s__Faecalibacterium duncaniae, 95.0, 85.95, 0.294; GCA_934501115.1, s__Faecalibacterium sp934501115, 95.0, 85.84, 0.354; GCF_019967995.1, s__Faecalibacterium prausnitzii_E, 95.0, 85.64, 0.328; GCA_934525735.1, s__Faecalibacterium sp934525735, 95.0, 85.49, 0.382; GCA_934525845.1, s__Faecalibacterium sp934525845, 95.0, 85.43, 0.374; GCF_003287455.1, s__Faecalibacterium hattorii, 95.0, 85.42, 0.331; GCA_934561485.1, s__Faecalibacterium sp934561485, 95.0, 85.41, 0.375; GCA_004558805.1, s__Faecalibacterium prausnitzii_M, 95.0, 85.27, 0.381; GCF_020687245.1, s__Faecalibacterium longum, 95.0, 85.07, 0.291; GCF_023347275.1, s__Faecalibacterium sp900758465, 95.0, 84.94, 0.3; GCA_934518555.1, s__Faecalibacterium sp934518555, 95.0, 84.66, 0.381; GCF_003287495.1, s__Faecalibacterium prausnitzii_I, 95.0, 84.5, 0.299; GCA_937915335.1, s__Faecalibacterium sp937915335, 95.0, 84.29, 0.178; GCA_014858325.1, s__Faecalibacterium sp014858325, 95.0, 83.84, 0.237; GCA_934547065.1, s__Faecalibacterium sp934547065, 95.0, 83.43, 0.257; GCA_934526125.1, s__Faecalibacterium sp934526125, 95.0, 83.42, 0.264; GCA_934514285.1, s__Faecalibacterium sp934514285, 95.0, 83.3, 0.258; GCA_937917475.1, s__Faecalibacterium sp937917475, 95.0, 82.86, 0.153; GCA_934533135.1, s__Faecalibacterium sp934533135, 95.0, 82.67, 0.211; GCA_900551435.1, s__Faecalibacterium sp900551435, 95.0, 82.37, 0.206; GCA_900540455.1, s__Faecalibacterium sp900540455, 95.0, 81.87, 0.151	93.98	11	N/A	N/A
Fp14.fna	d__Bacteria;p__Bacillota_A;c__Clostridia;o__Oscillospirales;f__Ruminococcaceae;g__Faecalibacterium;s__Faecalibacterium duncaniae	GCF_010509575.1	95.0	d__Bacteria;p__Bacillota_A;c__Clostridia;o__Oscillospirales;f__Ruminococcaceae;g__Faecalibacterium;s__Faecalibacterium duncaniae	96.64	0.774	GCF_010509575.1	95.0	d__Bacteria;p__Bacillota_A;c__Clostridia;o__Oscillospirales;f__Ruminococcaceae;g__Faecalibacterium;s__Faecalibacterium duncaniae	96.64	0.774	d__Bacteria;p__Bacillota_A;c__Clostridia;o__Oscillospirales;f__Ruminococcaceae;g__Faecalibacterium;s__	taxonomic classification defined by topology and ANI	topological placement and ANI have congruent species assignments	GCA_937915335.1, s__Faecalibacterium sp937915335, 95.0, 89.26, 0.48; GCF_019967995.1, s__Faecalibacterium prausnitzii_E, 95.0, 87.22, 0.434; GCA_934526125.1, s__Faecalibacterium sp934526125, 95.0, 86.9, 0.516; GCF_003287455.1, s__Faecalibacterium hattorii, 95.0, 86.62, 0.425; GCA_934547065.1, s__Faecalibacterium sp934547065, 95.0, 86.41, 0.483; GCF_023347295.1, s__Faecalibacterium sp003449675, 95.0, 86.0, 0.318; GCA_900765705.1, s__Faecalibacterium sp900765705, 95.0, 85.68, 0.242; GCA_025757845.1, s__Faecalibacterium sp900539945, 95.0, 85.63, 0.33; GCA_902463905.1, s__Faecalibacterium sp902463905, 95.0, 85.46, 0.264; GCF_023347235.1, s__Faecalibacterium prausnitzii_A, 95.0, 85.41, 0.311; GCF_003287495.1, s__Faecalibacterium prausnitzii_I, 95.0, 85.29, 0.332; GCA_014858325.1, s__Faecalibacterium sp014858325, 95.0, 85.28, 0.315; GCF_003324185.1, s__Faecalibacterium prausnitzii, 95.0, 85.28, 0.312; GCF_002549775.1, s__Faecalibacterium prausnitzii_F, 95.0, 85.27, 0.314; GCF_023347255.1, s__Faecalibacterium prausnitzii_D, 95.0, 85.25, 0.312; GCF_023347535.1, s__Faecalibacterium sp900539885, 95.0, 85.18, 0.29; GCF_023347275.1, s__Faecalibacterium sp900758465, 95.0, 84.98, 0.295; GCF_020687245.1, s__Faecalibacterium longum, 95.0, 84.9, 0.298; GCA_900765105.1, s__Faecalibacterium sp900765105, 95.0, 84.69, 0.234; GCA_902463235.1, s__Faecalibacterium sp902463235, 95.0, 84.64, 0.258; GCA_934503275.1, s__Faecalibacterium sp934503275, 95.0, 84.56, 0.308; GCA_934525845.1, s__Faecalibacterium sp934525845, 95.0, 84.54, 0.313; GCF_003287405.1, s__Faecalibacterium prausnitzii_J, 95.0, 84.54, 0.299; GCA_934513205.1, s__Faecalibacterium sp934513205, 95.0, 84.4, 0.274; GCA_934561555.1, s__Faecalibacterium sp934561555, 95.0, 84.36, 0.278; GCA_900772565.1, s__Faecalibacterium sp900772565, 95.0, 84.35, 0.275; GCA_934524985.1, s__Faecalibacterium sp934524985, 95.0, 84.34, 0.305; GCA_934525405.1, s__Faecalibacterium sp934525405, 95.0, 84.32, 0.246; GCA_905215595.1, s__Faecalibacterium sp905215595, 95.0, 84.28, 0.221; GCA_900551435.1, s__Faecalibacterium sp900551435, 95.0, 84.02, 0.313; GCA_934540955.1, s__Faecalibacterium sp934540955, 95.0, 84.02, 0.266; GCA_002313795.1, s__Faecalibacterium prausnitzii_L, 95.0, 83.97, 0.18; GCA_934525325.1, s__Faecalibacterium sp934525325, 95.0, 83.94, 0.267; GCA_934525735.1, s__Faecalibacterium sp934525735, 95.0, 83.91, 0.269; GCA_934511465.1, s__Faecalibacterium sp934511465, 95.0, 83.89, 0.278; GCA_934514285.1, s__Faecalibacterium sp934514285, 95.0, 83.88, 0.303; GCA_934512105.1, s__Faecalibacterium sp934512105, 95.0, 83.88, 0.266; GCA_934532365.1, s__Faecalibacterium sp934532365, 95.0, 83.83, 0.266; GCA_934561115.1, s__Faecalibacterium sp934561115, 95.0, 83.75, 0.268; GCA_934561485.1, s__Faecalibacterium sp934561485, 95.0, 83.68, 0.258; GCA_934501115.1, s__Faecalibacterium sp934501115, 95.0, 83.65, 0.238; GCA_934539245.1, s__Faecalibacterium sp934539245, 95.0, 83.6, 0.272; GCA_937917475.1, s__Faecalibacterium sp937917475, 95.0, 83.33, 0.196; GCA_934533135.1, s__Faecalibacterium sp934533135, 95.0, 83.26, 0.271; GCA_934553285.1, s__Faecalibacterium sp934553285, 95.0, 83.18, 0.268; GCA_004558805.1, s__Faecalibacterium prausnitzii_M, 95.0, 82.86, 0.246; GCA_934518555.1, s__Faecalibacterium sp934518555, 95.0, 82.33, 0.252; GCA_934548045.1, s__Faecalibacterium sp934548045, 95.0, 81.02, 0.193	93.13	11	N/A	N/A
Fp28.fna	d__Bacteria;p__Bacillota_A;c__Clostridia;o__Oscillospirales;f__Ruminococcaceae;g__Faecalibacterium;s__Faecalibacterium duncaniae	GCF_010509575.1	95.0	d__Bacteria;p__Bacillota_A;c__Clostridia;o__Oscillospirales;f__Ruminococcaceae;g__Faecalibacterium;s__Faecalibacterium duncaniae	95.98	0.779	GCF_010509575.1	95.0	d__Bacteria;p__Bacillota_A;c__Clostridia;o__Oscillospirales;f__Ruminococcaceae;g__Faecalibacterium;s__Faecalibacterium duncaniae	95.98	0.779	d__Bacteria;p__Bacillota_A;c__Clostridia;o__Oscillospirales;f__Ruminococcaceae;g__Faecalibacterium;s__	taxonomic classification defined by topology and ANI	topological placement and ANI have congruent species assignments	GCA_937915335.1, s__Faecalibacterium sp937915335, 95.0, 89.38, 0.481; GCF_019967995.1, s__Faecalibacterium prausnitzii_E, 95.0, 87.51, 0.444; GCA_934526125.1, s__Faecalibacterium sp934526125, 95.0, 86.94, 0.509; GCF_003287455.1, s__Faecalibacterium hattorii, 95.0, 86.6, 0.435; GCA_934547065.1, s__Faecalibacterium sp934547065, 95.0, 86.17, 0.483; GCF_023347235.1, s__Faecalibacterium prausnitzii_A, 95.0, 85.95, 0.331; GCF_023347255.1, s__Faecalibacterium prausnitzii_D, 95.0, 85.86, 0.328; GCA_900765705.1, s__Faecalibacterium sp900765705, 95.0, 85.83, 0.244; GCF_023347295.1, s__Faecalibacterium sp003449675, 95.0, 85.74, 0.318; GCA_025757845.1, s__Faecalibacterium sp900539945, 95.0, 85.51, 0.322; GCF_020687245.1, s__Faecalibacterium longum, 95.0, 85.46, 0.322; GCF_003324185.1, s__Faecalibacterium prausnitzii, 95.0, 85.28, 0.327; GCF_003287495.1, s__Faecalibacterium prausnitzii_I, 95.0, 85.2, 0.332; GCF_023347535.1, s__Faecalibacterium sp900539885, 95.0, 85.17, 0.291; GCA_902463905.1, s__Faecalibacterium sp902463905, 95.0, 85.13, 0.249; GCA_014858325.1, s__Faecalibacterium sp014858325, 95.0, 85.09, 0.313; GCA_934503275.1, s__Faecalibacterium sp934503275, 95.0, 85.05, 0.32; GCF_002549775.1, s__Faecalibacterium prausnitzii_F, 95.0, 84.91, 0.309; GCF_003287405.1, s__Faecalibacterium prausnitzii_J, 95.0, 84.82, 0.3; GCA_902463235.1, s__Faecalibacterium sp902463235, 95.0, 84.76, 0.265; GCF_023347275.1, s__Faecalibacterium sp900758465, 95.0, 84.74, 0.296; GCA_900772565.1, s__Faecalibacterium sp900772565, 95.0, 84.73, 0.283; GCA_934525405.1, s__Faecalibacterium sp934525405, 95.0, 84.55, 0.252; GCA_934525845.1, s__Faecalibacterium sp934525845, 95.0, 84.47, 0.289; GCA_900765105.1, s__Faecalibacterium sp900765105, 95.0, 84.38, 0.243; GCA_905215595.1, s__Faecalibacterium sp905215595, 95.0, 84.36, 0.218; GCA_934561555.1, s__Faecalibacterium sp934561555, 95.0, 84.31, 0.272; GCA_934513205.1, s__Faecalibacterium sp934513205, 95.0, 84.3, 0.271; GCA_934524985.1, s__Faecalibacterium sp934524985, 95.0, 84.28, 0.293; GCA_934525325.1, s__Faecalibacterium sp934525325, 95.0, 84.25, 0.26; GCA_934512105.1, s__Faecalibacterium sp934512105, 95.0, 84.22, 0.268; GCA_934540955.1, s__Faecalibacterium sp934540955, 95.0, 84.2, 0.271; GCA_934514285.1, s__Faecalibacterium sp934514285, 95.0, 84.19, 0.291; GCA_002313795.1, s__Faecalibacterium prausnitzii_L, 95.0, 84.15, 0.181; GCA_934561115.1, s__Faecalibacterium sp934561115, 95.0, 84.14, 0.284; GCA_900551435.1, s__Faecalibacterium sp900551435, 95.0, 84.03, 0.322; GCA_934511465.1, s__Faecalibacterium sp934511465, 95.0, 84.01, 0.278; GCA_934525735.1, s__Faecalibacterium sp934525735, 95.0, 83.84, 0.268; GCA_934532365.1, s__Faecalibacterium sp934532365, 95.0, 83.8, 0.26; GCA_934539245.1, s__Faecalibacterium sp934539245, 95.0, 83.76, 0.277; GCA_934561485.1, s__Faecalibacterium sp934561485, 95.0, 83.6, 0.251; GCA_934501115.1, s__Faecalibacterium sp934501115, 95.0, 83.6, 0.235; GCA_937917475.1, s__Faecalibacterium sp937917475, 95.0, 83.44, 0.197; GCA_934553285.1, s__Faecalibacterium sp934553285, 95.0, 83.34, 0.267; GCA_934533135.1, s__Faecalibacterium sp934533135, 95.0, 83.03, 0.262; GCA_004558805.1, s__Faecalibacterium prausnitzii_M, 95.0, 83.03, 0.238; GCA_934518555.1, s__Faecalibacterium sp934518555, 95.0, 82.3, 0.241; GCA_934548045.1, s__Faecalibacterium sp934548045, 95.0, 81.11, 0.184	93.82	11	N/A	N/A
Fp360.fna	d__Bacteria;p__Bacillota_A;c__Clostridia;o__Oscillospirales;f__Ruminococcaceae;g__Faecalibacterium;s__Faecalibacterium longum	GCF_020687245.1	95.0	d__Bacteria;p__Bacillota_A;c__Clostridia;o__Oscillospirales;f__Ruminococcaceae;g__Faecalibacterium;s__Faecalibacterium longum	96.24	0.743	GCF_020687245.1	95.0	d__Bacteria;p__Bacillota_A;c__Clostridia;o__Oscillospirales;f__Ruminococcaceae;g__Faecalibacterium;s__Faecalibacterium longum	96.24	0.743	d__Bacteria;p__Bacillota_A;c__Clostridia;o__Oscillospirales;f__Ruminococcaceae;g__Faecalibacterium;s__	taxonomic classification defined by topology and ANI	topological placement and ANI have congruent species assignments	GCA_934514285.1, s__Faecalibacterium sp934514285, 95.0, 95.7, 0.811; GCF_023347275.1, s__Faecalibacterium sp900758465, 95.0, 91.45, 0.693; GCA_900765705.1, s__Faecalibacterium sp900765705, 95.0, 87.79, 0.271; GCA_002313795.1, s__Faecalibacterium prausnitzii_L, 95.0, 87.06, 0.402; GCF_019967995.1, s__Faecalibacterium prausnitzii_E, 95.0, 86.35, 0.379; GCF_003287455.1, s__Faecalibacterium hattorii, 95.0, 85.98, 0.373; GCA_025757845.1, s__Faecalibacterium sp900539945, 95.0, 85.21, 0.307; GCA_014858325.1, s__Faecalibacterium sp014858325, 95.0, 85.04, 0.333; GCF_010509575.1, s__Faecalibacterium duncaniae, 95.0, 84.84, 0.277; GCF_023347255.1, s__Faecalibacterium prausnitzii_D, 95.0, 84.83, 0.285; GCF_023347235.1, s__Faecalibacterium prausnitzii_A, 95.0, 84.77, 0.286; GCF_003287495.1, s__Faecalibacterium prausnitzii_I, 95.0, 84.67, 0.357; GCA_900765105.1, s__Faecalibacterium sp900765105, 95.0, 84.51, 0.247; GCF_003324185.1, s__Faecalibacterium prausnitzii, 95.0, 84.5, 0.275; GCA_902463905.1, s__Faecalibacterium sp902463905, 95.0, 84.35, 0.208; GCF_003287405.1, s__Faecalibacterium prausnitzii_J, 95.0, 84.33, 0.243; GCA_937915335.1, s__Faecalibacterium sp937915335, 95.0, 84.25, 0.191; GCF_023347535.1, s__Faecalibacterium sp900539885, 95.0, 84.15, 0.266; GCF_023347295.1, s__Faecalibacterium sp003449675, 95.0, 84.08, 0.255; GCA_900772565.1, s__Faecalibacterium sp900772565, 95.0, 84.08, 0.237; GCA_934503275.1, s__Faecalibacterium sp934503275, 95.0, 84.06, 0.28; GCF_002549775.1, s__Faecalibacterium prausnitzii_F, 95.0, 84.0, 0.305; GCA_902463235.1, s__Faecalibacterium sp902463235, 95.0, 83.81, 0.217; GCA_934526125.1, s__Faecalibacterium sp934526125, 95.0, 83.51, 0.305; GCA_934525735.1, s__Faecalibacterium sp934525735, 95.0, 83.47, 0.265; GCA_934525845.1, s__Faecalibacterium sp934525845, 95.0, 83.46, 0.253; GCA_900551435.1, s__Faecalibacterium sp900551435, 95.0, 83.32, 0.237; GCA_934511465.1, s__Faecalibacterium sp934511465, 95.0, 83.31, 0.255; GCA_934533135.1, s__Faecalibacterium sp934533135, 95.0, 83.29, 0.284; GCA_934525405.1, s__Faecalibacterium sp934525405, 95.0, 83.27, 0.193; GCA_934547065.1, s__Faecalibacterium sp934547065, 95.0, 83.25, 0.273; GCA_905215595.1, s__Faecalibacterium sp905215595, 95.0, 83.21, 0.192; GCA_934513205.1, s__Faecalibacterium sp934513205, 95.0, 83.15, 0.254; GCA_934525325.1, s__Faecalibacterium sp934525325, 95.0, 83.06, 0.226; GCA_934512105.1, s__Faecalibacterium sp934512105, 95.0, 83.05, 0.209; GCA_934524985.1, s__Faecalibacterium sp934524985, 95.0, 82.95, 0.248; GCA_934540955.1, s__Faecalibacterium sp934540955, 95.0, 82.89, 0.22; GCA_934561555.1, s__Faecalibacterium sp934561555, 95.0, 82.82, 0.226; GCA_934501115.1, s__Faecalibacterium sp934501115, 95.0, 82.81, 0.221; GCA_937917475.1, s__Faecalibacterium sp937917475, 95.0, 82.77, 0.171; GCA_934539245.1, s__Faecalibacterium sp934539245, 95.0, 82.72, 0.239; GCA_934532365.1, s__Faecalibacterium sp934532365, 95.0, 82.7, 0.219; GCA_934561115.1, s__Faecalibacterium sp934561115, 95.0, 82.51, 0.227; GCA_934561485.1, s__Faecalibacterium sp934561485, 95.0, 82.13, 0.186; GCA_934548045.1, s__Faecalibacterium sp934548045, 95.0, 81.96, 0.246; GCA_004558805.1, s__Faecalibacterium prausnitzii_M, 95.0, 81.82, 0.188; GCA_934553285.1, s__Faecalibacterium sp934553285, 95.0, 81.75, 0.195; GCA_934518555.1, s__Faecalibacterium sp934518555, 95.0, 80.71, 0.182	94.14	11	N/A	N/A
Fp4.fna	d__Bacteria;p__Bacillota_A;c__Clostridia;o__Oscillospirales;f__Ruminococcaceae;g__Faecalibacterium;s__Faecalibacterium prausnitzii_E	GCF_019967995.1	95.0	d__Bacteria;p__Bacillota_A;c__Clostridia;o__Oscillospirales;f__Ruminococcaceae;g__Faecalibacterium;s__Faecalibacterium prausnitzii_E	99.97	1.0	GCF_019967995.1	95.0	d__Bacteria;p__Bacillota_A;c__Clostridia;o__Oscillospirales;f__Ruminococcaceae;g__Faecalibacterium;s__Faecalibacterium prausnitzii_E	99.97	1.0	d__Bacteria;p__Bacillota_A;c__Clostridia;o__Oscillospirales;f__Ruminococcaceae;g__Faecalibacterium;s__	taxonomic classification defined by topology and ANI	topological placement and ANI have congruent species assignments	GCF_003287455.1, s__Faecalibacterium hattorii, 95.0, 89.31, 0.625; GCF_010509575.1, s__Faecalibacterium duncaniae, 95.0, 86.78, 0.398; GCA_900765705.1, s__Faecalibacterium sp900765705, 95.0, 86.49, 0.257; GCA_900551435.1, s__Faecalibacterium sp900551435, 95.0, 86.47, 0.492; GCF_020687245.1, s__Faecalibacterium longum, 95.0, 86.42, 0.361; GCF_023347275.1, s__Faecalibacterium sp900758465, 95.0, 86.13, 0.375; GCA_934526125.1, s__Faecalibacterium sp934526125, 95.0, 86.07, 0.458; GCA_937915335.1, s__Faecalibacterium sp937915335, 95.0, 85.57, 0.261; GCF_023347535.1, s__Faecalibacterium sp900539885, 95.0, 85.48, 0.304; GCF_003324185.1, s__Faecalibacterium prausnitzii, 95.0, 85.43, 0.327; GCA_902463905.1, s__Faecalibacterium sp902463905, 95.0, 85.43, 0.27; GCF_003287495.1, s__Faecalibacterium prausnitzii_I, 95.0, 85.42, 0.351; GCF_023347235.1, s__Faecalibacterium prausnitzii_A, 95.0, 85.42, 0.328; GCA_025757845.1, s__Faecalibacterium sp900539945, 95.0, 85.28, 0.323; GCA_934547065.1, s__Faecalibacterium sp934547065, 95.0, 85.22, 0.42; GCF_023347255.1, s__Faecalibacterium prausnitzii_D, 95.0, 85.0, 0.299; GCF_023347295.1, s__Faecalibacterium sp003449675, 95.0, 84.99, 0.302; GCA_934514285.1, s__Faecalibacterium sp934514285, 95.0, 84.96, 0.362; GCA_014858325.1, s__Faecalibacterium sp014858325, 95.0, 84.91, 0.321; GCF_002549775.1, s__Faecalibacterium prausnitzii_F, 95.0, 84.81, 0.322; GCA_934525845.1, s__Faecalibacterium sp934525845, 95.0, 84.64, 0.299; GCA_934503275.1, s__Faecalibacterium sp934503275, 95.0, 84.58, 0.314; GCA_900765105.1, s__Faecalibacterium sp900765105, 95.0, 84.54, 0.249; GCA_934513205.1, s__Faecalibacterium sp934513205, 95.0, 84.22, 0.299; GCA_934561555.1, s__Faecalibacterium sp934561555, 95.0, 84.21, 0.275; GCA_934525735.1, s__Faecalibacterium sp934525735, 95.0, 84.18, 0.29; GCA_905215595.1, s__Faecalibacterium sp905215595, 95.0, 84.17, 0.247; GCA_002313795.1, s__Faecalibacterium prausnitzii_L, 95.0, 84.14, 0.202; GCF_003287405.1, s__Faecalibacterium prausnitzii_J, 95.0, 84.13, 0.288; GCA_934512105.1, s__Faecalibacterium sp934512105, 95.0, 84.13, 0.275; GCA_900772565.1, s__Faecalibacterium sp900772565, 95.0, 84.07, 0.275; GCA_934525405.1, s__Faecalibacterium sp934525405, 95.0, 84.05, 0.26; GCA_934540955.1, s__Faecalibacterium sp934540955, 95.0, 84.0, 0.272; GCA_934533135.1, s__Faecalibacterium sp934533135, 95.0, 83.87, 0.303; GCA_934524985.1, s__Faecalibacterium sp934524985, 95.0, 83.87, 0.293; GCA_934561115.1, s__Faecalibacterium sp934561115, 95.0, 83.82, 0.288; GCA_902463235.1, s__Faecalibacterium sp902463235, 95.0, 83.82, 0.238; GCA_934511465.1, s__Faecalibacterium sp934511465, 95.0, 83.79, 0.289; GCA_934532365.1, s__Faecalibacterium sp934532365, 95.0, 83.75, 0.27; GCA_934525325.1, s__Faecalibacterium sp934525325, 95.0, 83.63, 0.272; GCA_937917475.1, s__Faecalibacterium sp937917475, 95.0, 83.63, 0.198; GCA_934539245.1, s__Faecalibacterium sp934539245, 95.0, 83.48, 0.278; GCA_934501115.1, s__Faecalibacterium sp934501115, 95.0, 83.31, 0.247; GCA_934553285.1, s__Faecalibacterium sp934553285, 95.0, 83.18, 0.266; GCA_934561485.1, s__Faecalibacterium sp934561485, 95.0, 83.05, 0.251; GCA_934548045.1, s__Faecalibacterium sp934548045, 95.0, 82.63, 0.243; GCA_004558805.1, s__Faecalibacterium prausnitzii_M, 95.0, 82.39, 0.226; GCA_934518555.1, s__Faecalibacterium sp934518555, 95.0, 81.92, 0.237; GCA_900540455.1, s__Faecalibacterium sp900540455, 95.0, 81.6, 0.152	93.92	11	N/A	N/A
Fp40.fna	d__Bacteria;p__Bacillota_A;c__Clostridia;o__Oscillospirales;f__Ruminococcaceae;g__Faecalibacterium;s__Faecalibacterium prausnitzii_E	GCF_019967995.1	95.0	d__Bacteria;p__Bacillota_A;c__Clostridia;o__Oscillospirales;f__Ruminococcaceae;g__Faecalibacterium;s__Faecalibacterium prausnitzii_E	99.97	1.0	GCF_019967995.1	95.0	d__Bacteria;p__Bacillota_A;c__Clostridia;o__Oscillospirales;f__Ruminococcaceae;g__Faecalibacterium;s__Faecalibacterium prausnitzii_E	99.97	1.0	d__Bacteria;p__Bacillota_A;c__Clostridia;o__Oscillospirales;f__Ruminococcaceae;g__Faecalibacterium;s__	taxonomic classification defined by topology and ANI	topological placement and ANI have congruent species assignments	GCF_003287455.1, s__Faecalibacterium hattorii, 95.0, 89.31, 0.625; GCF_010509575.1, s__Faecalibacterium duncaniae, 95.0, 86.77, 0.399; GCA_900551435.1, s__Faecalibacterium sp900551435, 95.0, 86.57, 0.492; GCA_900765705.1, s__Faecalibacterium sp900765705, 95.0, 86.48, 0.256; GCF_020687245.1, s__Faecalibacterium longum, 95.0, 86.41, 0.363; GCF_023347275.1, s__Faecalibacterium sp900758465, 95.0, 86.14, 0.375; GCA_934526125.1, s__Faecalibacterium sp934526125, 95.0, 86.07, 0.458; GCA_937915335.1, s__Faecalibacterium sp937915335, 95.0, 85.57, 0.261; GCF_023347535.1, s__Faecalibacterium sp900539885, 95.0, 85.48, 0.304; GCF_023347235.1, s__Faecalibacterium prausnitzii_A, 95.0, 85.47, 0.328; GCF_003287495.1, s__Faecalibacterium prausnitzii_I, 95.0, 85.43, 0.352; GCF_003324185.1, s__Faecalibacterium prausnitzii, 95.0, 85.43, 0.33; GCA_902463905.1, s__Faecalibacterium sp902463905, 95.0, 85.43, 0.27; GCA_025757845.1, s__Faecalibacterium sp900539945, 95.0, 85.28, 0.322; GCA_934547065.1, s__Faecalibacterium sp934547065, 95.0, 85.22, 0.42; GCF_023347255.1, s__Faecalibacterium prausnitzii_D, 95.0, 85.01, 0.301; GCF_023347295.1, s__Faecalibacterium sp003449675, 95.0, 84.99, 0.305; GCA_934514285.1, s__Faecalibacterium sp934514285, 95.0, 84.96, 0.363; GCA_014858325.1, s__Faecalibacterium sp014858325, 95.0, 84.91, 0.321; GCF_002549775.1, s__Faecalibacterium prausnitzii_F, 95.0, 84.81, 0.322; GCA_934503275.1, s__Faecalibacterium sp934503275, 95.0, 84.65, 0.312; GCA_934525845.1, s__Faecalibacterium sp934525845, 95.0, 84.63, 0.299; GCA_900765105.1, s__Faecalibacterium sp900765105, 95.0, 84.53, 0.249; GCA_934513205.1, s__Faecalibacterium sp934513205, 95.0, 84.22, 0.299; GCA_934561555.1, s__Faecalibacterium sp934561555, 95.0, 84.2, 0.274; GCA_934525735.1, s__Faecalibacterium sp934525735, 95.0, 84.19, 0.291; GCF_003287405.1, s__Faecalibacterium prausnitzii_J, 95.0, 84.14, 0.292; GCA_002313795.1, s__Faecalibacterium prausnitzii_L, 95.0, 84.14, 0.202; GCA_934512105.1, s__Faecalibacterium sp934512105, 95.0, 84.13, 0.274; GCA_905215595.1, s__Faecalibacterium sp905215595, 95.0, 84.11, 0.246; GCA_900772565.1, s__Faecalibacterium sp900772565, 95.0, 84.07, 0.275; GCA_934525405.1, s__Faecalibacterium sp934525405, 95.0, 84.01, 0.26; GCA_934540955.1, s__Faecalibacterium sp934540955, 95.0, 84.0, 0.272; GCA_934524985.1, s__Faecalibacterium sp934524985, 95.0, 83.95, 0.291; GCA_934533135.1, s__Faecalibacterium sp934533135, 95.0, 83.88, 0.305; GCA_934561115.1, s__Faecalibacterium sp934561115, 95.0, 83.84, 0.289; GCA_902463235.1, s__Faecalibacterium sp902463235, 95.0, 83.83, 0.241; GCA_934511465.1, s__Faecalibacterium sp934511465, 95.0, 83.79, 0.289; GCA_934532365.1, s__Faecalibacterium sp934532365, 95.0, 83.75, 0.271; GCA_934525325.1, s__Faecalibacterium sp934525325, 95.0, 83.63, 0.273; GCA_937917475.1, s__Faecalibacterium sp937917475, 95.0, 83.59, 0.198; GCA_934539245.1, s__Faecalibacterium sp934539245, 95.0, 83.48, 0.277; GCA_934501115.1, s__Faecalibacterium sp934501115, 95.0, 83.32, 0.248; GCA_934553285.1, s__Faecalibacterium sp934553285, 95.0, 83.18, 0.266; GCA_934561485.1, s__Faecalibacterium sp934561485, 95.0, 83.04, 0.25; GCA_934548045.1, s__Faecalibacterium sp934548045, 95.0, 82.63, 0.243; GCA_004558805.1, s__Faecalibacterium prausnitzii_M, 95.0, 82.4, 0.227; GCA_934518555.1, s__Faecalibacterium sp934518555, 95.0, 81.96, 0.239; GCA_900540455.1, s__Faecalibacterium sp900540455, 95.0, 81.6, 0.152	94.06	11	N/A	N/A
Fp45.fna	d__Bacteria;p__Bacillota_A;c__Clostridia;o__Oscillospirales;f__Ruminococcaceae;g__Faecalibacterium;s__Faecalibacterium prausnitzii_E	GCF_019967995.1	95.0	d__Bacteria;p__Bacillota_A;c__Clostridia;o__Oscillospirales;f__Ruminococcaceae;g__Faecalibacterium;s__Faecalibacterium prausnitzii_E	99.97	1.0	GCF_019967995.1	95.0	d__Bacteria;p__Bacillota_A;c__Clostridia;o__Oscillospirales;f__Ruminococcaceae;g__Faecalibacterium;s__Faecalibacterium prausnitzii_E	99.97	1.0	d__Bacteria;p__Bacillota_A;c__Clostridia;o__Oscillospirales;f__Ruminococcaceae;g__Faecalibacterium;s__	taxonomic classification defined by topology and ANI	topological placement and ANI have congruent species assignments	GCF_003287455.1, s__Faecalibacterium hattorii, 95.0, 89.31, 0.625; GCF_010509575.1, s__Faecalibacterium duncaniae, 95.0, 86.76, 0.401; GCA_900551435.1, s__Faecalibacterium sp900551435, 95.0, 86.56, 0.491; GCA_900765705.1, s__Faecalibacterium sp900765705, 95.0, 86.48, 0.256; GCF_020687245.1, s__Faecalibacterium longum, 95.0, 86.41, 0.363; GCF_023347275.1, s__Faecalibacterium sp900758465, 95.0, 86.14, 0.375; GCA_934526125.1, s__Faecalibacterium sp934526125, 95.0, 86.07, 0.458; GCA_937915335.1, s__Faecalibacterium sp937915335, 95.0, 85.57, 0.261; GCF_023347535.1, s__Faecalibacterium sp900539885, 95.0, 85.48, 0.304; GCF_003287495.1, s__Faecalibacterium prausnitzii_I, 95.0, 85.43, 0.352; GCF_003324185.1, s__Faecalibacterium prausnitzii, 95.0, 85.43, 0.33; GCF_023347235.1, s__Faecalibacterium prausnitzii_A, 95.0, 85.43, 0.327; GCA_902463905.1, s__Faecalibacterium sp902463905, 95.0, 85.43, 0.27; GCA_025757845.1, s__Faecalibacterium sp900539945, 95.0, 85.29, 0.323; GCA_934547065.1, s__Faecalibacterium sp934547065, 95.0, 85.22, 0.42; GCF_023347295.1, s__Faecalibacterium sp003449675, 95.0, 84.99, 0.305; GCA_934514285.1, s__Faecalibacterium sp934514285, 95.0, 84.96, 0.363; GCF_023347255.1, s__Faecalibacterium prausnitzii_D, 95.0, 84.93, 0.303; GCA_014858325.1, s__Faecalibacterium sp014858325, 95.0, 84.91, 0.321; GCF_002549775.1, s__Faecalibacterium prausnitzii_F, 95.0, 84.81, 0.322; GCA_934525845.1, s__Faecalibacterium sp934525845, 95.0, 84.64, 0.299; GCA_934503275.1, s__Faecalibacterium sp934503275, 95.0, 84.57, 0.313; GCA_900765105.1, s__Faecalibacterium sp900765105, 95.0, 84.54, 0.249; GCA_934513205.1, s__Faecalibacterium sp934513205, 95.0, 84.22, 0.299; GCA_934561555.1, s__Faecalibacterium sp934561555, 95.0, 84.2, 0.274; GCA_934525735.1, s__Faecalibacterium sp934525735, 95.0, 84.19, 0.291; GCA_905215595.1, s__Faecalibacterium sp905215595, 95.0, 84.17, 0.247; GCF_003287405.1, s__Faecalibacterium prausnitzii_J, 95.0, 84.15, 0.292; GCA_002313795.1, s__Faecalibacterium prausnitzii_L, 95.0, 84.14, 0.202; GCA_934512105.1, s__Faecalibacterium sp934512105, 95.0, 84.13, 0.274; GCA_900772565.1, s__Faecalibacterium sp900772565, 95.0, 84.07, 0.275; GCA_934525405.1, s__Faecalibacterium sp934525405, 95.0, 84.04, 0.261; GCA_934540955.1, s__Faecalibacterium sp934540955, 95.0, 84.0, 0.272; GCA_934533135.1, s__Faecalibacterium sp934533135, 95.0, 83.88, 0.305; GCA_934524985.1, s__Faecalibacterium sp934524985, 95.0, 83.88, 0.291; GCA_902463235.1, s__Faecalibacterium sp902463235, 95.0, 83.83, 0.241; GCA_934561115.1, s__Faecalibacterium sp934561115, 95.0, 83.82, 0.288; GCA_934511465.1, s__Faecalibacterium sp934511465, 95.0, 83.79, 0.289; GCA_934532365.1, s__Faecalibacterium sp934532365, 95.0, 83.76, 0.271; GCA_934525325.1, s__Faecalibacterium sp934525325, 95.0, 83.64, 0.273; GCA_937917475.1, s__Faecalibacterium sp937917475, 95.0, 83.63, 0.198; GCA_934539245.1, s__Faecalibacterium sp934539245, 95.0, 83.48, 0.278; GCA_934501115.1, s__Faecalibacterium sp934501115, 95.0, 83.32, 0.248; GCA_934553285.1, s__Faecalibacterium sp934553285, 95.0, 83.18, 0.266; GCA_934561485.1, s__Faecalibacterium sp934561485, 95.0, 83.05, 0.251; GCA_934548045.1, s__Faecalibacterium sp934548045, 95.0, 82.63, 0.243; GCA_004558805.1, s__Faecalibacterium prausnitzii_M, 95.0, 82.4, 0.227; GCA_934518555.1, s__Faecalibacterium sp934518555, 95.0, 81.97, 0.239; GCA_900540455.1, s__Faecalibacterium sp900540455, 95.0, 81.6, 0.152	94.06	11	N/A	N/A
Fp77.fna	d__Bacteria;p__Bacillota_A;c__Clostridia;o__Oscillospirales;f__Ruminococcaceae;g__Faecalibacterium;s__Faecalibacterium prausnitzii_E	GCF_019967995.1	95.0	d__Bacteria;p__Bacillota_A;c__Clostridia;o__Oscillospirales;f__Ruminococcaceae;g__Faecalibacterium;s__Faecalibacterium prausnitzii_E	100.0	1.0	GCF_019967995.1	95.0	d__Bacteria;p__Bacillota_A;c__Clostridia;o__Oscillospirales;f__Ruminococcaceae;g__Faecalibacterium;s__Faecalibacterium prausnitzii_E	100.0	1.0	d__Bacteria;p__Bacillota_A;c__Clostridia;o__Oscillospirales;f__Ruminococcaceae;g__Faecalibacterium;s__	taxonomic classification defined by topology and ANI	topological placement and ANI have congruent species assignments	GCF_003287455.1, s__Faecalibacterium hattorii, 95.0, 89.29, 0.625; GCF_010509575.1, s__Faecalibacterium duncaniae, 95.0, 86.66, 0.4; GCA_900551435.1, s__Faecalibacterium sp900551435, 95.0, 86.57, 0.493; GCA_900765705.1, s__Faecalibacterium sp900765705, 95.0, 86.41, 0.256; GCF_020687245.1, s__Faecalibacterium longum, 95.0, 86.4, 0.363; GCA_934526125.1, s__Faecalibacterium sp934526125, 95.0, 86.09, 0.456; GCF_023347275.1, s__Faecalibacterium sp900758465, 95.0, 86.09, 0.373; GCA_937915335.1, s__Faecalibacterium sp937915335, 95.0, 85.55, 0.26; GCA_902463905.1, s__Faecalibacterium sp902463905, 95.0, 85.52, 0.268; GCF_023347535.1, s__Faecalibacterium sp900539885, 95.0, 85.42, 0.302; GCF_003324185.1, s__Faecalibacterium prausnitzii, 95.0, 85.39, 0.329; GCF_003287495.1, s__Faecalibacterium prausnitzii_I, 95.0, 85.25, 0.35; GCA_025757845.1, s__Faecalibacterium sp900539945, 95.0, 85.24, 0.324; GCF_023347235.1, s__Faecalibacterium prausnitzii_A, 95.0, 85.22, 0.329; GCA_934547065.1, s__Faecalibacterium sp934547065, 95.0, 85.21, 0.419; GCF_023347255.1, s__Faecalibacterium prausnitzii_D, 95.0, 85.19, 0.299; GCF_023347295.1, s__Faecalibacterium sp003449675, 95.0, 84.98, 0.299; GCA_014858325.1, s__Faecalibacterium sp014858325, 95.0, 84.91, 0.32; GCA_934514285.1, s__Faecalibacterium sp934514285, 95.0, 84.87, 0.361; GCF_002549775.1, s__Faecalibacterium prausnitzii_F, 95.0, 84.83, 0.322; GCA_934525845.1, s__Faecalibacterium sp934525845, 95.0, 84.71, 0.298; GCA_934503275.1, s__Faecalibacterium sp934503275, 95.0, 84.56, 0.314; GCA_900765105.1, s__Faecalibacterium sp900765105, 95.0, 84.51, 0.246; GCA_934513205.1, s__Faecalibacterium sp934513205, 95.0, 84.21, 0.298; GCA_934561555.1, s__Faecalibacterium sp934561555, 95.0, 84.2, 0.273; GCA_934525735.1, s__Faecalibacterium sp934525735, 95.0, 84.18, 0.291; GCA_905215595.1, s__Faecalibacterium sp905215595, 95.0, 84.16, 0.247; GCA_002313795.1, s__Faecalibacterium prausnitzii_L, 95.0, 84.16, 0.204; GCF_003287405.1, s__Faecalibacterium prausnitzii_J, 95.0, 84.15, 0.293; GCA_900772565.1, s__Faecalibacterium sp900772565, 95.0, 84.14, 0.274; GCA_934512105.1, s__Faecalibacterium sp934512105, 95.0, 84.11, 0.274; GCA_934525405.1, s__Faecalibacterium sp934525405, 95.0, 84.06, 0.263; GCA_934540955.1, s__Faecalibacterium sp934540955, 95.0, 83.99, 0.269; GCA_934533135.1, s__Faecalibacterium sp934533135, 95.0, 83.89, 0.305; GCA_934524985.1, s__Faecalibacterium sp934524985, 95.0, 83.86, 0.293; GCA_902463235.1, s__Faecalibacterium sp902463235, 95.0, 83.83, 0.242; GCA_934561115.1, s__Faecalibacterium sp934561115, 95.0, 83.8, 0.286; GCA_934511465.1, s__Faecalibacterium sp934511465, 95.0, 83.78, 0.289; GCA_934532365.1, s__Faecalibacterium sp934532365, 95.0, 83.75, 0.271; GCA_934525325.1, s__Faecalibacterium sp934525325, 95.0, 83.57, 0.271; GCA_937917475.1, s__Faecalibacterium sp937917475, 95.0, 83.56, 0.195; GCA_934539245.1, s__Faecalibacterium sp934539245, 95.0, 83.48, 0.278; GCA_934501115.1, s__Faecalibacterium sp934501115, 95.0, 83.3, 0.248; GCA_934553285.1, s__Faecalibacterium sp934553285, 95.0, 83.12, 0.264; GCA_934561485.1, s__Faecalibacterium sp934561485, 95.0, 83.01, 0.251; GCA_934548045.1, s__Faecalibacterium sp934548045, 95.0, 82.63, 0.242; GCA_004558805.1, s__Faecalibacterium prausnitzii_M, 95.0, 82.36, 0.223; GCA_934518555.1, s__Faecalibacterium sp934518555, 95.0, 81.95, 0.238; GCA_900540455.1, s__Faecalibacterium sp900540455, 95.0, 81.59, 0.153	94.06	11	N/A	N/A
Fp944.fna	d__Bacteria;p__Bacillota_A;c__Clostridia;o__Oscillospirales;f__Ruminococcaceae;g__Faecalibacterium;s__Faecalibacterium prausnitzii_D	GCF_023347255.1	95.0	d__Bacteria;p__Bacillota_A;c__Clostridia;o__Oscillospirales;f__Ruminococcaceae;g__Faecalibacterium;s__Faecalibacterium prausnitzii_D	95.95	0.743	GCF_023347255.1	95.0	d__Bacteria;p__Bacillota_A;c__Clostridia;o__Oscillospirales;f__Ruminococcaceae;g__Faecalibacterium;s__Faecalibacterium prausnitzii_D	95.95	0.743	d__Bacteria;p__Bacillota_A;c__Clostridia;o__Oscillospirales;f__Ruminococcaceae;g__Faecalibacterium;s__	taxonomic classification defined by topology and ANI	topological placement and ANI have congruent species assignments	GCF_023347535.1, s__Faecalibacterium sp900539885, 95.0, 92.61, 0.667; GCA_902463235.1, s__Faecalibacterium sp902463235, 95.0, 91.32, 0.61; GCA_934511465.1, s__Faecalibacterium sp934511465, 95.0, 90.58, 0.64; GCF_002549775.1, s__Faecalibacterium prausnitzii_F, 95.0, 88.94, 0.544; GCA_934501115.1, s__Faecalibacterium sp934501115, 95.0, 88.76, 0.562; GCA_900765105.1, s__Faecalibacterium sp900765105, 95.0, 87.77, 0.46; GCF_003324185.1, s__Faecalibacterium prausnitzii, 95.0, 87.63, 0.428; GCA_934525735.1, s__Faecalibacterium sp934525735, 95.0, 87.58, 0.544; GCA_934513205.1, s__Faecalibacterium sp934513205, 95.0, 87.44, 0.48; GCA_025757845.1, s__Faecalibacterium sp900539945, 95.0, 87.31, 0.451; GCF_023347235.1, s__Faecalibacterium prausnitzii_A, 95.0, 87.24, 0.418; GCA_900765705.1, s__Faecalibacterium sp900765705, 95.0, 87.14, 0.318; GCF_023347295.1, s__Faecalibacterium sp003449675, 95.0, 87.05, 0.415; GCA_905215595.1, s__Faecalibacterium sp905215595, 95.0, 86.93, 0.385; GCF_003287405.1, s__Faecalibacterium prausnitzii_J, 95.0, 86.88, 0.405; GCA_934503275.1, s__Faecalibacterium sp934503275, 95.0, 86.56, 0.437; GCA_934524985.1, s__Faecalibacterium sp934524985, 95.0, 86.48, 0.414; GCA_902463905.1, s__Faecalibacterium sp902463905, 95.0, 86.45, 0.374; GCA_934525325.1, s__Faecalibacterium sp934525325, 95.0, 86.39, 0.407; GCA_934525405.1, s__Faecalibacterium sp934525405, 95.0, 86.25, 0.375; GCA_934561115.1, s__Faecalibacterium sp934561115, 95.0, 86.18, 0.425; GCA_934540955.1, s__Faecalibacterium sp934540955, 95.0, 86.17, 0.379; GCA_900772565.1, s__Faecalibacterium sp900772565, 95.0, 86.12, 0.399; GCA_934561555.1, s__Faecalibacterium sp934561555, 95.0, 86.07, 0.398; GCA_934512105.1, s__Faecalibacterium sp934512105, 95.0, 85.97, 0.383; GCA_934561485.1, s__Faecalibacterium sp934561485, 95.0, 85.94, 0.422; GCF_023347275.1, s__Faecalibacterium sp900758465, 95.0, 85.8, 0.323; GCA_934539245.1, s__Faecalibacterium sp934539245, 95.0, 85.75, 0.422; GCF_019967995.1, s__Faecalibacterium prausnitzii_E, 95.0, 85.71, 0.314; GCA_934525845.1, s__Faecalibacterium sp934525845, 95.0, 85.64, 0.403; GCA_934532365.1, s__Faecalibacterium sp934532365, 95.0, 85.63, 0.401; GCF_010509575.1, s__Faecalibacterium duncaniae, 95.0, 85.48, 0.3; GCA_934553285.1, s__Faecalibacterium sp934553285, 95.0, 85.29, 0.39; GCF_020687245.1, s__Faecalibacterium longum, 95.0, 85.29, 0.305; GCF_003287455.1, s__Faecalibacterium hattorii, 95.0, 84.98, 0.31; GCF_003287495.1, s__Faecalibacterium prausnitzii_I, 95.0, 84.66, 0.295; GCA_937915335.1, s__Faecalibacterium sp937915335, 95.0, 84.55, 0.181; GCA_014858325.1, s__Faecalibacterium sp014858325, 95.0, 84.29, 0.233; GCA_934547065.1, s__Faecalibacterium sp934547065, 95.0, 84.11, 0.291; GCA_004558805.1, s__Faecalibacterium prausnitzii_M, 95.0, 83.92, 0.34; GCA_002313795.1, s__Faecalibacterium prausnitzii_L, 95.0, 83.52, 0.159; GCA_934518555.1, s__Faecalibacterium sp934518555, 95.0, 83.5, 0.334; GCA_934514285.1, s__Faecalibacterium sp934514285, 95.0, 83.3, 0.279; GCA_934526125.1, s__Faecalibacterium sp934526125, 95.0, 83.24, 0.241; GCA_900551435.1, s__Faecalibacterium sp900551435, 95.0, 82.65, 0.219; GCA_937917475.1, s__Faecalibacterium sp937917475, 95.0, 82.61, 0.158; GCA_934533135.1, s__Faecalibacterium sp934533135, 95.0, 82.53, 0.234; GCA_934548045.1, s__Faecalibacterium sp934548045, 95.0, 80.61, 0.15	94.02	11	N/A	N/A
Indica.fna	d__Bacteria;p__Bacillota_A;c__Clostridia;o__Oscillospirales;f__Ruminococcaceae;g__Faecalibacterium;s__Faecalibacterium duncaniae	GCF_010509575.1	95.0	d__Bacteria;p__Bacillota_A;c__Clostridia;o__Oscillospirales;f__Ruminococcaceae;g__Faecalibacterium;s__Faecalibacterium duncaniae	96.99	0.812	GCF_010509575.1	95.0	d__Bacteria;p__Bacillota_A;c__Clostridia;o__Oscillospirales;f__Ruminococcaceae;g__Faecalibacterium;s__Faecalibacterium duncaniae	96.99	0.812	d__Bacteria;p__Bacillota_A;c__Clostridia;o__Oscillospirales;f__Ruminococcaceae;g__Faecalibacterium;s__	taxonomic classification defined by topology and ANI	topological placement and ANI have congruent species assignments	GCA_937915335.1, s__Faecalibacterium sp937915335, 95.0, 89.45, 0.484; GCF_003287455.1, s__Faecalibacterium hattorii, 95.0, 86.94, 0.439; GCA_934526125.1, s__Faecalibacterium sp934526125, 95.0, 86.9, 0.497; GCF_019967995.1, s__Faecalibacterium prausnitzii_E, 95.0, 86.7, 0.41; GCF_023347235.1, s__Faecalibacterium prausnitzii_A, 95.0, 86.64, 0.339; GCA_934547065.1, s__Faecalibacterium sp934547065, 95.0, 86.33, 0.47; GCF_023347535.1, s__Faecalibacterium sp900539885, 95.0, 85.71, 0.312; GCA_025757845.1, s__Faecalibacterium sp900539945, 95.0, 85.61, 0.329; GCA_900765705.1, s__Faecalibacterium sp900765705, 95.0, 85.53, 0.22; GCF_023347295.1, s__Faecalibacterium sp003449675, 95.0, 85.5, 0.312; GCF_020687245.1, s__Faecalibacterium longum, 95.0, 85.41, 0.314; GCA_902463905.1, s__Faecalibacterium sp902463905, 95.0, 85.37, 0.242; GCF_003287495.1, s__Faecalibacterium prausnitzii_I, 95.0, 85.23, 0.329; GCF_002549775.1, s__Faecalibacterium prausnitzii_F, 95.0, 85.23, 0.317; GCF_023347255.1, s__Faecalibacterium prausnitzii_D, 95.0, 85.17, 0.3; GCA_014858325.1, s__Faecalibacterium sp014858325, 95.0, 85.13, 0.307; GCF_003324185.1, s__Faecalibacterium prausnitzii, 95.0, 85.08, 0.323; GCF_003287405.1, s__Faecalibacterium prausnitzii_J, 95.0, 84.91, 0.311; GCF_023347275.1, s__Faecalibacterium sp900758465, 95.0, 84.9, 0.3; GCA_934503275.1, s__Faecalibacterium sp934503275, 95.0, 84.65, 0.284; GCA_934513205.1, s__Faecalibacterium sp934513205, 95.0, 84.49, 0.261; GCA_900772565.1, s__Faecalibacterium sp900772565, 95.0, 84.45, 0.268; GCA_905215595.1, s__Faecalibacterium sp905215595, 95.0, 84.37, 0.22; GCA_902463235.1, s__Faecalibacterium sp902463235, 95.0, 84.36, 0.258; GCA_900765105.1, s__Faecalibacterium sp900765105, 95.0, 84.35, 0.23; GCA_934561555.1, s__Faecalibacterium sp934561555, 95.0, 84.31, 0.266; GCA_934514285.1, s__Faecalibacterium sp934514285, 95.0, 84.29, 0.304; GCA_934525405.1, s__Faecalibacterium sp934525405, 95.0, 84.26, 0.235; GCA_934525845.1, s__Faecalibacterium sp934525845, 95.0, 84.2, 0.277; GCA_934512105.1, s__Faecalibacterium sp934512105, 95.0, 84.15, 0.266; GCA_934511465.1, s__Faecalibacterium sp934511465, 95.0, 84.13, 0.27; GCA_934540955.1, s__Faecalibacterium sp934540955, 95.0, 84.08, 0.245; GCA_934524985.1, s__Faecalibacterium sp934524985, 95.0, 84.06, 0.288; GCA_900551435.1, s__Faecalibacterium sp900551435, 95.0, 83.91, 0.319; GCA_934525735.1, s__Faecalibacterium sp934525735, 95.0, 83.88, 0.266; GCA_934561115.1, s__Faecalibacterium sp934561115, 95.0, 83.84, 0.264; GCA_934532365.1, s__Faecalibacterium sp934532365, 95.0, 83.77, 0.258; GCA_934561485.1, s__Faecalibacterium sp934561485, 95.0, 83.77, 0.258; GCA_002313795.1, s__Faecalibacterium prausnitzii_L, 95.0, 83.77, 0.172; GCA_934539245.1, s__Faecalibacterium sp934539245, 95.0, 83.72, 0.275; GCA_937917475.1, s__Faecalibacterium sp937917475, 95.0, 83.68, 0.2; GCA_934501115.1, s__Faecalibacterium sp934501115, 95.0, 83.53, 0.235; GCA_934525325.1, s__Faecalibacterium sp934525325, 95.0, 83.51, 0.255; GCA_934553285.1, s__Faecalibacterium sp934553285, 95.0, 83.25, 0.261; GCA_004558805.1, s__Faecalibacterium prausnitzii_M, 95.0, 83.07, 0.245; GCA_934533135.1, s__Faecalibacterium sp934533135, 95.0, 82.91, 0.258; GCA_934518555.1, s__Faecalibacterium sp934518555, 95.0, 82.42, 0.225; GCA_934548045.1, s__Faecalibacterium sp934548045, 95.0, 81.1, 0.194	94.0	11	N/A	N/A
JG_BgPS064.fna	d__Bacteria;p__Bacillota_A;c__Clostridia;o__Oscillospirales;f__Ruminococcaceae;g__Faecalibacterium;s__Faecalibacterium longum	GCF_020687245.1	95.0	d__Bacteria;p__Bacillota_A;c__Clostridia;o__Oscillospirales;f__Ruminococcaceae;g__Faecalibacterium;s__Faecalibacterium longum	95.74	0.705	GCF_020687245.1	95.0	d__Bacteria;p__Bacillota_A;c__Clostridia;o__Oscillospirales;f__Ruminococcaceae;g__Faecalibacterium;s__Faecalibacterium longum	95.74	0.705	d__Bacteria;p__Bacillota_A;c__Clostridia;o__Oscillospirales;f__Ruminococcaceae;g__Faecalibacterium;s__	taxonomic classification defined by topology and ANI	topological placement and ANI have congruent species assignments	GCA_934514285.1, s__Faecalibacterium sp934514285, 95.0, 95.41, 0.768; GCF_023347275.1, s__Faecalibacterium sp900758465, 95.0, 90.77, 0.662; GCA_002313795.1, s__Faecalibacterium prausnitzii_L, 95.0, 86.64, 0.39; GCA_900765705.1, s__Faecalibacterium sp900765705, 95.0, 86.26, 0.243; GCF_019967995.1, s__Faecalibacterium prausnitzii_E, 95.0, 85.66, 0.368; GCF_003287455.1, s__Faecalibacterium hattorii, 95.0, 85.59, 0.365; GCA_014858325.1, s__Faecalibacterium sp014858325, 95.0, 85.24, 0.343; GCF_003287495.1, s__Faecalibacterium prausnitzii_I, 95.0, 85.04, 0.359; GCA_902463905.1, s__Faecalibacterium sp902463905, 95.0, 84.79, 0.221; GCF_003324185.1, s__Faecalibacterium prausnitzii, 95.0, 84.69, 0.273; GCF_010509575.1, s__Faecalibacterium duncaniae, 95.0, 84.68, 0.276; GCA_902463235.1, s__Faecalibacterium sp902463235, 95.0, 84.65, 0.25; GCA_937915335.1, s__Faecalibacterium sp937915335, 95.0, 84.46, 0.185; GCF_002549775.1, s__Faecalibacterium prausnitzii_F, 95.0, 84.41, 0.299; GCA_025757845.1, s__Faecalibacterium sp900539945, 95.0, 84.26, 0.288; GCA_900765105.1, s__Faecalibacterium sp900765105, 95.0, 84.12, 0.233; GCA_934503275.1, s__Faecalibacterium sp934503275, 95.0, 84.09, 0.282; GCF_023347235.1, s__Faecalibacterium prausnitzii_A, 95.0, 84.07, 0.263; GCF_023347295.1, s__Faecalibacterium sp003449675, 95.0, 84.06, 0.241; GCF_023347255.1, s__Faecalibacterium prausnitzii_D, 95.0, 84.02, 0.264; GCF_003287405.1, s__Faecalibacterium prausnitzii_J, 95.0, 83.9, 0.254; GCA_934526125.1, s__Faecalibacterium sp934526125, 95.0, 83.88, 0.307; GCA_934525845.1, s__Faecalibacterium sp934525845, 95.0, 83.85, 0.252; GCA_900772565.1, s__Faecalibacterium sp900772565, 95.0, 83.8, 0.246; GCA_934525405.1, s__Faecalibacterium sp934525405, 95.0, 83.79, 0.217; GCA_934561555.1, s__Faecalibacterium sp934561555, 95.0, 83.7, 0.249; GCA_905215595.1, s__Faecalibacterium sp905215595, 95.0, 83.68, 0.198; GCA_934511465.1, s__Faecalibacterium sp934511465, 95.0, 83.63, 0.248; GCA_934533135.1, s__Faecalibacterium sp934533135, 95.0, 83.6, 0.296; GCF_023347535.1, s__Faecalibacterium sp900539885, 95.0, 83.58, 0.257; GCA_934525735.1, s__Faecalibacterium sp934525735, 95.0, 83.52, 0.264; GCA_934524985.1, s__Faecalibacterium sp934524985, 95.0, 83.43, 0.254; GCA_900551435.1, s__Faecalibacterium sp900551435, 95.0, 83.39, 0.255; GCA_934525325.1, s__Faecalibacterium sp934525325, 95.0, 83.36, 0.221; GCA_934513205.1, s__Faecalibacterium sp934513205, 95.0, 83.35, 0.24; GCA_934512105.1, s__Faecalibacterium sp934512105, 95.0, 83.32, 0.23; GCA_934532365.1, s__Faecalibacterium sp934532365, 95.0, 83.29, 0.242; GCA_934501115.1, s__Faecalibacterium sp934501115, 95.0, 83.26, 0.223; GCA_934540955.1, s__Faecalibacterium sp934540955, 95.0, 83.23, 0.23; GCA_937917475.1, s__Faecalibacterium sp937917475, 95.0, 83.15, 0.178; GCA_934539245.1, s__Faecalibacterium sp934539245, 95.0, 83.11, 0.249; GCA_934547065.1, s__Faecalibacterium sp934547065, 95.0, 82.99, 0.266; GCA_934561115.1, s__Faecalibacterium sp934561115, 95.0, 82.8, 0.244; GCA_004558805.1, s__Faecalibacterium prausnitzii_M, 95.0, 82.31, 0.211; GCA_934548045.1, s__Faecalibacterium sp934548045, 95.0, 82.29, 0.233; GCA_934561485.1, s__Faecalibacterium sp934561485, 95.0, 82.18, 0.204; GCA_934553285.1, s__Faecalibacterium sp934553285, 95.0, 82.06, 0.203; GCA_934518555.1, s__Faecalibacterium sp934518555, 95.0, 81.45, 0.199	94.14	11	N/A	N/A
KLE1255.fna	d__Bacteria;p__Bacillota_A;c__Clostridia;o__Oscillospirales;f__Ruminococcaceae;g__Faecalibacterium;s__Faecalibacterium prausnitzii_D	GCF_023347255.1	95.0	d__Bacteria;p__Bacillota_A;c__Clostridia;o__Oscillospirales;f__Ruminococcaceae;g__Faecalibacterium;s__Faecalibacterium prausnitzii_D	96.18	0.734	GCF_023347255.1	95.0	d__Bacteria;p__Bacillota_A;c__Clostridia;o__Oscillospirales;f__Ruminococcaceae;g__Faecalibacterium;s__Faecalibacterium prausnitzii_D	96.18	0.734	d__Bacteria;p__Bacillota_A;c__Clostridia;o__Oscillospirales;f__Ruminococcaceae;g__Faecalibacterium;s__	taxonomic classification defined by topology and ANI	topological placement and ANI have congruent species assignments	GCF_023347535.1, s__Faecalibacterium sp900539885, 95.0, 92.86, 0.662; GCA_902463235.1, s__Faecalibacterium sp902463235, 95.0, 91.45, 0.607; GCA_934511465.1, s__Faecalibacterium sp934511465, 95.0, 90.53, 0.625; GCF_002549775.1, s__Faecalibacterium prausnitzii_F, 95.0, 89.19, 0.534; GCA_934501115.1, s__Faecalibacterium sp934501115, 95.0, 88.27, 0.549; GCF_003324185.1, s__Faecalibacterium prausnitzii, 95.0, 88.16, 0.445; GCA_900765105.1, s__Faecalibacterium sp900765105, 95.0, 87.72, 0.465; GCA_934525735.1, s__Faecalibacterium sp934525735, 95.0, 87.43, 0.529; GCF_023347235.1, s__Faecalibacterium prausnitzii_A, 95.0, 87.4, 0.416; GCF_003287405.1, s__Faecalibacterium prausnitzii_J, 95.0, 87.38, 0.422; GCA_025757845.1, s__Faecalibacterium sp900539945, 95.0, 87.37, 0.453; GCF_023347295.1, s__Faecalibacterium sp003449675, 95.0, 87.06, 0.408; GCA_900765705.1, s__Faecalibacterium sp900765705, 95.0, 87.05, 0.303; GCA_934513205.1, s__Faecalibacterium sp934513205, 95.0, 86.89, 0.466; GCA_905215595.1, s__Faecalibacterium sp905215595, 95.0, 86.69, 0.367; GCA_902463905.1, s__Faecalibacterium sp902463905, 95.0, 86.46, 0.356; GCA_934525405.1, s__Faecalibacterium sp934525405, 95.0, 86.37, 0.37; GCA_934524985.1, s__Faecalibacterium sp934524985, 95.0, 86.3, 0.41; GCA_934561555.1, s__Faecalibacterium sp934561555, 95.0, 86.17, 0.383; GCA_934503275.1, s__Faecalibacterium sp934503275, 95.0, 86.14, 0.429; GCA_934561115.1, s__Faecalibacterium sp934561115, 95.0, 86.13, 0.422; GCA_934540955.1, s__Faecalibacterium sp934540955, 95.0, 86.06, 0.38; GCA_934525325.1, s__Faecalibacterium sp934525325, 95.0, 86.01, 0.398; GCA_934512105.1, s__Faecalibacterium sp934512105, 95.0, 86.0, 0.385; GCA_934532365.1, s__Faecalibacterium sp934532365, 95.0, 85.96, 0.396; GCA_900772565.1, s__Faecalibacterium sp900772565, 95.0, 85.95, 0.4; GCA_934539245.1, s__Faecalibacterium sp934539245, 95.0, 85.87, 0.41; GCA_934525845.1, s__Faecalibacterium sp934525845, 95.0, 85.72, 0.403; GCA_934561485.1, s__Faecalibacterium sp934561485, 95.0, 85.64, 0.401; GCF_003287455.1, s__Faecalibacterium hattorii, 95.0, 85.58, 0.32; GCF_020687245.1, s__Faecalibacterium longum, 95.0, 85.51, 0.301; GCF_010509575.1, s__Faecalibacterium duncaniae, 95.0, 85.5, 0.303; GCF_019967995.1, s__Faecalibacterium prausnitzii_E, 95.0, 85.31, 0.286; GCA_934553285.1, s__Faecalibacterium sp934553285, 95.0, 85.03, 0.383; GCF_023347275.1, s__Faecalibacterium sp900758465, 95.0, 84.93, 0.296; GCF_003287495.1, s__Faecalibacterium prausnitzii_I, 95.0, 84.74, 0.281; GCA_004558805.1, s__Faecalibacterium prausnitzii_M, 95.0, 84.49, 0.331; GCA_937915335.1, s__Faecalibacterium sp937915335, 95.0, 84.3, 0.171; GCA_014858325.1, s__Faecalibacterium sp014858325, 95.0, 84.13, 0.222; GCA_002313795.1, s__Faecalibacterium prausnitzii_L, 95.0, 83.66, 0.155; GCA_934526125.1, s__Faecalibacterium sp934526125, 95.0, 83.53, 0.249; GCA_934514285.1, s__Faecalibacterium sp934514285, 95.0, 83.37, 0.266; GCA_934518555.1, s__Faecalibacterium sp934518555, 95.0, 83.13, 0.309; GCA_900551435.1, s__Faecalibacterium sp900551435, 95.0, 82.81, 0.204; GCA_937917475.1, s__Faecalibacterium sp937917475, 95.0, 82.79, 0.151; GCA_934547065.1, s__Faecalibacterium sp934547065, 95.0, 82.56, 0.27; GCA_934533135.1, s__Faecalibacterium sp934533135, 95.0, 82.3, 0.209; GCA_934548045.1, s__Faecalibacterium sp934548045, 95.0, 81.24, 0.16	93.57	11	N/A	N/A
L2_6.fna	d__Bacteria;p__Bacillota_A;c__Clostridia;o__Oscillospirales;f__Ruminococcaceae;g__Faecalibacterium;s__Faecalibacterium longum	GCF_020687245.1	95.0	d__Bacteria;p__Bacillota_A;c__Clostridia;o__Oscillospirales;f__Ruminococcaceae;g__Faecalibacterium;s__Faecalibacterium longum	96.13	0.727	GCF_020687245.1	95.0	d__Bacteria;p__Bacillota_A;c__Clostridia;o__Oscillospirales;f__Ruminococcaceae;g__Faecalibacterium;s__Faecalibacterium longum	96.13	0.727	d__Bacteria;p__Bacillota_A;c__Clostridia;o__Oscillospirales;f__Ruminococcaceae;g__Faecalibacterium;s__	taxonomic classification defined by topology and ANI	topological placement and ANI have congruent species assignments	GCA_934514285.1, s__Faecalibacterium sp934514285, 95.0, 95.67, 0.767; GCF_023347275.1, s__Faecalibacterium sp900758465, 95.0, 91.39, 0.672; GCA_002313795.1, s__Faecalibacterium prausnitzii_L, 95.0, 86.73, 0.394; GCA_900765705.1, s__Faecalibacterium sp900765705, 95.0, 86.59, 0.238; GCF_019967995.1, s__Faecalibacterium prausnitzii_E, 95.0, 86.12, 0.352; GCF_003287455.1, s__Faecalibacterium hattorii, 95.0, 85.7, 0.352; GCA_902463235.1, s__Faecalibacterium sp902463235, 95.0, 85.12, 0.236; GCA_014858325.1, s__Faecalibacterium sp014858325, 95.0, 85.1, 0.328; GCF_003287495.1, s__Faecalibacterium prausnitzii_I, 95.0, 85.05, 0.339; GCF_023347255.1, s__Faecalibacterium prausnitzii_D, 95.0, 85.01, 0.264; GCF_010509575.1, s__Faecalibacterium duncaniae, 95.0, 84.97, 0.294; GCF_003324185.1, s__Faecalibacterium prausnitzii, 95.0, 84.57, 0.262; GCA_937915335.1, s__Faecalibacterium sp937915335, 95.0, 84.38, 0.176; GCA_902463905.1, s__Faecalibacterium sp902463905, 95.0, 84.36, 0.204; GCF_002549775.1, s__Faecalibacterium prausnitzii_F, 95.0, 84.34, 0.297; GCF_023347235.1, s__Faecalibacterium prausnitzii_A, 95.0, 84.3, 0.25; GCF_023347535.1, s__Faecalibacterium sp900539885, 95.0, 84.23, 0.262; GCA_025757845.1, s__Faecalibacterium sp900539945, 95.0, 84.21, 0.28; GCF_003287405.1, s__Faecalibacterium prausnitzii_J, 95.0, 84.18, 0.253; GCA_934525405.1, s__Faecalibacterium sp934525405, 95.0, 83.83, 0.203; GCA_900765105.1, s__Faecalibacterium sp900765105, 95.0, 83.78, 0.224; GCA_934503275.1, s__Faecalibacterium sp934503275, 95.0, 83.74, 0.257; GCF_023347295.1, s__Faecalibacterium sp003449675, 95.0, 83.68, 0.231; GCA_900772565.1, s__Faecalibacterium sp900772565, 95.0, 83.67, 0.221; GCA_934525845.1, s__Faecalibacterium sp934525845, 95.0, 83.63, 0.252; GCA_934533135.1, s__Faecalibacterium sp934533135, 95.0, 83.51, 0.273; GCA_934526125.1, s__Faecalibacterium sp934526125, 95.0, 83.5, 0.293; GCA_900551435.1, s__Faecalibacterium sp900551435, 95.0, 83.46, 0.241; GCA_934512105.1, s__Faecalibacterium sp934512105, 95.0, 83.39, 0.214; GCA_934513205.1, s__Faecalibacterium sp934513205, 95.0, 83.37, 0.231; GCA_905215595.1, s__Faecalibacterium sp905215595, 95.0, 83.36, 0.196; GCA_934561555.1, s__Faecalibacterium sp934561555, 95.0, 83.34, 0.233; GCA_934525735.1, s__Faecalibacterium sp934525735, 95.0, 83.32, 0.249; GCA_934532365.1, s__Faecalibacterium sp934532365, 95.0, 83.08, 0.214; GCA_934501115.1, s__Faecalibacterium sp934501115, 95.0, 83.04, 0.224; GCA_934524985.1, s__Faecalibacterium sp934524985, 95.0, 82.98, 0.241; GCA_934525325.1, s__Faecalibacterium sp934525325, 95.0, 82.95, 0.21; GCA_934547065.1, s__Faecalibacterium sp934547065, 95.0, 82.91, 0.275; GCA_934511465.1, s__Faecalibacterium sp934511465, 95.0, 82.85, 0.243; GCA_937917475.1, s__Faecalibacterium sp937917475, 95.0, 82.85, 0.163; GCA_934561115.1, s__Faecalibacterium sp934561115, 95.0, 82.72, 0.238; GCA_934540955.1, s__Faecalibacterium sp934540955, 95.0, 82.67, 0.207; GCA_934539245.1, s__Faecalibacterium sp934539245, 95.0, 82.47, 0.222; GCA_934561485.1, s__Faecalibacterium sp934561485, 95.0, 82.37, 0.193; GCA_934548045.1, s__Faecalibacterium sp934548045, 95.0, 82.24, 0.241; GCA_004558805.1, s__Faecalibacterium prausnitzii_M, 95.0, 81.86, 0.201; GCA_934553285.1, s__Faecalibacterium sp934553285, 95.0, 81.61, 0.183; GCA_934518555.1, s__Faecalibacterium sp934518555, 95.0, 80.99, 0.185	94.16	11	N/A	N/A
Marseille-P9312.fna	d__Bacteria;p__Bacillota_A;c__Clostridia;o__Oscillospirales;f__Ruminococcaceae;g__Faecalibacterium;s__Faecalibacterium longum	GCF_020687245.1	95.0	d__Bacteria;p__Bacillota_A;c__Clostridia;o__Oscillospirales;f__Ruminococcaceae;g__Faecalibacterium;s__Faecalibacterium longum	96.14	0.769	GCF_020687245.1	95.0	d__Bacteria;p__Bacillota_A;c__Clostridia;o__Oscillospirales;f__Ruminococcaceae;g__Faecalibacterium;s__Faecalibacterium longum	96.14	0.769	d__Bacteria;p__Bacillota_A;c__Clostridia;o__Oscillospirales;f__Ruminococcaceae;g__Faecalibacterium;s__	taxonomic classification defined by topology and ANI	topological placement and ANI have congruent species assignments	GCA_934514285.1, s__Faecalibacterium sp934514285, 95.0, 95.56, 0.767; GCF_023347275.1, s__Faecalibacterium sp900758465, 95.0, 91.0, 0.665; GCA_002313795.1, s__Faecalibacterium prausnitzii_L, 95.0, 87.18, 0.398; GCF_019967995.1, s__Faecalibacterium prausnitzii_E, 95.0, 86.15, 0.37; GCF_003287455.1, s__Faecalibacterium hattorii, 95.0, 86.03, 0.375; GCA_900765705.1, s__Faecalibacterium sp900765705, 95.0, 85.95, 0.225; GCF_003287495.1, s__Faecalibacterium prausnitzii_I, 95.0, 85.35, 0.362; GCA_014858325.1, s__Faecalibacterium sp014858325, 95.0, 85.28, 0.332; GCA_025757845.1, s__Faecalibacterium sp900539945, 95.0, 84.9, 0.317; GCF_023347235.1, s__Faecalibacterium prausnitzii_A, 95.0, 84.84, 0.302; GCF_010509575.1, s__Faecalibacterium duncaniae, 95.0, 84.78, 0.307; GCF_003324185.1, s__Faecalibacterium prausnitzii, 95.0, 84.74, 0.278; GCF_002549775.1, s__Faecalibacterium prausnitzii_F, 95.0, 84.68, 0.31; GCA_902463905.1, s__Faecalibacterium sp902463905, 95.0, 84.41, 0.206; GCA_937915335.1, s__Faecalibacterium sp937915335, 95.0, 84.37, 0.182; GCA_934503275.1, s__Faecalibacterium sp934503275, 95.0, 84.35, 0.262; GCF_003287405.1, s__Faecalibacterium prausnitzii_J, 95.0, 84.34, 0.27; GCF_023347255.1, s__Faecalibacterium prausnitzii_D, 95.0, 84.24, 0.288; GCF_023347295.1, s__Faecalibacterium sp003449675, 95.0, 84.23, 0.259; GCF_023347535.1, s__Faecalibacterium sp900539885, 95.0, 84.12, 0.259; GCA_900765105.1, s__Faecalibacterium sp900765105, 95.0, 84.08, 0.233; GCA_902463235.1, s__Faecalibacterium sp902463235, 95.0, 83.92, 0.197; GCA_934513205.1, s__Faecalibacterium sp934513205, 95.0, 83.66, 0.248; GCA_934561555.1, s__Faecalibacterium sp934561555, 95.0, 83.57, 0.239; GCA_900772565.1, s__Faecalibacterium sp900772565, 95.0, 83.52, 0.231; GCA_934526125.1, s__Faecalibacterium sp934526125, 95.0, 83.48, 0.292; GCA_934525735.1, s__Faecalibacterium sp934525735, 95.0, 83.41, 0.263; GCA_934525845.1, s__Faecalibacterium sp934525845, 95.0, 83.34, 0.254; GCA_934547065.1, s__Faecalibacterium sp934547065, 95.0, 83.33, 0.28; GCA_934511465.1, s__Faecalibacterium sp934511465, 95.0, 83.32, 0.257; GCA_905215595.1, s__Faecalibacterium sp905215595, 95.0, 83.28, 0.188; GCA_934533135.1, s__Faecalibacterium sp934533135, 95.0, 83.21, 0.271; GCA_934525405.1, s__Faecalibacterium sp934525405, 95.0, 83.2, 0.191; GCA_900551435.1, s__Faecalibacterium sp900551435, 95.0, 83.18, 0.241; GCA_934525325.1, s__Faecalibacterium sp934525325, 95.0, 83.16, 0.224; GCA_937917475.1, s__Faecalibacterium sp937917475, 95.0, 83.13, 0.177; GCA_934512105.1, s__Faecalibacterium sp934512105, 95.0, 83.04, 0.22; GCA_934524985.1, s__Faecalibacterium sp934524985, 95.0, 83.0, 0.243; GCA_934540955.1, s__Faecalibacterium sp934540955, 95.0, 82.94, 0.223; GCA_934539245.1, s__Faecalibacterium sp934539245, 95.0, 82.88, 0.235; GCA_934501115.1, s__Faecalibacterium sp934501115, 95.0, 82.81, 0.232; GCA_934561115.1, s__Faecalibacterium sp934561115, 95.0, 82.79, 0.233; GCA_934532365.1, s__Faecalibacterium sp934532365, 95.0, 82.55, 0.214; GCA_934561485.1, s__Faecalibacterium sp934561485, 95.0, 82.38, 0.198; GCA_934548045.1, s__Faecalibacterium sp934548045, 95.0, 82.11, 0.239; GCA_934553285.1, s__Faecalibacterium sp934553285, 95.0, 81.87, 0.184; GCA_004558805.1, s__Faecalibacterium prausnitzii_M, 95.0, 81.79, 0.194; GCA_934518555.1, s__Faecalibacterium sp934518555, 95.0, 80.84, 0.191	94.14	11	N/A	N/A
Marseille-Q4896.fna	d__Bacteria;p__Bacillota_A;c__Clostridia;o__Oscillospirales;f__Ruminococcaceae;g__Faecalibacterium;s__Faecalibacterium prausnitzii_D	GCF_023347255.1	95.0	d__Bacteria;p__Bacillota_A;c__Clostridia;o__Oscillospirales;f__Ruminococcaceae;g__Faecalibacterium;s__Faecalibacterium prausnitzii_D	96.58	0.765	GCF_023347255.1	95.0	d__Bacteria;p__Bacillota_A;c__Clostridia;o__Oscillospirales;f__Ruminococcaceae;g__Faecalibacterium;s__Faecalibacterium prausnitzii_D	96.58	0.765	d__Bacteria;p__Bacillota_A;c__Clostridia;o__Oscillospirales;f__Ruminococcaceae;g__Faecalibacterium;s__	taxonomic classification defined by topology and ANI	topological placement and ANI have congruent species assignments	GCF_023347535.1, s__Faecalibacterium sp900539885, 95.0, 92.13, 0.662; GCA_902463235.1, s__Faecalibacterium sp902463235, 95.0, 91.36, 0.615; GCA_934511465.1, s__Faecalibacterium sp934511465, 95.0, 90.68, 0.635; GCF_002549775.1, s__Faecalibacterium prausnitzii_F, 95.0, 88.95, 0.546; GCA_934501115.1, s__Faecalibacterium sp934501115, 95.0, 88.89, 0.555; GCF_003324185.1, s__Faecalibacterium prausnitzii, 95.0, 87.96, 0.446; GCF_023347235.1, s__Faecalibacterium prausnitzii_A, 95.0, 87.79, 0.443; GCA_900765105.1, s__Faecalibacterium sp900765105, 95.0, 87.74, 0.465; GCA_900765705.1, s__Faecalibacterium sp900765705, 95.0, 87.72, 0.328; GCA_934525735.1, s__Faecalibacterium sp934525735, 95.0, 87.61, 0.533; GCA_934513205.1, s__Faecalibacterium sp934513205, 95.0, 87.38, 0.478; GCF_003287405.1, s__Faecalibacterium prausnitzii_J, 95.0, 87.36, 0.435; GCA_025757845.1, s__Faecalibacterium sp900539945, 95.0, 87.19, 0.46; GCF_023347295.1, s__Faecalibacterium sp003449675, 95.0, 87.04, 0.418; GCA_905215595.1, s__Faecalibacterium sp905215595, 95.0, 86.62, 0.363; GCA_934503275.1, s__Faecalibacterium sp934503275, 95.0, 86.42, 0.442; GCA_934561555.1, s__Faecalibacterium sp934561555, 95.0, 86.4, 0.404; GCA_902463905.1, s__Faecalibacterium sp902463905, 95.0, 86.37, 0.363; GCA_934524985.1, s__Faecalibacterium sp934524985, 95.0, 86.22, 0.425; GCA_934525325.1, s__Faecalibacterium sp934525325, 95.0, 86.12, 0.399; GCA_934561115.1, s__Faecalibacterium sp934561115, 95.0, 86.11, 0.421; GCA_934540955.1, s__Faecalibacterium sp934540955, 95.0, 86.09, 0.388; GCA_900772565.1, s__Faecalibacterium sp900772565, 95.0, 86.07, 0.401; GCA_934525405.1, s__Faecalibacterium sp934525405, 95.0, 86.01, 0.37; GCA_934525845.1, s__Faecalibacterium sp934525845, 95.0, 85.91, 0.412; GCA_934512105.1, s__Faecalibacterium sp934512105, 95.0, 85.89, 0.381; GCA_934561485.1, s__Faecalibacterium sp934561485, 95.0, 85.83, 0.42; GCA_934539245.1, s__Faecalibacterium sp934539245, 95.0, 85.78, 0.421; GCA_934532365.1, s__Faecalibacterium sp934532365, 95.0, 85.78, 0.403; GCF_020687245.1, s__Faecalibacterium longum, 95.0, 85.73, 0.31; GCF_003287455.1, s__Faecalibacterium hattorii, 95.0, 85.52, 0.331; GCA_934553285.1, s__Faecalibacterium sp934553285, 95.0, 85.21, 0.387; GCF_010509575.1, s__Faecalibacterium duncaniae, 95.0, 85.21, 0.3; GCF_023347275.1, s__Faecalibacterium sp900758465, 95.0, 85.07, 0.31; GCF_019967995.1, s__Faecalibacterium prausnitzii_E, 95.0, 84.97, 0.308; GCA_937915335.1, s__Faecalibacterium sp937915335, 95.0, 84.56, 0.177; GCF_003287495.1, s__Faecalibacterium prausnitzii_I, 95.0, 84.53, 0.287; GCA_014858325.1, s__Faecalibacterium sp014858325, 95.0, 84.12, 0.233; GCA_934547065.1, s__Faecalibacterium sp934547065, 95.0, 83.87, 0.284; GCA_004558805.1, s__Faecalibacterium prausnitzii_M, 95.0, 83.77, 0.331; GCA_934514285.1, s__Faecalibacterium sp934514285, 95.0, 83.49, 0.285; GCA_002313795.1, s__Faecalibacterium prausnitzii_L, 95.0, 83.32, 0.153; GCA_934526125.1, s__Faecalibacterium sp934526125, 95.0, 83.26, 0.24; GCA_934518555.1, s__Faecalibacterium sp934518555, 95.0, 83.09, 0.326; GCA_937917475.1, s__Faecalibacterium sp937917475, 95.0, 82.9, 0.153; GCA_900551435.1, s__Faecalibacterium sp900551435, 95.0, 82.68, 0.207; GCA_934533135.1, s__Faecalibacterium sp934533135, 95.0, 82.28, 0.222; GCA_934548045.1, s__Faecalibacterium sp934548045, 95.0, 81.17, 0.156	94.04	11	N/A	N/A
OF03-6AC.fna	d__Bacteria;p__Bacillota_A;c__Clostridia;o__Oscillospirales;f__Ruminococcaceae;g__Faecalibacterium;s__Faecalibacterium prausnitzii_D	GCF_023347255.1	95.0	d__Bacteria;p__Bacillota_A;c__Clostridia;o__Oscillospirales;f__Ruminococcaceae;g__Faecalibacterium;s__Faecalibacterium prausnitzii_D	97.59	0.807	GCF_023347255.1	95.0	d__Bacteria;p__Bacillota_A;c__Clostridia;o__Oscillospirales;f__Ruminococcaceae;g__Faecalibacterium;s__Faecalibacterium prausnitzii_D	97.59	0.807	d__Bacteria;p__Bacillota_A;c__Clostridia;o__Oscillospirales;f__Ruminococcaceae;g__Faecalibacterium;s__	taxonomic classification defined by topology and ANI	topological placement and ANI have congruent species assignments	GCF_023347535.1, s__Faecalibacterium sp900539885, 95.0, 91.83, 0.648; GCA_902463235.1, s__Faecalibacterium sp902463235, 95.0, 90.69, 0.613; GCA_934511465.1, s__Faecalibacterium sp934511465, 95.0, 90.67, 0.634; GCF_002549775.1, s__Faecalibacterium prausnitzii_F, 95.0, 88.38, 0.512; GCA_934501115.1, s__Faecalibacterium sp934501115, 95.0, 88.31, 0.534; GCA_900765105.1, s__Faecalibacterium sp900765105, 95.0, 88.0, 0.474; GCA_900765705.1, s__Faecalibacterium sp900765705, 95.0, 87.63, 0.325; GCA_934525735.1, s__Faecalibacterium sp934525735, 95.0, 87.44, 0.543; GCA_905215595.1, s__Faecalibacterium sp905215595, 95.0, 87.01, 0.385; GCA_934513205.1, s__Faecalibacterium sp934513205, 95.0, 87.0, 0.461; GCA_025757845.1, s__Faecalibacterium sp900539945, 95.0, 86.71, 0.452; GCF_003324185.1, s__Faecalibacterium prausnitzii, 95.0, 86.68, 0.415; GCF_023347295.1, s__Faecalibacterium sp003449675, 95.0, 86.65, 0.411; GCF_023347235.1, s__Faecalibacterium prausnitzii_A, 95.0, 86.48, 0.394; GCA_902463905.1, s__Faecalibacterium sp902463905, 95.0, 86.32, 0.363; GCF_003287405.1, s__Faecalibacterium prausnitzii_J, 95.0, 86.3, 0.405; GCA_934503275.1, s__Faecalibacterium sp934503275, 95.0, 86.17, 0.413; GCA_934561555.1, s__Faecalibacterium sp934561555, 95.0, 86.02, 0.378; GCA_934561115.1, s__Faecalibacterium sp934561115, 95.0, 85.98, 0.411; GCA_934540955.1, s__Faecalibacterium sp934540955, 95.0, 85.95, 0.377; GCA_934525405.1, s__Faecalibacterium sp934525405, 95.0, 85.95, 0.373; GCA_934512105.1, s__Faecalibacterium sp934512105, 95.0, 85.91, 0.392; GCA_934532365.1, s__Faecalibacterium sp934532365, 95.0, 85.88, 0.406; GCA_900772565.1, s__Faecalibacterium sp900772565, 95.0, 85.86, 0.398; GCA_934524985.1, s__Faecalibacterium sp934524985, 95.0, 85.84, 0.42; GCA_934539245.1, s__Faecalibacterium sp934539245, 95.0, 85.62, 0.417; GCA_934561485.1, s__Faecalibacterium sp934561485, 95.0, 85.62, 0.411; GCA_934525325.1, s__Faecalibacterium sp934525325, 95.0, 85.59, 0.389; GCA_934525845.1, s__Faecalibacterium sp934525845, 95.0, 85.42, 0.402; GCF_020687245.1, s__Faecalibacterium longum, 95.0, 85.25, 0.3; GCA_934553285.1, s__Faecalibacterium sp934553285, 95.0, 84.93, 0.392; GCF_019967995.1, s__Faecalibacterium prausnitzii_E, 95.0, 84.91, 0.306; GCF_023347275.1, s__Faecalibacterium sp900758465, 95.0, 84.56, 0.28; GCA_937915335.1, s__Faecalibacterium sp937915335, 95.0, 84.5, 0.172; GCF_010509575.1, s__Faecalibacterium duncaniae, 95.0, 84.25, 0.269; GCF_003287455.1, s__Faecalibacterium hattorii, 95.0, 84.19, 0.289; GCA_014858325.1, s__Faecalibacterium sp014858325, 95.0, 84.1, 0.231; GCA_004558805.1, s__Faecalibacterium prausnitzii_M, 95.0, 83.8, 0.324; GCF_003287495.1, s__Faecalibacterium prausnitzii_I, 95.0, 83.66, 0.277; GCA_934547065.1, s__Faecalibacterium sp934547065, 95.0, 83.62, 0.283; GCA_002313795.1, s__Faecalibacterium prausnitzii_L, 95.0, 83.44, 0.158; GCA_934526125.1, s__Faecalibacterium sp934526125, 95.0, 83.36, 0.239; GCA_934518555.1, s__Faecalibacterium sp934518555, 95.0, 83.29, 0.321; GCA_934514285.1, s__Faecalibacterium sp934514285, 95.0, 83.05, 0.265; GCA_937917475.1, s__Faecalibacterium sp937917475, 95.0, 82.85, 0.164; GCA_900551435.1, s__Faecalibacterium sp900551435, 95.0, 82.74, 0.203; GCA_934533135.1, s__Faecalibacterium sp934533135, 95.0, 82.09, 0.211; GCA_934548045.1, s__Faecalibacterium sp934548045, 95.0, 80.85, 0.169	94.04	11	N/A	N/A
OM04-11BH.fna	d__Bacteria;p__Bacillota_A;c__Clostridia;o__Oscillospirales;f__Ruminococcaceae;g__Faecalibacterium;s__Faecalibacterium prausnitzii_A	GCF_023347235.1	95.0	d__Bacteria;p__Bacillota_A;c__Clostridia;o__Oscillospirales;f__Ruminococcaceae;g__Faecalibacterium;s__Faecalibacterium prausnitzii_A	96.3	0.82	GCF_023347235.1	95.0	d__Bacteria;p__Bacillota_A;c__Clostridia;o__Oscillospirales;f__Ruminococcaceae;g__Faecalibacterium;s__Faecalibacterium prausnitzii_A	96.3	0.82	d__Bacteria;p__Bacillota_A;c__Clostridia;o__Oscillospirales;f__Ruminococcaceae;g__Faecalibacterium;s__	taxonomic classification defined by topology and ANI	topological placement and ANI have congruent species assignments	GCF_023347295.1, s__Faecalibacterium sp003449675, 95.0, 94.6, 0.753; GCA_934525405.1, s__Faecalibacterium sp934525405, 95.0, 94.39, 0.783; GCF_003324185.1, s__Faecalibacterium prausnitzii, 95.0, 94.2, 0.739; GCA_934524985.1, s__Faecalibacterium sp934524985, 95.0, 94.1, 0.796; GCA_934525325.1, s__Faecalibacterium sp934525325, 95.0, 94.08, 0.821; GCA_934503275.1, s__Faecalibacterium sp934503275, 95.0, 94.06, 0.794; GCA_934539245.1, s__Faecalibacterium sp934539245, 95.0, 94.02, 0.805; GCA_934561115.1, s__Faecalibacterium sp934561115, 95.0, 94.02, 0.793; GCA_900772565.1, s__Faecalibacterium sp900772565, 95.0, 93.95, 0.749; GCA_934561555.1, s__Faecalibacterium sp934561555, 95.0, 93.94, 0.735; GCF_003287405.1, s__Faecalibacterium prausnitzii_J, 95.0, 93.92, 0.7; GCA_905215595.1, s__Faecalibacterium sp905215595, 95.0, 93.91, 0.758; GCA_934512105.1, s__Faecalibacterium sp934512105, 95.0, 93.88, 0.742; GCA_934532365.1, s__Faecalibacterium sp934532365, 95.0, 93.84, 0.797; GCA_934540955.1, s__Faecalibacterium sp934540955, 95.0, 93.7, 0.748; GCA_900765705.1, s__Faecalibacterium sp900765705, 95.0, 91.62, 0.551; GCA_902463235.1, s__Faecalibacterium sp902463235, 95.0, 91.32, 0.548; GCA_934513205.1, s__Faecalibacterium sp934513205, 95.0, 89.37, 0.514; GCA_934553285.1, s__Faecalibacterium sp934553285, 95.0, 88.95, 0.64; GCA_900765105.1, s__Faecalibacterium sp900765105, 95.0, 86.9, 0.37; GCF_023347535.1, s__Faecalibacterium sp900539885, 95.0, 86.88, 0.397; GCA_025757845.1, s__Faecalibacterium sp900539945, 95.0, 86.61, 0.407; GCF_002549775.1, s__Faecalibacterium prausnitzii_F, 95.0, 86.53, 0.403; GCA_902463905.1, s__Faecalibacterium sp902463905, 95.0, 86.27, 0.336; GCF_023347255.1, s__Faecalibacterium prausnitzii_D, 95.0, 86.25, 0.378; GCA_934511465.1, s__Faecalibacterium sp934511465, 95.0, 85.67, 0.388; GCA_004558805.1, s__Faecalibacterium prausnitzii_M, 95.0, 85.46, 0.39; GCA_934501115.1, s__Faecalibacterium sp934501115, 95.0, 85.45, 0.34; GCA_934525735.1, s__Faecalibacterium sp934525735, 95.0, 85.38, 0.385; GCA_934525845.1, s__Faecalibacterium sp934525845, 95.0, 85.27, 0.362; GCA_934561485.1, s__Faecalibacterium sp934561485, 95.0, 85.14, 0.359; GCF_010509575.1, s__Faecalibacterium duncaniae, 95.0, 85.01, 0.289; GCF_020687245.1, s__Faecalibacterium longum, 95.0, 84.92, 0.281; GCF_003287455.1, s__Faecalibacterium hattorii, 95.0, 84.86, 0.31; GCA_934518555.1, s__Faecalibacterium sp934518555, 95.0, 84.53, 0.371; GCF_019967995.1, s__Faecalibacterium prausnitzii_E, 95.0, 84.43, 0.302; GCF_023347275.1, s__Faecalibacterium sp900758465, 95.0, 84.2, 0.273; GCA_937915335.1, s__Faecalibacterium sp937915335, 95.0, 84.19, 0.171; GCF_003287495.1, s__Faecalibacterium prausnitzii_I, 95.0, 83.92, 0.272; GCA_014858325.1, s__Faecalibacterium sp014858325, 95.0, 83.77, 0.231; GCA_934514285.1, s__Faecalibacterium sp934514285, 95.0, 83.63, 0.266; GCA_934526125.1, s__Faecalibacterium sp934526125, 95.0, 83.5, 0.266; GCA_934547065.1, s__Faecalibacterium sp934547065, 95.0, 83.3, 0.258; GCA_900551435.1, s__Faecalibacterium sp900551435, 95.0, 82.59, 0.186; GCA_937917475.1, s__Faecalibacterium sp937917475, 95.0, 82.59, 0.153; GCA_934533135.1, s__Faecalibacterium sp934533135, 95.0, 82.22, 0.215; GCA_934548045.1, s__Faecalibacterium sp934548045, 95.0, 80.66, 0.154	94.0	11	N/A	N/A
P9094.fna	d__Bacteria;p__Bacillota_A;c__Clostridia;o__Oscillospirales;f__Ruminococcaceae;g__Faecalibacterium;s__Faecalibacterium duncaniae	GCF_010509575.1	95.0	d__Bacteria;p__Bacillota_A;c__Clostridia;o__Oscillospirales;f__Ruminococcaceae;g__Faecalibacterium;s__Faecalibacterium duncaniae	97.41	0.837	GCF_010509575.1	95.0	d__Bacteria;p__Bacillota_A;c__Clostridia;o__Oscillospirales;f__Ruminococcaceae;g__Faecalibacterium;s__Faecalibacterium duncaniae	97.41	0.837	d__Bacteria;p__Bacillota_A;c__Clostridia;o__Oscillospirales;f__Ruminococcaceae;g__Faecalibacterium;s__	taxonomic classification defined by topology and ANI	topological placement and ANI have congruent species assignments	GCA_937915335.1, s__Faecalibacterium sp937915335, 95.0, 89.45, 0.478; GCF_003287455.1, s__Faecalibacterium hattorii, 95.0, 87.08, 0.445; GCF_019967995.1, s__Faecalibacterium prausnitzii_E, 95.0, 87.07, 0.416; GCA_934526125.1, s__Faecalibacterium sp934526125, 95.0, 86.76, 0.499; GCA_934547065.1, s__Faecalibacterium sp934547065, 95.0, 86.44, 0.479; GCA_900765705.1, s__Faecalibacterium sp900765705, 95.0, 86.11, 0.236; GCF_023347235.1, s__Faecalibacterium prausnitzii_A, 95.0, 85.83, 0.321; GCF_020687245.1, s__Faecalibacterium longum, 95.0, 85.51, 0.315; GCF_003324185.1, s__Faecalibacterium prausnitzii, 95.0, 85.49, 0.332; GCA_902463905.1, s__Faecalibacterium sp902463905, 95.0, 85.46, 0.25; GCF_023347535.1, s__Faecalibacterium sp900539885, 95.0, 85.44, 0.31; GCF_023347295.1, s__Faecalibacterium sp003449675, 95.0, 85.42, 0.305; GCA_014858325.1, s__Faecalibacterium sp014858325, 95.0, 85.41, 0.319; GCF_003287495.1, s__Faecalibacterium prausnitzii_I, 95.0, 85.33, 0.342; GCF_023347255.1, s__Faecalibacterium prausnitzii_D, 95.0, 85.06, 0.283; GCF_003287405.1, s__Faecalibacterium prausnitzii_J, 95.0, 85.01, 0.29; GCF_023347275.1, s__Faecalibacterium sp900758465, 95.0, 84.97, 0.313; GCA_025757845.1, s__Faecalibacterium sp900539945, 95.0, 84.81, 0.294; GCA_900772565.1, s__Faecalibacterium sp900772565, 95.0, 84.72, 0.275; GCA_900765105.1, s__Faecalibacterium sp900765105, 95.0, 84.68, 0.231; GCA_934503275.1, s__Faecalibacterium sp934503275, 95.0, 84.66, 0.291; GCF_002549775.1, s__Faecalibacterium prausnitzii_F, 95.0, 84.64, 0.301; GCA_934513205.1, s__Faecalibacterium sp934513205, 95.0, 84.49, 0.262; GCA_902463235.1, s__Faecalibacterium sp902463235, 95.0, 84.35, 0.255; GCA_934561555.1, s__Faecalibacterium sp934561555, 95.0, 84.33, 0.266; GCA_905215595.1, s__Faecalibacterium sp905215595, 95.0, 84.3, 0.226; GCA_934540955.1, s__Faecalibacterium sp934540955, 95.0, 84.24, 0.261; GCA_934525405.1, s__Faecalibacterium sp934525405, 95.0, 84.2, 0.239; GCA_934561115.1, s__Faecalibacterium sp934561115, 95.0, 84.19, 0.27; GCA_934525845.1, s__Faecalibacterium sp934525845, 95.0, 84.17, 0.284; GCA_934512105.1, s__Faecalibacterium sp934512105, 95.0, 84.14, 0.263; GCA_934524985.1, s__Faecalibacterium sp934524985, 95.0, 84.09, 0.28; GCA_934514285.1, s__Faecalibacterium sp934514285, 95.0, 84.07, 0.3; GCA_900551435.1, s__Faecalibacterium sp900551435, 95.0, 84.04, 0.302; GCA_934511465.1, s__Faecalibacterium sp934511465, 95.0, 84.04, 0.261; GCA_934525735.1, s__Faecalibacterium sp934525735, 95.0, 83.91, 0.262; GCA_002313795.1, s__Faecalibacterium prausnitzii_L, 95.0, 83.9, 0.172; GCA_934539245.1, s__Faecalibacterium sp934539245, 95.0, 83.86, 0.28; GCA_934501115.1, s__Faecalibacterium sp934501115, 95.0, 83.78, 0.24; GCA_934561485.1, s__Faecalibacterium sp934561485, 95.0, 83.74, 0.253; GCA_934532365.1, s__Faecalibacterium sp934532365, 95.0, 83.65, 0.26; GCA_934525325.1, s__Faecalibacterium sp934525325, 95.0, 83.57, 0.26; GCA_937917475.1, s__Faecalibacterium sp937917475, 95.0, 83.55, 0.207; GCA_934553285.1, s__Faecalibacterium sp934553285, 95.0, 83.1, 0.254; GCA_934533135.1, s__Faecalibacterium sp934533135, 95.0, 82.75, 0.268; GCA_004558805.1, s__Faecalibacterium prausnitzii_M, 95.0, 82.67, 0.239; GCA_934518555.1, s__Faecalibacterium sp934518555, 95.0, 82.17, 0.235; GCA_900540455.1, s__Faecalibacterium sp900540455, 95.0, 81.61, 0.152; GCA_934548045.1, s__Faecalibacterium sp934548045, 95.0, 81.42, 0.194	94.14	11	N/A	N/A
P9122.fna	d__Bacteria;p__Bacillota_A;c__Clostridia;o__Oscillospirales;f__Ruminococcaceae;g__Faecalibacterium;s__Faecalibacterium duncaniae	GCF_010509575.1	95.0	d__Bacteria;p__Bacillota_A;c__Clostridia;o__Oscillospirales;f__Ruminococcaceae;g__Faecalibacterium;s__Faecalibacterium duncaniae	95.83	0.712	GCF_010509575.1	95.0	d__Bacteria;p__Bacillota_A;c__Clostridia;o__Oscillospirales;f__Ruminococcaceae;g__Faecalibacterium;s__Faecalibacterium duncaniae	95.83	0.712	d__Bacteria;p__Bacillota_A;c__Clostridia;o__Oscillospirales;f__Ruminococcaceae;g__Faecalibacterium;s__	taxonomic classification defined by topology and ANI	topological placement and ANI have congruent species assignments	GCA_937915335.1, s__Faecalibacterium sp937915335, 95.0, 89.25, 0.477; GCF_019967995.1, s__Faecalibacterium prausnitzii_E, 95.0, 87.18, 0.46; GCF_003287455.1, s__Faecalibacterium hattorii, 95.0, 86.9, 0.463; GCA_934526125.1, s__Faecalibacterium sp934526125, 95.0, 86.74, 0.496; GCA_900765705.1, s__Faecalibacterium sp900765705, 95.0, 86.48, 0.268; GCA_934547065.1, s__Faecalibacterium sp934547065, 95.0, 86.32, 0.467; GCF_023347255.1, s__Faecalibacterium prausnitzii_D, 95.0, 86.22, 0.328; GCF_023347235.1, s__Faecalibacterium prausnitzii_A, 95.0, 86.14, 0.322; GCF_003324185.1, s__Faecalibacterium prausnitzii, 95.0, 85.83, 0.337; GCF_023347295.1, s__Faecalibacterium sp003449675, 95.0, 85.51, 0.318; GCF_020687245.1, s__Faecalibacterium longum, 95.0, 85.49, 0.314; GCA_902463905.1, s__Faecalibacterium sp902463905, 95.0, 85.4, 0.258; GCA_025757845.1, s__Faecalibacterium sp900539945, 95.0, 85.36, 0.339; GCA_014858325.1, s__Faecalibacterium sp014858325, 95.0, 85.29, 0.313; GCF_002549775.1, s__Faecalibacterium prausnitzii_F, 95.0, 85.25, 0.329; GCF_003287495.1, s__Faecalibacterium prausnitzii_I, 95.0, 85.16, 0.341; GCA_934503275.1, s__Faecalibacterium sp934503275, 95.0, 84.98, 0.315; GCA_934513205.1, s__Faecalibacterium sp934513205, 95.0, 84.92, 0.288; GCA_934561555.1, s__Faecalibacterium sp934561555, 95.0, 84.9, 0.295; GCF_023347275.1, s__Faecalibacterium sp900758465, 95.0, 84.77, 0.306; GCF_003287405.1, s__Faecalibacterium prausnitzii_J, 95.0, 84.7, 0.296; GCA_900772565.1, s__Faecalibacterium sp900772565, 95.0, 84.7, 0.295; GCA_905215595.1, s__Faecalibacterium sp905215595, 95.0, 84.69, 0.239; GCF_023347535.1, s__Faecalibacterium sp900539885, 95.0, 84.68, 0.282; GCA_934525845.1, s__Faecalibacterium sp934525845, 95.0, 84.63, 0.298; GCA_900765105.1, s__Faecalibacterium sp900765105, 95.0, 84.54, 0.243; GCA_902463235.1, s__Faecalibacterium sp902463235, 95.0, 84.53, 0.245; GCA_934540955.1, s__Faecalibacterium sp934540955, 95.0, 84.47, 0.273; GCA_934512105.1, s__Faecalibacterium sp934512105, 95.0, 84.38, 0.283; GCA_934525405.1, s__Faecalibacterium sp934525405, 95.0, 84.21, 0.245; GCA_934525735.1, s__Faecalibacterium sp934525735, 95.0, 84.18, 0.275; GCA_934524985.1, s__Faecalibacterium sp934524985, 95.0, 84.15, 0.292; GCA_900551435.1, s__Faecalibacterium sp900551435, 95.0, 84.14, 0.305; GCA_934514285.1, s__Faecalibacterium sp934514285, 95.0, 84.12, 0.294; GCA_934525325.1, s__Faecalibacterium sp934525325, 95.0, 84.08, 0.264; GCA_934501115.1, s__Faecalibacterium sp934501115, 95.0, 84.02, 0.251; GCA_934511465.1, s__Faecalibacterium sp934511465, 95.0, 84.01, 0.276; GCA_934539245.1, s__Faecalibacterium sp934539245, 95.0, 83.99, 0.275; GCA_934532365.1, s__Faecalibacterium sp934532365, 95.0, 83.87, 0.271; GCA_934561115.1, s__Faecalibacterium sp934561115, 95.0, 83.84, 0.27; GCA_934561485.1, s__Faecalibacterium sp934561485, 95.0, 83.7, 0.264; GCA_004558805.1, s__Faecalibacterium prausnitzii_M, 95.0, 83.65, 0.258; GCA_937917475.1, s__Faecalibacterium sp937917475, 95.0, 83.61, 0.195; GCA_002313795.1, s__Faecalibacterium prausnitzii_L, 95.0, 83.59, 0.177; GCA_934533135.1, s__Faecalibacterium sp934533135, 95.0, 83.38, 0.27; GCA_934553285.1, s__Faecalibacterium sp934553285, 95.0, 83.25, 0.264; GCA_934518555.1, s__Faecalibacterium sp934518555, 95.0, 82.55, 0.247; GCA_934548045.1, s__Faecalibacterium sp934548045, 95.0, 81.49, 0.197	93.96	11	N/A	N/A
P9123.fna	d__Bacteria;p__Bacillota_A;c__Clostridia;o__Oscillospirales;f__Ruminococcaceae;g__Faecalibacterium;s__Faecalibacterium duncaniae	GCF_010509575.1	95.0	d__Bacteria;p__Bacillota_A;c__Clostridia;o__Oscillospirales;f__Ruminococcaceae;g__Faecalibacterium;s__Faecalibacterium duncaniae	97.31	0.767	GCF_010509575.1	95.0	d__Bacteria;p__Bacillota_A;c__Clostridia;o__Oscillospirales;f__Ruminococcaceae;g__Faecalibacterium;s__Faecalibacterium duncaniae	97.31	0.767	d__Bacteria;p__Bacillota_A;c__Clostridia;o__Oscillospirales;f__Ruminococcaceae;g__Faecalibacterium;s__	taxonomic classification defined by topology and ANI	topological placement and ANI have congruent species assignments	GCA_937915335.1, s__Faecalibacterium sp937915335, 95.0, 89.35, 0.471; GCF_003287455.1, s__Faecalibacterium hattorii, 95.0, 87.01, 0.443; GCA_934526125.1, s__Faecalibacterium sp934526125, 95.0, 86.93, 0.494; GCF_019967995.1, s__Faecalibacterium prausnitzii_E, 95.0, 86.93, 0.421; GCA_934547065.1, s__Faecalibacterium sp934547065, 95.0, 86.14, 0.479; GCA_900765705.1, s__Faecalibacterium sp900765705, 95.0, 85.76, 0.225; GCF_023347295.1, s__Faecalibacterium sp003449675, 95.0, 85.49, 0.306; GCF_023347235.1, s__Faecalibacterium prausnitzii_A, 95.0, 85.49, 0.305; GCA_902463905.1, s__Faecalibacterium sp902463905, 95.0, 85.48, 0.243; GCF_003324185.1, s__Faecalibacterium prausnitzii, 95.0, 85.43, 0.303; GCF_023347255.1, s__Faecalibacterium prausnitzii_D, 95.0, 85.42, 0.305; GCF_020687245.1, s__Faecalibacterium longum, 95.0, 85.41, 0.31; GCF_003287495.1, s__Faecalibacterium prausnitzii_I, 95.0, 85.31, 0.343; GCA_025757845.1, s__Faecalibacterium sp900539945, 95.0, 85.29, 0.309; GCA_014858325.1, s__Faecalibacterium sp014858325, 95.0, 85.24, 0.314; GCF_023347275.1, s__Faecalibacterium sp900758465, 95.0, 85.21, 0.314; GCF_002549775.1, s__Faecalibacterium prausnitzii_F, 95.0, 85.21, 0.305; GCF_023347535.1, s__Faecalibacterium sp900539885, 95.0, 85.03, 0.289; GCA_900765105.1, s__Faecalibacterium sp900765105, 95.0, 84.75, 0.242; GCF_003287405.1, s__Faecalibacterium prausnitzii_J, 95.0, 84.66, 0.299; GCA_934513205.1, s__Faecalibacterium sp934513205, 95.0, 84.58, 0.27; GCA_934525845.1, s__Faecalibacterium sp934525845, 95.0, 84.48, 0.296; GCA_902463235.1, s__Faecalibacterium sp902463235, 95.0, 84.48, 0.262; GCA_900772565.1, s__Faecalibacterium sp900772565, 95.0, 84.47, 0.274; GCA_934561555.1, s__Faecalibacterium sp934561555, 95.0, 84.35, 0.271; GCA_934503275.1, s__Faecalibacterium sp934503275, 95.0, 84.34, 0.295; GCA_934540955.1, s__Faecalibacterium sp934540955, 95.0, 84.24, 0.252; GCA_905215595.1, s__Faecalibacterium sp905215595, 95.0, 84.2, 0.215; GCA_934514285.1, s__Faecalibacterium sp934514285, 95.0, 84.17, 0.288; GCA_900551435.1, s__Faecalibacterium sp900551435, 95.0, 84.12, 0.307; GCA_934525325.1, s__Faecalibacterium sp934525325, 95.0, 84.12, 0.256; GCA_934525405.1, s__Faecalibacterium sp934525405, 95.0, 84.08, 0.23; GCA_934524985.1, s__Faecalibacterium sp934524985, 95.0, 84.04, 0.283; GCA_934539245.1, s__Faecalibacterium sp934539245, 95.0, 83.94, 0.271; GCA_934525735.1, s__Faecalibacterium sp934525735, 95.0, 83.93, 0.275; GCA_934512105.1, s__Faecalibacterium sp934512105, 95.0, 83.91, 0.263; GCA_934561115.1, s__Faecalibacterium sp934561115, 95.0, 83.89, 0.27; GCA_934511465.1, s__Faecalibacterium sp934511465, 95.0, 83.88, 0.268; GCA_934532365.1, s__Faecalibacterium sp934532365, 95.0, 83.79, 0.256; GCA_937917475.1, s__Faecalibacterium sp937917475, 95.0, 83.69, 0.201; GCA_934501115.1, s__Faecalibacterium sp934501115, 95.0, 83.68, 0.237; GCA_002313795.1, s__Faecalibacterium prausnitzii_L, 95.0, 83.63, 0.182; GCA_934561485.1, s__Faecalibacterium sp934561485, 95.0, 83.55, 0.259; GCA_934553285.1, s__Faecalibacterium sp934553285, 95.0, 83.26, 0.253; GCA_934533135.1, s__Faecalibacterium sp934533135, 95.0, 83.07, 0.265; GCA_004558805.1, s__Faecalibacterium prausnitzii_M, 95.0, 82.84, 0.238; GCA_934518555.1, s__Faecalibacterium sp934518555, 95.0, 82.38, 0.237; GCA_934548045.1, s__Faecalibacterium sp934548045, 95.0, 81.51, 0.193	94.0	11	N/A	N/A
P9224.fna	d__Bacteria;p__Bacillota_A;c__Clostridia;o__Oscillospirales;f__Ruminococcaceae;g__Faecalibacterium;s__Faecalibacterium duncaniae	GCF_010509575.1	95.0	d__Bacteria;p__Bacillota_A;c__Clostridia;o__Oscillospirales;f__Ruminococcaceae;g__Faecalibacterium;s__Faecalibacterium duncaniae	96.82	0.785	GCF_010509575.1	95.0	d__Bacteria;p__Bacillota_A;c__Clostridia;o__Oscillospirales;f__Ruminococcaceae;g__Faecalibacterium;s__Faecalibacterium duncaniae	96.82	0.785	d__Bacteria;p__Bacillota_A;c__Clostridia;o__Oscillospirales;f__Ruminococcaceae;g__Faecalibacterium;s__	taxonomic classification defined by topology and ANI	topological placement and ANI have congruent species assignments	GCA_937915335.1, s__Faecalibacterium sp937915335, 95.0, 89.25, 0.461; GCF_003287455.1, s__Faecalibacterium hattorii, 95.0, 87.38, 0.439; GCF_019967995.1, s__Faecalibacterium prausnitzii_E, 95.0, 87.18, 0.444; GCA_934526125.1, s__Faecalibacterium sp934526125, 95.0, 86.73, 0.474; GCA_934547065.1, s__Faecalibacterium sp934547065, 95.0, 86.42, 0.45; GCF_023347235.1, s__Faecalibacterium prausnitzii_A, 95.0, 86.1, 0.335; GCF_003287495.1, s__Faecalibacterium prausnitzii_I, 95.0, 85.9, 0.339; GCF_003324185.1, s__Faecalibacterium prausnitzii, 95.0, 85.89, 0.328; GCF_003287405.1, s__Faecalibacterium prausnitzii_J, 95.0, 85.59, 0.304; GCF_020687245.1, s__Faecalibacterium longum, 95.0, 85.55, 0.325; GCA_902463905.1, s__Faecalibacterium sp902463905, 95.0, 85.37, 0.24; GCF_023347255.1, s__Faecalibacterium prausnitzii_D, 95.0, 85.29, 0.303; GCA_025757845.1, s__Faecalibacterium sp900539945, 95.0, 85.27, 0.319; GCF_023347295.1, s__Faecalibacterium sp003449675, 95.0, 85.21, 0.295; GCF_002549775.1, s__Faecalibacterium prausnitzii_F, 95.0, 85.2, 0.315; GCF_023347535.1, s__Faecalibacterium sp900539885, 95.0, 85.11, 0.28; GCF_023347275.1, s__Faecalibacterium sp900758465, 95.0, 85.09, 0.294; GCA_900765705.1, s__Faecalibacterium sp900765705, 95.0, 85.07, 0.225; GCA_014858325.1, s__Faecalibacterium sp014858325, 95.0, 85.01, 0.298; GCA_900765105.1, s__Faecalibacterium sp900765105, 95.0, 84.77, 0.236; GCA_934525845.1, s__Faecalibacterium sp934525845, 95.0, 84.65, 0.277; GCA_934503275.1, s__Faecalibacterium sp934503275, 95.0, 84.45, 0.284; GCA_934561555.1, s__Faecalibacterium sp934561555, 95.0, 84.41, 0.266; GCA_934513205.1, s__Faecalibacterium sp934513205, 95.0, 84.38, 0.264; GCA_905215595.1, s__Faecalibacterium sp905215595, 95.0, 84.33, 0.209; GCA_934525405.1, s__Faecalibacterium sp934525405, 95.0, 84.3, 0.227; GCA_902463235.1, s__Faecalibacterium sp902463235, 95.0, 84.29, 0.242; GCA_934524985.1, s__Faecalibacterium sp934524985, 95.0, 84.15, 0.272; GCA_934514285.1, s__Faecalibacterium sp934514285, 95.0, 84.11, 0.285; GCA_934532365.1, s__Faecalibacterium sp934532365, 95.0, 84.04, 0.254; GCA_934525325.1, s__Faecalibacterium sp934525325, 95.0, 84.04, 0.241; GCA_900772565.1, s__Faecalibacterium sp900772565, 95.0, 84.03, 0.259; GCA_934525735.1, s__Faecalibacterium sp934525735, 95.0, 84.01, 0.256; GCA_937917475.1, s__Faecalibacterium sp937917475, 95.0, 83.93, 0.19; GCA_934540955.1, s__Faecalibacterium sp934540955, 95.0, 83.91, 0.247; GCA_934512105.1, s__Faecalibacterium sp934512105, 95.0, 83.9, 0.251; GCA_934511465.1, s__Faecalibacterium sp934511465, 95.0, 83.87, 0.255; GCA_934561115.1, s__Faecalibacterium sp934561115, 95.0, 83.8, 0.259; GCA_900551435.1, s__Faecalibacterium sp900551435, 95.0, 83.71, 0.29; GCA_002313795.1, s__Faecalibacterium prausnitzii_L, 95.0, 83.68, 0.166; GCA_934561485.1, s__Faecalibacterium sp934561485, 95.0, 83.6, 0.237; GCA_934501115.1, s__Faecalibacterium sp934501115, 95.0, 83.46, 0.231; GCA_934539245.1, s__Faecalibacterium sp934539245, 95.0, 83.41, 0.26; GCA_934533135.1, s__Faecalibacterium sp934533135, 95.0, 83.18, 0.25; GCA_934553285.1, s__Faecalibacterium sp934553285, 95.0, 83.04, 0.249; GCA_004558805.1, s__Faecalibacterium prausnitzii_M, 95.0, 82.67, 0.231; GCA_934518555.1, s__Faecalibacterium sp934518555, 95.0, 82.08, 0.218; GCA_934548045.1, s__Faecalibacterium sp934548045, 95.0, 81.78, 0.184	93.98	11	N/A	N/A
P9225.fna	d__Bacteria;p__Bacillota_A;c__Clostridia;o__Oscillospirales;f__Ruminococcaceae;g__Faecalibacterium;s__Faecalibacterium duncaniae	GCF_010509575.1	95.0	d__Bacteria;p__Bacillota_A;c__Clostridia;o__Oscillospirales;f__Ruminococcaceae;g__Faecalibacterium;s__Faecalibacterium duncaniae	96.93	0.775	GCF_010509575.1	95.0	d__Bacteria;p__Bacillota_A;c__Clostridia;o__Oscillospirales;f__Ruminococcaceae;g__Faecalibacterium;s__Faecalibacterium duncaniae	96.93	0.775	d__Bacteria;p__Bacillota_A;c__Clostridia;o__Oscillospirales;f__Ruminococcaceae;g__Faecalibacterium;s__	taxonomic classification defined by topology and ANI	topological placement and ANI have congruent species assignments	GCA_937915335.1, s__Faecalibacterium sp937915335, 95.0, 89.37, 0.482; GCA_934526125.1, s__Faecalibacterium sp934526125, 95.0, 86.73, 0.494; GCF_003287455.1, s__Faecalibacterium hattorii, 95.0, 86.63, 0.431; GCA_934547065.1, s__Faecalibacterium sp934547065, 95.0, 86.41, 0.464; GCF_019967995.1, s__Faecalibacterium prausnitzii_E, 95.0, 86.4, 0.403; GCA_900765705.1, s__Faecalibacterium sp900765705, 95.0, 85.79, 0.242; GCA_025757845.1, s__Faecalibacterium sp900539945, 95.0, 85.62, 0.333; GCA_014858325.1, s__Faecalibacterium sp014858325, 95.0, 85.61, 0.315; GCA_902463905.1, s__Faecalibacterium sp902463905, 95.0, 85.6, 0.259; GCF_003324185.1, s__Faecalibacterium prausnitzii, 95.0, 85.58, 0.32; GCF_023347295.1, s__Faecalibacterium sp003449675, 95.0, 85.24, 0.311; GCF_002549775.1, s__Faecalibacterium prausnitzii_F, 95.0, 85.19, 0.32; GCF_023347255.1, s__Faecalibacterium prausnitzii_D, 95.0, 85.18, 0.293; GCF_023347235.1, s__Faecalibacterium prausnitzii_A, 95.0, 85.1, 0.309; GCF_023347535.1, s__Faecalibacterium sp900539885, 95.0, 85.06, 0.28; GCF_003287495.1, s__Faecalibacterium prausnitzii_I, 95.0, 85.0, 0.332; GCF_020687245.1, s__Faecalibacterium longum, 95.0, 84.91, 0.303; GCF_003287405.1, s__Faecalibacterium prausnitzii_J, 95.0, 84.87, 0.298; GCA_902463235.1, s__Faecalibacterium sp902463235, 95.0, 84.78, 0.27; GCA_934513205.1, s__Faecalibacterium sp934513205, 95.0, 84.72, 0.269; GCA_934525845.1, s__Faecalibacterium sp934525845, 95.0, 84.67, 0.298; GCA_900765105.1, s__Faecalibacterium sp900765105, 95.0, 84.66, 0.233; GCA_905215595.1, s__Faecalibacterium sp905215595, 95.0, 84.48, 0.229; GCA_934561555.1, s__Faecalibacterium sp934561555, 95.0, 84.46, 0.268; GCA_934503275.1, s__Faecalibacterium sp934503275, 95.0, 84.45, 0.309; GCA_900772565.1, s__Faecalibacterium sp900772565, 95.0, 84.45, 0.277; GCA_934514285.1, s__Faecalibacterium sp934514285, 95.0, 84.43, 0.313; GCA_934524985.1, s__Faecalibacterium sp934524985, 95.0, 84.41, 0.308; GCF_023347275.1, s__Faecalibacterium sp900758465, 95.0, 84.41, 0.302; GCA_934512105.1, s__Faecalibacterium sp934512105, 95.0, 84.4, 0.263; GCA_934525325.1, s__Faecalibacterium sp934525325, 95.0, 84.28, 0.272; GCA_900551435.1, s__Faecalibacterium sp900551435, 95.0, 84.23, 0.312; GCA_934525405.1, s__Faecalibacterium sp934525405, 95.0, 84.21, 0.245; GCA_934525735.1, s__Faecalibacterium sp934525735, 95.0, 84.02, 0.267; GCA_934511465.1, s__Faecalibacterium sp934511465, 95.0, 83.96, 0.274; GCA_934561115.1, s__Faecalibacterium sp934561115, 95.0, 83.93, 0.27; GCA_934540955.1, s__Faecalibacterium sp934540955, 95.0, 83.89, 0.261; GCA_934532365.1, s__Faecalibacterium sp934532365, 95.0, 83.88, 0.268; GCA_934539245.1, s__Faecalibacterium sp934539245, 95.0, 83.77, 0.274; GCA_002313795.1, s__Faecalibacterium prausnitzii_L, 95.0, 83.67, 0.181; GCA_934561485.1, s__Faecalibacterium sp934561485, 95.0, 83.65, 0.257; GCA_937917475.1, s__Faecalibacterium sp937917475, 95.0, 83.58, 0.196; GCA_934501115.1, s__Faecalibacterium sp934501115, 95.0, 83.56, 0.241; GCA_934553285.1, s__Faecalibacterium sp934553285, 95.0, 83.41, 0.265; GCA_934533135.1, s__Faecalibacterium sp934533135, 95.0, 83.04, 0.269; GCA_004558805.1, s__Faecalibacterium prausnitzii_M, 95.0, 82.9, 0.261; GCA_934518555.1, s__Faecalibacterium sp934518555, 95.0, 82.05, 0.24; GCA_934548045.1, s__Faecalibacterium sp934548045, 95.0, 81.31, 0.185	94.0	11	N/A	N/A
P9238.fna	d__Bacteria;p__Bacillota_A;c__Clostridia;o__Oscillospirales;f__Ruminococcaceae;g__Faecalibacterium;s__Faecalibacterium duncaniae	GCF_010509575.1	95.0	d__Bacteria;p__Bacillota_A;c__Clostridia;o__Oscillospirales;f__Ruminococcaceae;g__Faecalibacterium;s__Faecalibacterium duncaniae	97.45	0.837	GCF_010509575.1	95.0	d__Bacteria;p__Bacillota_A;c__Clostridia;o__Oscillospirales;f__Ruminococcaceae;g__Faecalibacterium;s__Faecalibacterium duncaniae	97.45	0.837	d__Bacteria;p__Bacillota_A;c__Clostridia;o__Oscillospirales;f__Ruminococcaceae;g__Faecalibacterium;s__	taxonomic classification defined by topology and ANI	topological placement and ANI have congruent species assignments	GCA_937915335.1, s__Faecalibacterium sp937915335, 95.0, 89.44, 0.477; GCF_003287455.1, s__Faecalibacterium hattorii, 95.0, 87.07, 0.445; GCF_019967995.1, s__Faecalibacterium prausnitzii_E, 95.0, 87.02, 0.416; GCA_934526125.1, s__Faecalibacterium sp934526125, 95.0, 86.76, 0.497; GCA_934547065.1, s__Faecalibacterium sp934547065, 95.0, 86.43, 0.476; GCA_900765705.1, s__Faecalibacterium sp900765705, 95.0, 86.1, 0.236; GCF_023347235.1, s__Faecalibacterium prausnitzii_A, 95.0, 85.8, 0.316; GCF_023347295.1, s__Faecalibacterium sp003449675, 95.0, 85.57, 0.304; GCF_003324185.1, s__Faecalibacterium prausnitzii, 95.0, 85.52, 0.332; GCF_020687245.1, s__Faecalibacterium longum, 95.0, 85.51, 0.315; GCA_902463905.1, s__Faecalibacterium sp902463905, 95.0, 85.48, 0.249; GCF_003287495.1, s__Faecalibacterium prausnitzii_I, 95.0, 85.41, 0.335; GCA_014858325.1, s__Faecalibacterium sp014858325, 95.0, 85.41, 0.317; GCF_023347535.1, s__Faecalibacterium sp900539885, 95.0, 85.4, 0.306; GCF_003287405.1, s__Faecalibacterium prausnitzii_J, 95.0, 85.0, 0.291; GCA_025757845.1, s__Faecalibacterium sp900539945, 95.0, 84.99, 0.295; GCF_023347255.1, s__Faecalibacterium prausnitzii_D, 95.0, 84.91, 0.279; GCF_023347275.1, s__Faecalibacterium sp900758465, 95.0, 84.88, 0.307; GCA_900772565.1, s__Faecalibacterium sp900772565, 95.0, 84.7, 0.274; GCA_934503275.1, s__Faecalibacterium sp934503275, 95.0, 84.67, 0.291; GCF_002549775.1, s__Faecalibacterium prausnitzii_F, 95.0, 84.63, 0.3; GCA_900765105.1, s__Faecalibacterium sp900765105, 95.0, 84.63, 0.229; GCA_934513205.1, s__Faecalibacterium sp934513205, 95.0, 84.48, 0.261; GCA_902463235.1, s__Faecalibacterium sp902463235, 95.0, 84.35, 0.255; GCA_934561555.1, s__Faecalibacterium sp934561555, 95.0, 84.31, 0.265; GCA_905215595.1, s__Faecalibacterium sp905215595, 95.0, 84.28, 0.226; GCA_934540955.1, s__Faecalibacterium sp934540955, 95.0, 84.23, 0.261; GCA_934525405.1, s__Faecalibacterium sp934525405, 95.0, 84.22, 0.238; GCA_934561115.1, s__Faecalibacterium sp934561115, 95.0, 84.19, 0.269; GCA_934525845.1, s__Faecalibacterium sp934525845, 95.0, 84.15, 0.284; GCA_934512105.1, s__Faecalibacterium sp934512105, 95.0, 84.14, 0.263; GCA_934514285.1, s__Faecalibacterium sp934514285, 95.0, 84.07, 0.299; GCA_934524985.1, s__Faecalibacterium sp934524985, 95.0, 84.07, 0.278; GCA_900551435.1, s__Faecalibacterium sp900551435, 95.0, 84.03, 0.301; GCA_934511465.1, s__Faecalibacterium sp934511465, 95.0, 84.03, 0.261; GCA_934525735.1, s__Faecalibacterium sp934525735, 95.0, 83.89, 0.261; GCA_002313795.1, s__Faecalibacterium prausnitzii_L, 95.0, 83.86, 0.17; GCA_934539245.1, s__Faecalibacterium sp934539245, 95.0, 83.84, 0.279; GCA_934501115.1, s__Faecalibacterium sp934501115, 95.0, 83.75, 0.24; GCA_934561485.1, s__Faecalibacterium sp934561485, 95.0, 83.69, 0.249; GCA_934532365.1, s__Faecalibacterium sp934532365, 95.0, 83.65, 0.259; GCA_934525325.1, s__Faecalibacterium sp934525325, 95.0, 83.57, 0.26; GCA_937917475.1, s__Faecalibacterium sp937917475, 95.0, 83.54, 0.205; GCA_934553285.1, s__Faecalibacterium sp934553285, 95.0, 83.09, 0.253; GCA_934533135.1, s__Faecalibacterium sp934533135, 95.0, 82.74, 0.267; GCA_004558805.1, s__Faecalibacterium prausnitzii_M, 95.0, 82.66, 0.237; GCA_934518555.1, s__Faecalibacterium sp934518555, 95.0, 82.17, 0.235; GCA_900540455.1, s__Faecalibacterium sp900540455, 95.0, 81.61, 0.152; GCA_934548045.1, s__Faecalibacterium sp934548045, 95.0, 81.42, 0.194	94.14	11	N/A	N/A
P9239.fna	d__Bacteria;p__Bacillota_A;c__Clostridia;o__Oscillospirales;f__Ruminococcaceae;g__Faecalibacterium;s__Faecalibacterium duncaniae	GCF_010509575.1	95.0	d__Bacteria;p__Bacillota_A;c__Clostridia;o__Oscillospirales;f__Ruminococcaceae;g__Faecalibacterium;s__Faecalibacterium duncaniae	96.2	0.81	GCF_010509575.1	95.0	d__Bacteria;p__Bacillota_A;c__Clostridia;o__Oscillospirales;f__Ruminococcaceae;g__Faecalibacterium;s__Faecalibacterium duncaniae	96.2	0.81	d__Bacteria;p__Bacillota_A;c__Clostridia;o__Oscillospirales;f__Ruminococcaceae;g__Faecalibacterium;s__	taxonomic classification defined by topology and ANI	topological placement and ANI have congruent species assignments	GCA_937915335.1, s__Faecalibacterium sp937915335, 95.0, 89.35, 0.475; GCA_934526125.1, s__Faecalibacterium sp934526125, 95.0, 86.83, 0.488; GCA_934547065.1, s__Faecalibacterium sp934547065, 95.0, 86.7, 0.491; GCF_019967995.1, s__Faecalibacterium prausnitzii_E, 95.0, 86.56, 0.446; GCF_003287455.1, s__Faecalibacterium hattorii, 95.0, 86.52, 0.438; GCA_902463905.1, s__Faecalibacterium sp902463905, 95.0, 85.78, 0.263; GCA_025757845.1, s__Faecalibacterium sp900539945, 95.0, 85.53, 0.336; GCA_014858325.1, s__Faecalibacterium sp014858325, 95.0, 85.53, 0.332; GCA_900765705.1, s__Faecalibacterium sp900765705, 95.0, 85.43, 0.238; GCF_003324185.1, s__Faecalibacterium prausnitzii, 95.0, 85.26, 0.34; GCF_023347235.1, s__Faecalibacterium prausnitzii_A, 95.0, 85.22, 0.323; GCF_023347295.1, s__Faecalibacterium sp003449675, 95.0, 85.21, 0.315; GCF_023347535.1, s__Faecalibacterium sp900539885, 95.0, 85.16, 0.29; GCF_002549775.1, s__Faecalibacterium prausnitzii_F, 95.0, 85.03, 0.326; GCF_023347255.1, s__Faecalibacterium prausnitzii_D, 95.0, 84.96, 0.324; GCF_003287495.1, s__Faecalibacterium prausnitzii_I, 95.0, 84.9, 0.341; GCA_902463235.1, s__Faecalibacterium sp902463235, 95.0, 84.78, 0.281; GCA_900765105.1, s__Faecalibacterium sp900765105, 95.0, 84.77, 0.238; GCA_934513205.1, s__Faecalibacterium sp934513205, 95.0, 84.76, 0.267; GCF_020687245.1, s__Faecalibacterium longum, 95.0, 84.73, 0.313; GCA_900772565.1, s__Faecalibacterium sp900772565, 95.0, 84.68, 0.291; GCF_023347275.1, s__Faecalibacterium sp900758465, 95.0, 84.58, 0.304; GCA_934561555.1, s__Faecalibacterium sp934561555, 95.0, 84.55, 0.294; GCF_003287405.1, s__Faecalibacterium prausnitzii_J, 95.0, 84.43, 0.313; GCA_905215595.1, s__Faecalibacterium sp905215595, 95.0, 84.42, 0.228; GCA_934525845.1, s__Faecalibacterium sp934525845, 95.0, 84.39, 0.285; GCA_934524985.1, s__Faecalibacterium sp934524985, 95.0, 84.36, 0.309; GCA_934525405.1, s__Faecalibacterium sp934525405, 95.0, 84.32, 0.238; GCA_934503275.1, s__Faecalibacterium sp934503275, 95.0, 84.28, 0.295; GCA_934511465.1, s__Faecalibacterium sp934511465, 95.0, 84.26, 0.293; GCA_934561115.1, s__Faecalibacterium sp934561115, 95.0, 84.24, 0.283; GCA_934514285.1, s__Faecalibacterium sp934514285, 95.0, 84.19, 0.31; GCA_934512105.1, s__Faecalibacterium sp934512105, 95.0, 84.19, 0.277; GCA_934525325.1, s__Faecalibacterium sp934525325, 95.0, 84.12, 0.276; GCA_934532365.1, s__Faecalibacterium sp934532365, 95.0, 84.07, 0.276; GCA_900551435.1, s__Faecalibacterium sp900551435, 95.0, 84.01, 0.326; GCA_934540955.1, s__Faecalibacterium sp934540955, 95.0, 83.96, 0.265; GCA_002313795.1, s__Faecalibacterium prausnitzii_L, 95.0, 83.87, 0.187; GCA_934539245.1, s__Faecalibacterium sp934539245, 95.0, 83.82, 0.277; GCA_934501115.1, s__Faecalibacterium sp934501115, 95.0, 83.81, 0.245; GCA_934561485.1, s__Faecalibacterium sp934561485, 95.0, 83.74, 0.268; GCA_934525735.1, s__Faecalibacterium sp934525735, 95.0, 83.6, 0.257; GCA_937917475.1, s__Faecalibacterium sp937917475, 95.0, 83.43, 0.21; GCA_934553285.1, s__Faecalibacterium sp934553285, 95.0, 83.38, 0.266; GCA_934533135.1, s__Faecalibacterium sp934533135, 95.0, 83.05, 0.263; GCA_004558805.1, s__Faecalibacterium prausnitzii_M, 95.0, 82.63, 0.239; GCA_934518555.1, s__Faecalibacterium sp934518555, 95.0, 82.51, 0.246; GCA_934548045.1, s__Faecalibacterium sp934548045, 95.0, 80.87, 0.202	94.06	11	N/A	N/A
P9240.fna	d__Bacteria;p__Bacillota_A;c__Clostridia;o__Oscillospirales;f__Ruminococcaceae;g__Faecalibacterium;s__Faecalibacterium duncaniae	GCF_010509575.1	95.0	d__Bacteria;p__Bacillota_A;c__Clostridia;o__Oscillospirales;f__Ruminococcaceae;g__Faecalibacterium;s__Faecalibacterium duncaniae	96.99	0.809	GCF_010509575.1	95.0	d__Bacteria;p__Bacillota_A;c__Clostridia;o__Oscillospirales;f__Ruminococcaceae;g__Faecalibacterium;s__Faecalibacterium duncaniae	96.99	0.809	d__Bacteria;p__Bacillota_A;c__Clostridia;o__Oscillospirales;f__Ruminococcaceae;g__Faecalibacterium;s__	taxonomic classification defined by topology and ANI	topological placement and ANI have congruent species assignments	GCA_937915335.1, s__Faecalibacterium sp937915335, 95.0, 89.58, 0.476; GCA_934526125.1, s__Faecalibacterium sp934526125, 95.0, 86.93, 0.511; GCF_019967995.1, s__Faecalibacterium prausnitzii_E, 95.0, 86.93, 0.443; GCA_934547065.1, s__Faecalibacterium sp934547065, 95.0, 86.48, 0.486; GCF_003287455.1, s__Faecalibacterium hattorii, 95.0, 86.23, 0.421; GCF_023347295.1, s__Faecalibacterium sp003449675, 95.0, 85.46, 0.312; GCA_900765705.1, s__Faecalibacterium sp900765705, 95.0, 85.44, 0.233; GCA_902463905.1, s__Faecalibacterium sp902463905, 95.0, 85.42, 0.247; GCA_025757845.1, s__Faecalibacterium sp900539945, 95.0, 85.38, 0.322; GCA_014858325.1, s__Faecalibacterium sp014858325, 95.0, 85.36, 0.32; GCF_023347235.1, s__Faecalibacterium prausnitzii_A, 95.0, 85.32, 0.313; GCF_023347535.1, s__Faecalibacterium sp900539885, 95.0, 85.24, 0.29; GCF_003287495.1, s__Faecalibacterium prausnitzii_I, 95.0, 85.0, 0.323; GCF_002549775.1, s__Faecalibacterium prausnitzii_F, 95.0, 85.0, 0.316; GCF_003324185.1, s__Faecalibacterium prausnitzii, 95.0, 84.99, 0.317; GCF_023347255.1, s__Faecalibacterium prausnitzii_D, 95.0, 84.83, 0.297; GCF_020687245.1, s__Faecalibacterium longum, 95.0, 84.74, 0.292; GCA_900765105.1, s__Faecalibacterium sp900765105, 95.0, 84.64, 0.237; GCF_003287405.1, s__Faecalibacterium prausnitzii_J, 95.0, 84.62, 0.308; GCA_905215595.1, s__Faecalibacterium sp905215595, 95.0, 84.59, 0.241; GCA_900772565.1, s__Faecalibacterium sp900772565, 95.0, 84.52, 0.271; GCF_023347275.1, s__Faecalibacterium sp900758465, 95.0, 84.5, 0.28; GCA_934525845.1, s__Faecalibacterium sp934525845, 95.0, 84.4, 0.293; GCA_934513205.1, s__Faecalibacterium sp934513205, 95.0, 84.36, 0.258; GCA_934561555.1, s__Faecalibacterium sp934561555, 95.0, 84.35, 0.276; GCA_934503275.1, s__Faecalibacterium sp934503275, 95.0, 84.33, 0.287; GCA_934524985.1, s__Faecalibacterium sp934524985, 95.0, 84.32, 0.307; GCA_934561115.1, s__Faecalibacterium sp934561115, 95.0, 84.18, 0.279; GCA_934525325.1, s__Faecalibacterium sp934525325, 95.0, 84.17, 0.266; GCA_902463235.1, s__Faecalibacterium sp902463235, 95.0, 84.16, 0.247; GCA_900551435.1, s__Faecalibacterium sp900551435, 95.0, 84.02, 0.304; GCA_934540955.1, s__Faecalibacterium sp934540955, 95.0, 84.02, 0.252; GCA_934525405.1, s__Faecalibacterium sp934525405, 95.0, 84.01, 0.242; GCA_934525735.1, s__Faecalibacterium sp934525735, 95.0, 84.0, 0.275; GCA_934512105.1, s__Faecalibacterium sp934512105, 95.0, 83.94, 0.262; GCA_934511465.1, s__Faecalibacterium sp934511465, 95.0, 83.93, 0.275; GCA_934514285.1, s__Faecalibacterium sp934514285, 95.0, 83.86, 0.287; GCA_002313795.1, s__Faecalibacterium prausnitzii_L, 95.0, 83.81, 0.184; GCA_934539245.1, s__Faecalibacterium sp934539245, 95.0, 83.72, 0.271; GCA_934532365.1, s__Faecalibacterium sp934532365, 95.0, 83.7, 0.271; GCA_934561485.1, s__Faecalibacterium sp934561485, 95.0, 83.58, 0.257; GCA_934501115.1, s__Faecalibacterium sp934501115, 95.0, 83.56, 0.232; GCA_937917475.1, s__Faecalibacterium sp937917475, 95.0, 83.46, 0.187; GCA_934533135.1, s__Faecalibacterium sp934533135, 95.0, 83.24, 0.265; GCA_934553285.1, s__Faecalibacterium sp934553285, 95.0, 83.23, 0.256; GCA_004558805.1, s__Faecalibacterium prausnitzii_M, 95.0, 82.83, 0.239; GCA_934518555.1, s__Faecalibacterium sp934518555, 95.0, 82.37, 0.234; GCA_934548045.1, s__Faecalibacterium sp934548045, 95.0, 81.31, 0.193	94.22	11	N/A	N/A
P9241.fna	d__Bacteria;p__Bacillota_A;c__Clostridia;o__Oscillospirales;f__Ruminococcaceae;g__Faecalibacterium;s__Faecalibacterium duncaniae	GCF_010509575.1	95.0	d__Bacteria;p__Bacillota_A;c__Clostridia;o__Oscillospirales;f__Ruminococcaceae;g__Faecalibacterium;s__Faecalibacterium duncaniae	96.89	0.793	GCF_010509575.1	95.0	d__Bacteria;p__Bacillota_A;c__Clostridia;o__Oscillospirales;f__Ruminococcaceae;g__Faecalibacterium;s__Faecalibacterium duncaniae	96.89	0.793	d__Bacteria;p__Bacillota_A;c__Clostridia;o__Oscillospirales;f__Ruminococcaceae;g__Faecalibacterium;s__	taxonomic classification defined by topology and ANI	topological placement and ANI have congruent species assignments	GCA_937915335.1, s__Faecalibacterium sp937915335, 95.0, 89.57, 0.477; GCA_934526125.1, s__Faecalibacterium sp934526125, 95.0, 86.94, 0.511; GCF_019967995.1, s__Faecalibacterium prausnitzii_E, 95.0, 86.94, 0.431; GCA_934547065.1, s__Faecalibacterium sp934547065, 95.0, 86.48, 0.486; GCF_003287455.1, s__Faecalibacterium hattorii, 95.0, 86.25, 0.41; GCA_900765705.1, s__Faecalibacterium sp900765705, 95.0, 85.71, 0.238; GCA_025757845.1, s__Faecalibacterium sp900539945, 95.0, 85.47, 0.321; GCA_902463905.1, s__Faecalibacterium sp902463905, 95.0, 85.44, 0.248; GCA_014858325.1, s__Faecalibacterium sp014858325, 95.0, 85.37, 0.321; GCF_023347295.1, s__Faecalibacterium sp003449675, 95.0, 85.36, 0.303; GCF_023347235.1, s__Faecalibacterium prausnitzii_A, 95.0, 85.3, 0.305; GCF_003287495.1, s__Faecalibacterium prausnitzii_I, 95.0, 85.24, 0.33; GCF_023347535.1, s__Faecalibacterium sp900539885, 95.0, 85.15, 0.281; GCF_002549775.1, s__Faecalibacterium prausnitzii_F, 95.0, 85.01, 0.31; GCF_023347255.1, s__Faecalibacterium prausnitzii_D, 95.0, 84.98, 0.297; GCF_003324185.1, s__Faecalibacterium prausnitzii, 95.0, 84.97, 0.309; GCF_020687245.1, s__Faecalibacterium longum, 95.0, 84.76, 0.291; GCF_023347275.1, s__Faecalibacterium sp900758465, 95.0, 84.71, 0.278; GCF_003287405.1, s__Faecalibacterium prausnitzii_J, 95.0, 84.7, 0.303; GCA_900765105.1, s__Faecalibacterium sp900765105, 95.0, 84.64, 0.237; GCA_900772565.1, s__Faecalibacterium sp900772565, 95.0, 84.57, 0.272; GCA_905215595.1, s__Faecalibacterium sp905215595, 95.0, 84.5, 0.242; GCA_934524985.1, s__Faecalibacterium sp934524985, 95.0, 84.35, 0.308; GCA_934513205.1, s__Faecalibacterium sp934513205, 95.0, 84.35, 0.258; GCA_934525845.1, s__Faecalibacterium sp934525845, 95.0, 84.33, 0.293; GCA_934503275.1, s__Faecalibacterium sp934503275, 95.0, 84.33, 0.288; GCA_934561555.1, s__Faecalibacterium sp934561555, 95.0, 84.33, 0.275; GCA_902463235.1, s__Faecalibacterium sp902463235, 95.0, 84.18, 0.247; GCA_934561115.1, s__Faecalibacterium sp934561115, 95.0, 84.17, 0.279; GCA_934540955.1, s__Faecalibacterium sp934540955, 95.0, 84.08, 0.254; GCA_934525405.1, s__Faecalibacterium sp934525405, 95.0, 84.08, 0.24; GCA_934525735.1, s__Faecalibacterium sp934525735, 95.0, 84.03, 0.277; GCA_900551435.1, s__Faecalibacterium sp900551435, 95.0, 84.02, 0.304; GCA_934525325.1, s__Faecalibacterium sp934525325, 95.0, 84.01, 0.265; GCA_934512105.1, s__Faecalibacterium sp934512105, 95.0, 83.95, 0.259; GCA_934511465.1, s__Faecalibacterium sp934511465, 95.0, 83.94, 0.275; GCA_934514285.1, s__Faecalibacterium sp934514285, 95.0, 83.88, 0.288; GCA_002313795.1, s__Faecalibacterium prausnitzii_L, 95.0, 83.81, 0.185; GCA_934539245.1, s__Faecalibacterium sp934539245, 95.0, 83.78, 0.273; GCA_934532365.1, s__Faecalibacterium sp934532365, 95.0, 83.73, 0.272; GCA_934561485.1, s__Faecalibacterium sp934561485, 95.0, 83.62, 0.258; GCA_934501115.1, s__Faecalibacterium sp934501115, 95.0, 83.49, 0.233; GCA_937917475.1, s__Faecalibacterium sp937917475, 95.0, 83.49, 0.185; GCA_934533135.1, s__Faecalibacterium sp934533135, 95.0, 83.27, 0.266; GCA_934553285.1, s__Faecalibacterium sp934553285, 95.0, 83.22, 0.257; GCA_004558805.1, s__Faecalibacterium prausnitzii_M, 95.0, 82.84, 0.239; GCA_934518555.1, s__Faecalibacterium sp934518555, 95.0, 82.4, 0.236; GCA_934548045.1, s__Faecalibacterium sp934548045, 95.0, 81.32, 0.193	94.22	11	N/A	N/A
P9311.fna	d__Bacteria;p__Bacillota_A;c__Clostridia;o__Oscillospirales;f__Ruminococcaceae;g__Faecalibacterium;s__Faecalibacterium duncaniae	GCF_010509575.1	95.0	d__Bacteria;p__Bacillota_A;c__Clostridia;o__Oscillospirales;f__Ruminococcaceae;g__Faecalibacterium;s__Faecalibacterium duncaniae	96.31	0.718	GCF_010509575.1	95.0	d__Bacteria;p__Bacillota_A;c__Clostridia;o__Oscillospirales;f__Ruminococcaceae;g__Faecalibacterium;s__Faecalibacterium duncaniae	96.31	0.718	d__Bacteria;p__Bacillota_A;c__Clostridia;o__Oscillospirales;f__Ruminococcaceae;g__Faecalibacterium;s__	taxonomic classification defined by topology and ANI	topological placement and ANI have congruent species assignments	GCA_937915335.1, s__Faecalibacterium sp937915335, 95.0, 89.31, 0.478; GCF_019967995.1, s__Faecalibacterium prausnitzii_E, 95.0, 87.03, 0.417; GCA_934526125.1, s__Faecalibacterium sp934526125, 95.0, 86.83, 0.494; GCF_003287455.1, s__Faecalibacterium hattorii, 95.0, 86.8, 0.436; GCA_934547065.1, s__Faecalibacterium sp934547065, 95.0, 86.43, 0.491; GCA_900765705.1, s__Faecalibacterium sp900765705, 95.0, 86.22, 0.245; GCF_003324185.1, s__Faecalibacterium prausnitzii, 95.0, 85.66, 0.315; GCA_902463905.1, s__Faecalibacterium sp902463905, 95.0, 85.64, 0.254; GCF_023347275.1, s__Faecalibacterium sp900758465, 95.0, 85.47, 0.327; GCF_020687245.1, s__Faecalibacterium longum, 95.0, 85.43, 0.309; GCF_023347255.1, s__Faecalibacterium prausnitzii_D, 95.0, 85.42, 0.305; GCF_003287495.1, s__Faecalibacterium prausnitzii_I, 95.0, 85.34, 0.335; GCF_023347235.1, s__Faecalibacterium prausnitzii_A, 95.0, 85.26, 0.288; GCF_023347295.1, s__Faecalibacterium sp003449675, 95.0, 85.2, 0.298; GCF_023347535.1, s__Faecalibacterium sp900539885, 95.0, 85.17, 0.301; GCA_014858325.1, s__Faecalibacterium sp014858325, 95.0, 85.08, 0.315; GCF_002549775.1, s__Faecalibacterium prausnitzii_F, 95.0, 85.03, 0.324; GCA_025757845.1, s__Faecalibacterium sp900539945, 95.0, 84.94, 0.308; GCA_900765105.1, s__Faecalibacterium sp900765105, 95.0, 84.72, 0.238; GCF_003287405.1, s__Faecalibacterium prausnitzii_J, 95.0, 84.56, 0.287; GCA_900772565.1, s__Faecalibacterium sp900772565, 95.0, 84.52, 0.275; GCA_934513205.1, s__Faecalibacterium sp934513205, 95.0, 84.5, 0.265; GCA_934503275.1, s__Faecalibacterium sp934503275, 95.0, 84.47, 0.295; GCA_934525845.1, s__Faecalibacterium sp934525845, 95.0, 84.44, 0.288; GCA_934561555.1, s__Faecalibacterium sp934561555, 95.0, 84.26, 0.261; GCA_934540955.1, s__Faecalibacterium sp934540955, 95.0, 84.19, 0.267; GCA_934514285.1, s__Faecalibacterium sp934514285, 95.0, 84.09, 0.288; GCA_934511465.1, s__Faecalibacterium sp934511465, 95.0, 84.09, 0.278; GCA_934524985.1, s__Faecalibacterium sp934524985, 95.0, 84.07, 0.286; GCA_934525325.1, s__Faecalibacterium sp934525325, 95.0, 84.06, 0.252; GCA_905215595.1, s__Faecalibacterium sp905215595, 95.0, 84.06, 0.216; GCA_934512105.1, s__Faecalibacterium sp934512105, 95.0, 84.0, 0.268; GCA_934525405.1, s__Faecalibacterium sp934525405, 95.0, 84.0, 0.233; GCA_900551435.1, s__Faecalibacterium sp900551435, 95.0, 83.98, 0.311; GCA_902463235.1, s__Faecalibacterium sp902463235, 95.0, 83.98, 0.236; GCA_934539245.1, s__Faecalibacterium sp934539245, 95.0, 83.83, 0.275; GCA_934525735.1, s__Faecalibacterium sp934525735, 95.0, 83.82, 0.261; GCA_937917475.1, s__Faecalibacterium sp937917475, 95.0, 83.78, 0.194; GCA_002313795.1, s__Faecalibacterium prausnitzii_L, 95.0, 83.78, 0.187; GCA_934561115.1, s__Faecalibacterium sp934561115, 95.0, 83.76, 0.273; GCA_934561485.1, s__Faecalibacterium sp934561485, 95.0, 83.65, 0.258; GCA_934501115.1, s__Faecalibacterium sp934501115, 95.0, 83.55, 0.236; GCA_934532365.1, s__Faecalibacterium sp934532365, 95.0, 83.5, 0.262; GCA_934553285.1, s__Faecalibacterium sp934553285, 95.0, 83.31, 0.261; GCA_934533135.1, s__Faecalibacterium sp934533135, 95.0, 83.0, 0.271; GCA_004558805.1, s__Faecalibacterium prausnitzii_M, 95.0, 82.82, 0.26; GCA_934518555.1, s__Faecalibacterium sp934518555, 95.0, 82.21, 0.234; GCA_900540455.1, s__Faecalibacterium sp900540455, 95.0, 81.67, 0.162; GCA_934548045.1, s__Faecalibacterium sp934548045, 95.0, 81.24, 0.188	94.0	11	N/A	N/A
P9313.fna	d__Bacteria;p__Bacillota_A;c__Clostridia;o__Oscillospirales;f__Ruminococcaceae;g__Faecalibacterium;s__Faecalibacterium duncaniae	GCF_010509575.1	95.0	d__Bacteria;p__Bacillota_A;c__Clostridia;o__Oscillospirales;f__Ruminococcaceae;g__Faecalibacterium;s__Faecalibacterium duncaniae	96.86	0.811	GCF_010509575.1	95.0	d__Bacteria;p__Bacillota_A;c__Clostridia;o__Oscillospirales;f__Ruminococcaceae;g__Faecalibacterium;s__Faecalibacterium duncaniae	96.86	0.811	d__Bacteria;p__Bacillota_A;c__Clostridia;o__Oscillospirales;f__Ruminococcaceae;g__Faecalibacterium;s__	taxonomic classification defined by topology and ANI	topological placement and ANI have congruent species assignments	GCA_937915335.1, s__Faecalibacterium sp937915335, 95.0, 89.57, 0.477; GCF_019967995.1, s__Faecalibacterium prausnitzii_E, 95.0, 86.98, 0.441; GCA_934526125.1, s__Faecalibacterium sp934526125, 95.0, 86.94, 0.511; GCA_934547065.1, s__Faecalibacterium sp934547065, 95.0, 86.5, 0.487; GCF_003287455.1, s__Faecalibacterium hattorii, 95.0, 86.25, 0.425; GCF_023347295.1, s__Faecalibacterium sp003449675, 95.0, 85.53, 0.314; GCA_900765705.1, s__Faecalibacterium sp900765705, 95.0, 85.46, 0.232; GCA_902463905.1, s__Faecalibacterium sp902463905, 95.0, 85.41, 0.246; GCA_014858325.1, s__Faecalibacterium sp014858325, 95.0, 85.39, 0.321; GCF_023347535.1, s__Faecalibacterium sp900539885, 95.0, 85.32, 0.288; GCF_023347235.1, s__Faecalibacterium prausnitzii_A, 95.0, 85.31, 0.313; GCF_003287495.1, s__Faecalibacterium prausnitzii_I, 95.0, 85.22, 0.318; GCA_025757845.1, s__Faecalibacterium sp900539945, 95.0, 85.19, 0.325; GCF_003324185.1, s__Faecalibacterium prausnitzii, 95.0, 84.96, 0.315; GCF_002549775.1, s__Faecalibacterium prausnitzii_F, 95.0, 84.9, 0.317; GCF_023347255.1, s__Faecalibacterium prausnitzii_D, 95.0, 84.85, 0.298; GCF_020687245.1, s__Faecalibacterium longum, 95.0, 84.75, 0.294; GCF_003287405.1, s__Faecalibacterium prausnitzii_J, 95.0, 84.65, 0.306; GCA_900765105.1, s__Faecalibacterium sp900765105, 95.0, 84.6, 0.235; GCA_905215595.1, s__Faecalibacterium sp905215595, 95.0, 84.58, 0.239; GCF_023347275.1, s__Faecalibacterium sp900758465, 95.0, 84.56, 0.279; GCA_900772565.1, s__Faecalibacterium sp900772565, 95.0, 84.5, 0.268; GCA_934525845.1, s__Faecalibacterium sp934525845, 95.0, 84.42, 0.294; GCA_934524985.1, s__Faecalibacterium sp934524985, 95.0, 84.33, 0.307; GCA_934503275.1, s__Faecalibacterium sp934503275, 95.0, 84.31, 0.286; GCA_934561555.1, s__Faecalibacterium sp934561555, 95.0, 84.31, 0.273; GCA_934513205.1, s__Faecalibacterium sp934513205, 95.0, 84.31, 0.256; GCA_934561115.1, s__Faecalibacterium sp934561115, 95.0, 84.15, 0.277; GCA_902463235.1, s__Faecalibacterium sp902463235, 95.0, 84.14, 0.244; GCA_900551435.1, s__Faecalibacterium sp900551435, 95.0, 84.04, 0.305; GCA_934525325.1, s__Faecalibacterium sp934525325, 95.0, 84.04, 0.267; GCA_934525735.1, s__Faecalibacterium sp934525735, 95.0, 84.03, 0.277; GCA_934525405.1, s__Faecalibacterium sp934525405, 95.0, 84.03, 0.239; GCA_934540955.1, s__Faecalibacterium sp934540955, 95.0, 84.01, 0.25; GCA_002313795.1, s__Faecalibacterium prausnitzii_L, 95.0, 83.95, 0.184; GCA_934511465.1, s__Faecalibacterium sp934511465, 95.0, 83.94, 0.275; GCA_934514285.1, s__Faecalibacterium sp934514285, 95.0, 83.93, 0.287; GCA_934512105.1, s__Faecalibacterium sp934512105, 95.0, 83.87, 0.259; GCA_934539245.1, s__Faecalibacterium sp934539245, 95.0, 83.69, 0.27; GCA_934532365.1, s__Faecalibacterium sp934532365, 95.0, 83.68, 0.268; GCA_934561485.1, s__Faecalibacterium sp934561485, 95.0, 83.61, 0.258; GCA_934501115.1, s__Faecalibacterium sp934501115, 95.0, 83.54, 0.23; GCA_937917475.1, s__Faecalibacterium sp937917475, 95.0, 83.48, 0.187; GCA_934553285.1, s__Faecalibacterium sp934553285, 95.0, 83.26, 0.255; GCA_934533135.1, s__Faecalibacterium sp934533135, 95.0, 83.19, 0.263; GCA_004558805.1, s__Faecalibacterium prausnitzii_M, 95.0, 82.84, 0.239; GCA_934518555.1, s__Faecalibacterium sp934518555, 95.0, 82.38, 0.234; GCA_934548045.1, s__Faecalibacterium sp934548045, 95.0, 81.32, 0.193	94.22	11	N/A	N/A
P9391.fna	d__Bacteria;p__Bacillota_A;c__Clostridia;o__Oscillospirales;f__Ruminococcaceae;g__Faecalibacterium;s__Faecalibacterium duncaniae	GCF_010509575.1	95.0	d__Bacteria;p__Bacillota_A;c__Clostridia;o__Oscillospirales;f__Ruminococcaceae;g__Faecalibacterium;s__Faecalibacterium duncaniae	96.2	0.744	GCF_010509575.1	95.0	d__Bacteria;p__Bacillota_A;c__Clostridia;o__Oscillospirales;f__Ruminococcaceae;g__Faecalibacterium;s__Faecalibacterium duncaniae	96.2	0.744	d__Bacteria;p__Bacillota_A;c__Clostridia;o__Oscillospirales;f__Ruminococcaceae;g__Faecalibacterium;s__	taxonomic classification defined by topology and ANI	topological placement and ANI have congruent species assignments	GCA_937915335.1, s__Faecalibacterium sp937915335, 95.0, 89.32, 0.48; GCF_019967995.1, s__Faecalibacterium prausnitzii_E, 95.0, 86.95, 0.423; GCA_934526125.1, s__Faecalibacterium sp934526125, 95.0, 86.89, 0.504; GCA_934547065.1, s__Faecalibacterium sp934547065, 95.0, 86.44, 0.479; GCF_003287455.1, s__Faecalibacterium hattorii, 95.0, 86.41, 0.445; GCA_900765705.1, s__Faecalibacterium sp900765705, 95.0, 86.19, 0.255; GCF_023347295.1, s__Faecalibacterium sp003449675, 95.0, 85.98, 0.308; GCA_902463905.1, s__Faecalibacterium sp902463905, 95.0, 85.82, 0.253; GCF_023347235.1, s__Faecalibacterium prausnitzii_A, 95.0, 85.65, 0.308; GCA_025757845.1, s__Faecalibacterium sp900539945, 95.0, 85.63, 0.325; GCF_003324185.1, s__Faecalibacterium prausnitzii, 95.0, 85.58, 0.323; GCF_023347255.1, s__Faecalibacterium prausnitzii_D, 95.0, 85.52, 0.303; GCA_014858325.1, s__Faecalibacterium sp014858325, 95.0, 85.38, 0.324; GCF_002549775.1, s__Faecalibacterium prausnitzii_F, 95.0, 85.3, 0.319; GCF_003287495.1, s__Faecalibacterium prausnitzii_I, 95.0, 85.27, 0.336; GCF_020687245.1, s__Faecalibacterium longum, 95.0, 85.23, 0.297; GCA_905215595.1, s__Faecalibacterium sp905215595, 95.0, 85.02, 0.242; GCF_003287405.1, s__Faecalibacterium prausnitzii_J, 95.0, 84.99, 0.29; GCF_023347535.1, s__Faecalibacterium sp900539885, 95.0, 84.91, 0.283; GCA_934503275.1, s__Faecalibacterium sp934503275, 95.0, 84.72, 0.308; GCA_934513205.1, s__Faecalibacterium sp934513205, 95.0, 84.72, 0.279; GCA_900772565.1, s__Faecalibacterium sp900772565, 95.0, 84.65, 0.291; GCA_934561555.1, s__Faecalibacterium sp934561555, 95.0, 84.62, 0.281; GCF_023347275.1, s__Faecalibacterium sp900758465, 95.0, 84.61, 0.289; GCA_902463235.1, s__Faecalibacterium sp902463235, 95.0, 84.61, 0.258; GCA_934524985.1, s__Faecalibacterium sp934524985, 95.0, 84.58, 0.313; GCA_900765105.1, s__Faecalibacterium sp900765105, 95.0, 84.43, 0.24; GCA_934525405.1, s__Faecalibacterium sp934525405, 95.0, 84.41, 0.248; GCA_934525845.1, s__Faecalibacterium sp934525845, 95.0, 84.4, 0.289; GCA_934512105.1, s__Faecalibacterium sp934512105, 95.0, 84.38, 0.283; GCA_934540955.1, s__Faecalibacterium sp934540955, 95.0, 84.37, 0.267; GCA_900551435.1, s__Faecalibacterium sp900551435, 95.0, 84.35, 0.331; GCA_934561115.1, s__Faecalibacterium sp934561115, 95.0, 84.14, 0.271; GCA_934514285.1, s__Faecalibacterium sp934514285, 95.0, 84.01, 0.3; GCA_934539245.1, s__Faecalibacterium sp934539245, 95.0, 83.88, 0.287; GCA_934525735.1, s__Faecalibacterium sp934525735, 95.0, 83.87, 0.269; GCA_934525325.1, s__Faecalibacterium sp934525325, 95.0, 83.84, 0.265; GCA_934561485.1, s__Faecalibacterium sp934561485, 95.0, 83.75, 0.264; GCA_002313795.1, s__Faecalibacterium prausnitzii_L, 95.0, 83.67, 0.183; GCA_937917475.1, s__Faecalibacterium sp937917475, 95.0, 83.64, 0.21; GCA_934511465.1, s__Faecalibacterium sp934511465, 95.0, 83.62, 0.267; GCA_934501115.1, s__Faecalibacterium sp934501115, 95.0, 83.57, 0.233; GCA_934533135.1, s__Faecalibacterium sp934533135, 95.0, 83.43, 0.269; GCA_934532365.1, s__Faecalibacterium sp934532365, 95.0, 83.43, 0.266; GCA_934553285.1, s__Faecalibacterium sp934553285, 95.0, 83.17, 0.26; GCA_004558805.1, s__Faecalibacterium prausnitzii_M, 95.0, 82.62, 0.242; GCA_934518555.1, s__Faecalibacterium sp934518555, 95.0, 82.37, 0.231; GCA_934548045.1, s__Faecalibacterium sp934548045, 95.0, 80.97, 0.182	94.0	11	N/A	N/A
SL3_3.fna	d__Bacteria;p__Bacillota_A;c__Clostridia;o__Oscillospirales;f__Ruminococcaceae;g__Faecalibacterium;s__Faecalibacterium prausnitzii	GCF_003324185.1	95.0	d__Bacteria;p__Bacillota_A;c__Clostridia;o__Oscillospirales;f__Ruminococcaceae;g__Faecalibacterium;s__Faecalibacterium prausnitzii	96.18	0.802	GCF_003324185.1	95.0	d__Bacteria;p__Bacillota_A;c__Clostridia;o__Oscillospirales;f__Ruminococcaceae;g__Faecalibacterium;s__Faecalibacterium prausnitzii	96.18	0.802	d__Bacteria;p__Bacillota_A;c__Clostridia;o__Oscillospirales;f__Ruminococcaceae;g__Faecalibacterium;s__	taxonomic classification defined by topology and ANI	topological placement and ANI have congruent species assignments	GCA_934503275.1, s__Faecalibacterium sp934503275, 95.0, 94.45, 0.795; GCA_905215595.1, s__Faecalibacterium sp905215595, 95.0, 94.41, 0.761; GCA_934525405.1, s__Faecalibacterium sp934525405, 95.0, 94.38, 0.787; GCA_934525325.1, s__Faecalibacterium sp934525325, 95.0, 94.21, 0.792; GCA_934524985.1, s__Faecalibacterium sp934524985, 95.0, 94.11, 0.769; GCA_934532365.1, s__Faecalibacterium sp934532365, 95.0, 94.1, 0.797; GCF_003287405.1, s__Faecalibacterium prausnitzii_J, 95.0, 94.1, 0.71; GCA_934561115.1, s__Faecalibacterium sp934561115, 95.0, 94.02, 0.807; GCA_934540955.1, s__Faecalibacterium sp934540955, 95.0, 93.98, 0.744; GCF_023347235.1, s__Faecalibacterium prausnitzii_A, 95.0, 93.98, 0.713; GCA_900772565.1, s__Faecalibacterium sp900772565, 95.0, 93.95, 0.752; GCA_934539245.1, s__Faecalibacterium sp934539245, 95.0, 93.88, 0.809; GCA_934512105.1, s__Faecalibacterium sp934512105, 95.0, 93.86, 0.749; GCF_023347295.1, s__Faecalibacterium sp003449675, 95.0, 93.82, 0.728; GCA_934561555.1, s__Faecalibacterium sp934561555, 95.0, 93.79, 0.726; GCA_900765705.1, s__Faecalibacterium sp900765705, 95.0, 91.98, 0.56; GCA_902463235.1, s__Faecalibacterium sp902463235, 95.0, 91.05, 0.534; GCA_934513205.1, s__Faecalibacterium sp934513205, 95.0, 89.48, 0.501; GCA_934553285.1, s__Faecalibacterium sp934553285, 95.0, 89.07, 0.643; GCF_023347535.1, s__Faecalibacterium sp900539885, 95.0, 86.76, 0.388; GCF_002549775.1, s__Faecalibacterium prausnitzii_F, 95.0, 86.73, 0.406; GCA_900765105.1, s__Faecalibacterium sp900765105, 95.0, 86.73, 0.367; GCA_902463905.1, s__Faecalibacterium sp902463905, 95.0, 86.66, 0.353; GCF_023347255.1, s__Faecalibacterium prausnitzii_D, 95.0, 86.54, 0.371; GCA_025757845.1, s__Faecalibacterium sp900539945, 95.0, 86.48, 0.413; GCF_010509575.1, s__Faecalibacterium duncaniae, 95.0, 85.86, 0.292; GCA_934511465.1, s__Faecalibacterium sp934511465, 95.0, 85.84, 0.387; GCA_934525845.1, s__Faecalibacterium sp934525845, 95.0, 85.69, 0.379; GCA_934561485.1, s__Faecalibacterium sp934561485, 95.0, 85.37, 0.378; GCA_934525735.1, s__Faecalibacterium sp934525735, 95.0, 85.32, 0.373; GCA_004558805.1, s__Faecalibacterium prausnitzii_M, 95.0, 85.26, 0.382; GCA_934501115.1, s__Faecalibacterium sp934501115, 95.0, 85.25, 0.348; GCF_003287455.1, s__Faecalibacterium hattorii, 95.0, 85.2, 0.318; GCF_020687245.1, s__Faecalibacterium longum, 95.0, 85.05, 0.287; GCF_019967995.1, s__Faecalibacterium prausnitzii_E, 95.0, 84.75, 0.297; GCF_023347275.1, s__Faecalibacterium sp900758465, 95.0, 84.65, 0.282; GCA_934518555.1, s__Faecalibacterium sp934518555, 95.0, 84.59, 0.365; GCA_937915335.1, s__Faecalibacterium sp937915335, 95.0, 84.34, 0.163; GCF_003287495.1, s__Faecalibacterium prausnitzii_I, 95.0, 84.11, 0.263; GCA_014858325.1, s__Faecalibacterium sp014858325, 95.0, 83.82, 0.236; GCA_934526125.1, s__Faecalibacterium sp934526125, 95.0, 83.39, 0.253; GCA_934547065.1, s__Faecalibacterium sp934547065, 95.0, 83.24, 0.256; GCA_934514285.1, s__Faecalibacterium sp934514285, 95.0, 83.14, 0.253; GCA_937917475.1, s__Faecalibacterium sp937917475, 95.0, 82.72, 0.15; GCA_900551435.1, s__Faecalibacterium sp900551435, 95.0, 82.47, 0.2; GCA_934533135.1, s__Faecalibacterium sp934533135, 95.0, 82.44, 0.209	94.02	11	N/A	N/A
scaffold_AF29-7BH-C.fna	d__Bacteria;p__Bacillota_A;c__Clostridia;o__Oscillospirales;f__Ruminococcaceae;g__Faecalibacterium;s__Faecalibacterium prausnitzii	GCF_003324185.1	95.0	d__Bacteria;p__Bacillota_A;c__Clostridia;o__Oscillospirales;f__Ruminococcaceae;g__Faecalibacterium;s__Faecalibacterium prausnitzii	96.25	0.836	GCF_003324185.1	95.0	d__Bacteria;p__Bacillota_A;c__Clostridia;o__Oscillospirales;f__Ruminococcaceae;g__Faecalibacterium;s__Faecalibacterium prausnitzii	96.25	0.836	d__Bacteria;p__Bacillota_A;c__Clostridia;o__Oscillospirales;f__Ruminococcaceae;g__Faecalibacterium;s__	taxonomic classification defined by topology and ANI	topological placement and ANI have congruent species assignments	GCA_905215595.1, s__Faecalibacterium sp905215595, 95.0, 94.84, 0.763; GCA_934525405.1, s__Faecalibacterium sp934525405, 95.0, 94.39, 0.801; GCA_934532365.1, s__Faecalibacterium sp934532365, 95.0, 94.36, 0.805; GCF_023347235.1, s__Faecalibacterium prausnitzii_A, 95.0, 94.35, 0.745; GCA_934503275.1, s__Faecalibacterium sp934503275, 95.0, 94.32, 0.814; GCA_934525325.1, s__Faecalibacterium sp934525325, 95.0, 94.21, 0.807; GCA_934524985.1, s__Faecalibacterium sp934524985, 95.0, 94.08, 0.777; GCF_003287405.1, s__Faecalibacterium prausnitzii_J, 95.0, 94.08, 0.725; GCA_934539245.1, s__Faecalibacterium sp934539245, 95.0, 94.02, 0.812; GCA_934561115.1, s__Faecalibacterium sp934561115, 95.0, 94.02, 0.806; GCA_900772565.1, s__Faecalibacterium sp900772565, 95.0, 93.95, 0.761; GCF_023347295.1, s__Faecalibacterium sp003449675, 95.0, 93.95, 0.741; GCA_934512105.1, s__Faecalibacterium sp934512105, 95.0, 93.86, 0.759; GCA_934540955.1, s__Faecalibacterium sp934540955, 95.0, 93.83, 0.744; GCA_934561555.1, s__Faecalibacterium sp934561555, 95.0, 93.65, 0.735; GCA_900765705.1, s__Faecalibacterium sp900765705, 95.0, 92.39, 0.581; GCA_902463235.1, s__Faecalibacterium sp902463235, 95.0, 90.75, 0.537; GCA_934513205.1, s__Faecalibacterium sp934513205, 95.0, 89.71, 0.543; GCA_934553285.1, s__Faecalibacterium sp934553285, 95.0, 89.0, 0.636; GCA_900765105.1, s__Faecalibacterium sp900765105, 95.0, 86.98, 0.377; GCF_002549775.1, s__Faecalibacterium prausnitzii_F, 95.0, 86.95, 0.428; GCA_902463905.1, s__Faecalibacterium sp902463905, 95.0, 86.74, 0.355; GCA_025757845.1, s__Faecalibacterium sp900539945, 95.0, 86.71, 0.426; GCF_023347255.1, s__Faecalibacterium prausnitzii_D, 95.0, 86.58, 0.384; GCF_023347535.1, s__Faecalibacterium sp900539885, 95.0, 86.52, 0.383; GCA_934511465.1, s__Faecalibacterium sp934511465, 95.0, 86.22, 0.408; GCF_020687245.1, s__Faecalibacterium longum, 95.0, 85.65, 0.331; GCA_934525845.1, s__Faecalibacterium sp934525845, 95.0, 85.64, 0.386; GCA_934525735.1, s__Faecalibacterium sp934525735, 95.0, 85.58, 0.393; GCA_934501115.1, s__Faecalibacterium sp934501115, 95.0, 85.56, 0.346; GCA_004558805.1, s__Faecalibacterium prausnitzii_M, 95.0, 85.52, 0.4; GCF_003287455.1, s__Faecalibacterium hattorii, 95.0, 85.32, 0.349; GCA_934561485.1, s__Faecalibacterium sp934561485, 95.0, 85.3, 0.374; GCF_010509575.1, s__Faecalibacterium duncaniae, 95.0, 85.22, 0.294; GCF_019967995.1, s__Faecalibacterium prausnitzii_E, 95.0, 85.01, 0.335; GCA_934518555.1, s__Faecalibacterium sp934518555, 95.0, 84.77, 0.38; GCF_023347275.1, s__Faecalibacterium sp900758465, 95.0, 84.64, 0.298; GCA_937915335.1, s__Faecalibacterium sp937915335, 95.0, 84.44, 0.186; GCF_003287495.1, s__Faecalibacterium prausnitzii_I, 95.0, 84.06, 0.28; GCA_014858325.1, s__Faecalibacterium sp014858325, 95.0, 83.68, 0.23; GCA_934547065.1, s__Faecalibacterium sp934547065, 95.0, 83.34, 0.263; GCA_934526125.1, s__Faecalibacterium sp934526125, 95.0, 83.17, 0.259; GCA_934514285.1, s__Faecalibacterium sp934514285, 95.0, 82.85, 0.246; GCA_900551435.1, s__Faecalibacterium sp900551435, 95.0, 82.69, 0.2; GCA_934533135.1, s__Faecalibacterium sp934533135, 95.0, 82.65, 0.214; GCA_900540455.1, s__Faecalibacterium sp900540455, 95.0, 81.85, 0.158; GCA_934548045.1, s__Faecalibacterium sp934548045, 95.0, 80.98, 0.152	94.02	11	N/A	N/A
scaffold_AF32-9BH.fna	d__Bacteria;p__Bacillota_A;c__Clostridia;o__Oscillospirales;f__Ruminococcaceae;g__Faecalibacterium;s__Faecalibacterium prausnitzii	GCF_003324185.1	95.0	d__Bacteria;p__Bacillota_A;c__Clostridia;o__Oscillospirales;f__Ruminococcaceae;g__Faecalibacterium;s__Faecalibacterium prausnitzii	95.3	0.798	GCF_003324185.1	95.0	d__Bacteria;p__Bacillota_A;c__Clostridia;o__Oscillospirales;f__Ruminococcaceae;g__Faecalibacterium;s__Faecalibacterium prausnitzii	95.3	0.798	d__Bacteria;p__Bacillota_A;c__Clostridia;o__Oscillospirales;f__Ruminococcaceae;g__Faecalibacterium;s__	taxonomic classification defined by topology and ANI	topological placement and ANI have congruent species assignments	GCA_905215595.1, s__Faecalibacterium sp905215595, 95.0, 94.66, 0.765; GCA_934503275.1, s__Faecalibacterium sp934503275, 95.0, 94.48, 0.818; GCA_934525405.1, s__Faecalibacterium sp934525405, 95.0, 94.41, 0.791; GCA_934532365.1, s__Faecalibacterium sp934532365, 95.0, 94.38, 0.818; GCF_023347295.1, s__Faecalibacterium sp003449675, 95.0, 94.38, 0.743; GCF_023347235.1, s__Faecalibacterium prausnitzii_A, 95.0, 94.38, 0.707; GCA_934524985.1, s__Faecalibacterium sp934524985, 95.0, 94.12, 0.791; GCA_934539245.1, s__Faecalibacterium sp934539245, 95.0, 94.05, 0.806; GCA_934561115.1, s__Faecalibacterium sp934561115, 95.0, 94.05, 0.802; GCA_934540955.1, s__Faecalibacterium sp934540955, 95.0, 94.02, 0.751; GCF_003287405.1, s__Faecalibacterium prausnitzii_J, 95.0, 94.0, 0.713; GCA_934525325.1, s__Faecalibacterium sp934525325, 95.0, 93.98, 0.803; GCA_934561555.1, s__Faecalibacterium sp934561555, 95.0, 93.95, 0.737; GCA_934512105.1, s__Faecalibacterium sp934512105, 95.0, 93.89, 0.761; GCA_900772565.1, s__Faecalibacterium sp900772565, 95.0, 93.84, 0.762; GCA_900765705.1, s__Faecalibacterium sp900765705, 95.0, 91.73, 0.57; GCA_902463235.1, s__Faecalibacterium sp902463235, 95.0, 90.73, 0.536; GCA_934513205.1, s__Faecalibacterium sp934513205, 95.0, 89.68, 0.531; GCA_934553285.1, s__Faecalibacterium sp934553285, 95.0, 89.03, 0.641; GCA_900765105.1, s__Faecalibacterium sp900765105, 95.0, 87.03, 0.38; GCF_002549775.1, s__Faecalibacterium prausnitzii_F, 95.0, 86.93, 0.417; GCF_023347535.1, s__Faecalibacterium sp900539885, 95.0, 86.74, 0.405; GCA_025757845.1, s__Faecalibacterium sp900539945, 95.0, 86.7, 0.407; GCF_023347255.1, s__Faecalibacterium prausnitzii_D, 95.0, 86.65, 0.378; GCA_902463905.1, s__Faecalibacterium sp902463905, 95.0, 86.37, 0.353; GCA_934511465.1, s__Faecalibacterium sp934511465, 95.0, 86.24, 0.391; GCA_004558805.1, s__Faecalibacterium prausnitzii_M, 95.0, 85.75, 0.411; GCF_020687245.1, s__Faecalibacterium longum, 95.0, 85.7, 0.309; GCA_934525735.1, s__Faecalibacterium sp934525735, 95.0, 85.61, 0.387; GCF_010509575.1, s__Faecalibacterium duncaniae, 95.0, 85.53, 0.304; GCA_934525845.1, s__Faecalibacterium sp934525845, 95.0, 85.39, 0.359; GCA_934501115.1, s__Faecalibacterium sp934501115, 95.0, 85.37, 0.354; GCA_934561485.1, s__Faecalibacterium sp934561485, 95.0, 85.17, 0.367; GCF_019967995.1, s__Faecalibacterium prausnitzii_E, 95.0, 85.1, 0.329; GCF_003287455.1, s__Faecalibacterium hattorii, 95.0, 85.07, 0.328; GCA_934518555.1, s__Faecalibacterium sp934518555, 95.0, 84.98, 0.37; GCA_937915335.1, s__Faecalibacterium sp937915335, 95.0, 84.35, 0.174; GCF_023347275.1, s__Faecalibacterium sp900758465, 95.0, 84.26, 0.284; GCF_003287495.1, s__Faecalibacterium prausnitzii_I, 95.0, 83.97, 0.288; GCA_014858325.1, s__Faecalibacterium sp014858325, 95.0, 83.54, 0.244; GCA_934526125.1, s__Faecalibacterium sp934526125, 95.0, 83.49, 0.264; GCA_934514285.1, s__Faecalibacterium sp934514285, 95.0, 83.34, 0.252; GCA_934547065.1, s__Faecalibacterium sp934547065, 95.0, 83.16, 0.25; GCA_937917475.1, s__Faecalibacterium sp937917475, 95.0, 82.94, 0.152; GCA_900551435.1, s__Faecalibacterium sp900551435, 95.0, 82.45, 0.21; GCA_934533135.1, s__Faecalibacterium sp934533135, 95.0, 82.41, 0.21; GCA_900540455.1, s__Faecalibacterium sp900540455, 95.0, 82.38, 0.174	94.0	11	N/A	N/A
scaffold_AF35-6-C.fna	d__Bacteria;p__Bacillota_A;c__Clostridia;o__Oscillospirales;f__Ruminococcaceae;g__Faecalibacterium;s__Faecalibacterium prausnitzii_E	GCF_019967995.1	95.0	d__Bacteria;p__Bacillota_A;c__Clostridia;o__Oscillospirales;f__Ruminococcaceae;g__Faecalibacterium;s__Faecalibacterium prausnitzii_E	96.91	0.81	GCF_019967995.1	95.0	d__Bacteria;p__Bacillota_A;c__Clostridia;o__Oscillospirales;f__Ruminococcaceae;g__Faecalibacterium;s__Faecalibacterium prausnitzii_E	96.91	0.81	d__Bacteria;p__Bacillota_A;c__Clostridia;o__Oscillospirales;f__Ruminococcaceae;g__Faecalibacterium;s__	taxonomic classification defined by topology and ANI	topological placement and ANI have congruent species assignments	GCF_003287455.1, s__Faecalibacterium hattorii, 95.0, 89.5, 0.636; GCA_900765705.1, s__Faecalibacterium sp900765705, 95.0, 86.96, 0.283; GCF_010509575.1, s__Faecalibacterium duncaniae, 95.0, 86.48, 0.385; GCA_900551435.1, s__Faecalibacterium sp900551435, 95.0, 86.43, 0.482; GCF_020687245.1, s__Faecalibacterium longum, 95.0, 86.42, 0.362; GCF_023347275.1, s__Faecalibacterium sp900758465, 95.0, 86.4, 0.383; GCA_934526125.1, s__Faecalibacterium sp934526125, 95.0, 86.09, 0.455; GCF_003287495.1, s__Faecalibacterium prausnitzii_I, 95.0, 85.84, 0.361; GCA_937915335.1, s__Faecalibacterium sp937915335, 95.0, 85.78, 0.264; GCA_934547065.1, s__Faecalibacterium sp934547065, 95.0, 85.47, 0.435; GCA_025757845.1, s__Faecalibacterium sp900539945, 95.0, 85.39, 0.326; GCA_934514285.1, s__Faecalibacterium sp934514285, 95.0, 85.21, 0.376; GCA_902463905.1, s__Faecalibacterium sp902463905, 95.0, 85.16, 0.264; GCF_023347235.1, s__Faecalibacterium prausnitzii_A, 95.0, 85.15, 0.281; GCF_003324185.1, s__Faecalibacterium prausnitzii, 95.0, 85.13, 0.3; GCF_023347255.1, s__Faecalibacterium prausnitzii_D, 95.0, 85.07, 0.282; GCA_014858325.1, s__Faecalibacterium sp014858325, 95.0, 85.03, 0.33; GCF_023347535.1, s__Faecalibacterium sp900539885, 95.0, 84.95, 0.284; GCF_023347295.1, s__Faecalibacterium sp003449675, 95.0, 84.83, 0.29; GCF_002549775.1, s__Faecalibacterium prausnitzii_F, 95.0, 84.78, 0.318; GCA_900765105.1, s__Faecalibacterium sp900765105, 95.0, 84.66, 0.252; GCF_003287405.1, s__Faecalibacterium prausnitzii_J, 95.0, 84.61, 0.294; GCA_934525845.1, s__Faecalibacterium sp934525845, 95.0, 84.38, 0.296; GCA_934513205.1, s__Faecalibacterium sp934513205, 95.0, 84.24, 0.285; GCA_934503275.1, s__Faecalibacterium sp934503275, 95.0, 84.19, 0.293; GCA_934525405.1, s__Faecalibacterium sp934525405, 95.0, 84.18, 0.248; GCA_934525735.1, s__Faecalibacterium sp934525735, 95.0, 84.16, 0.283; GCA_905215595.1, s__Faecalibacterium sp905215595, 95.0, 84.07, 0.227; GCA_934512105.1, s__Faecalibacterium sp934512105, 95.0, 84.06, 0.26; GCA_902463235.1, s__Faecalibacterium sp902463235, 95.0, 84.04, 0.244; GCA_900772565.1, s__Faecalibacterium sp900772565, 95.0, 83.96, 0.279; GCA_934533135.1, s__Faecalibacterium sp934533135, 95.0, 83.95, 0.303; GCA_934540955.1, s__Faecalibacterium sp934540955, 95.0, 83.92, 0.262; GCA_002313795.1, s__Faecalibacterium prausnitzii_L, 95.0, 83.88, 0.187; GCA_934561115.1, s__Faecalibacterium sp934561115, 95.0, 83.8, 0.291; GCA_934561555.1, s__Faecalibacterium sp934561555, 95.0, 83.77, 0.273; GCA_934524985.1, s__Faecalibacterium sp934524985, 95.0, 83.7, 0.288; GCA_934511465.1, s__Faecalibacterium sp934511465, 95.0, 83.61, 0.276; GCA_934525325.1, s__Faecalibacterium sp934525325, 95.0, 83.57, 0.264; GCA_934539245.1, s__Faecalibacterium sp934539245, 95.0, 83.52, 0.288; GCA_937917475.1, s__Faecalibacterium sp937917475, 95.0, 83.48, 0.205; GCA_934532365.1, s__Faecalibacterium sp934532365, 95.0, 83.45, 0.261; GCA_934501115.1, s__Faecalibacterium sp934501115, 95.0, 83.39, 0.241; GCA_934561485.1, s__Faecalibacterium sp934561485, 95.0, 83.08, 0.255; GCA_934553285.1, s__Faecalibacterium sp934553285, 95.0, 83.02, 0.258; GCA_004558805.1, s__Faecalibacterium prausnitzii_M, 95.0, 82.58, 0.229; GCA_934548045.1, s__Faecalibacterium sp934548045, 95.0, 82.26, 0.236; GCA_934518555.1, s__Faecalibacterium sp934518555, 95.0, 81.8, 0.227	94.06	11	N/A	N/A
scaffold_AFF13-7A.fna	d__Bacteria;p__Bacillota_A;c__Clostridia;o__Oscillospirales;f__Ruminococcaceae;g__Faecalibacterium;s__Faecalibacterium longum	GCF_020687245.1	95.0	d__Bacteria;p__Bacillota_A;c__Clostridia;o__Oscillospirales;f__Ruminococcaceae;g__Faecalibacterium;s__Faecalibacterium longum	96.07	0.745	GCF_020687245.1	95.0	d__Bacteria;p__Bacillota_A;c__Clostridia;o__Oscillospirales;f__Ruminococcaceae;g__Faecalibacterium;s__Faecalibacterium longum	96.07	0.745	d__Bacteria;p__Bacillota_A;c__Clostridia;o__Oscillospirales;f__Ruminococcaceae;g__Faecalibacterium;s__	taxonomic classification defined by topology and ANI	topological placement and ANI have congruent species assignments	GCA_934514285.1, s__Faecalibacterium sp934514285, 95.0, 94.67, 0.772; GCF_023347275.1, s__Faecalibacterium sp900758465, 95.0, 90.51, 0.686; GCA_900765705.1, s__Faecalibacterium sp900765705, 95.0, 87.09, 0.253; GCA_002313795.1, s__Faecalibacterium prausnitzii_L, 95.0, 86.75, 0.389; GCF_019967995.1, s__Faecalibacterium prausnitzii_E, 95.0, 86.27, 0.394; GCF_003287455.1, s__Faecalibacterium hattorii, 95.0, 85.59, 0.382; GCA_014858325.1, s__Faecalibacterium sp014858325, 95.0, 85.56, 0.336; GCF_003324185.1, s__Faecalibacterium prausnitzii, 95.0, 85.26, 0.31; GCA_025757845.1, s__Faecalibacterium sp900539945, 95.0, 84.85, 0.305; GCF_003287495.1, s__Faecalibacterium prausnitzii_I, 95.0, 84.64, 0.369; GCF_023347235.1, s__Faecalibacterium prausnitzii_A, 95.0, 84.64, 0.287; GCF_010509575.1, s__Faecalibacterium duncaniae, 95.0, 84.56, 0.281; GCF_023347255.1, s__Faecalibacterium prausnitzii_D, 95.0, 84.47, 0.279; GCF_023347295.1, s__Faecalibacterium sp003449675, 95.0, 84.45, 0.265; GCF_002549775.1, s__Faecalibacterium prausnitzii_F, 95.0, 84.44, 0.296; GCF_003287405.1, s__Faecalibacterium prausnitzii_J, 95.0, 84.4, 0.269; GCA_902463905.1, s__Faecalibacterium sp902463905, 95.0, 84.37, 0.212; GCA_937915335.1, s__Faecalibacterium sp937915335, 95.0, 84.27, 0.182; GCA_900765105.1, s__Faecalibacterium sp900765105, 95.0, 84.21, 0.226; GCA_902463235.1, s__Faecalibacterium sp902463235, 95.0, 84.1, 0.23; GCA_934503275.1, s__Faecalibacterium sp934503275, 95.0, 84.08, 0.276; GCF_023347535.1, s__Faecalibacterium sp900539885, 95.0, 84.04, 0.268; GCA_905215595.1, s__Faecalibacterium sp905215595, 95.0, 84.03, 0.214; GCA_934525405.1, s__Faecalibacterium sp934525405, 95.0, 83.79, 0.217; GCA_934561555.1, s__Faecalibacterium sp934561555, 95.0, 83.67, 0.244; GCA_934512105.1, s__Faecalibacterium sp934512105, 95.0, 83.64, 0.233; GCA_934533135.1, s__Faecalibacterium sp934533135, 95.0, 83.6, 0.289; GCA_900551435.1, s__Faecalibacterium sp900551435, 95.0, 83.58, 0.244; GCA_900772565.1, s__Faecalibacterium sp900772565, 95.0, 83.56, 0.25; GCA_934526125.1, s__Faecalibacterium sp934526125, 95.0, 83.52, 0.286; GCA_934525325.1, s__Faecalibacterium sp934525325, 95.0, 83.52, 0.238; GCA_934525735.1, s__Faecalibacterium sp934525735, 95.0, 83.47, 0.255; GCA_934525845.1, s__Faecalibacterium sp934525845, 95.0, 83.35, 0.248; GCA_934511465.1, s__Faecalibacterium sp934511465, 95.0, 83.31, 0.27; GCA_937917475.1, s__Faecalibacterium sp937917475, 95.0, 83.3, 0.173; GCA_934540955.1, s__Faecalibacterium sp934540955, 95.0, 83.27, 0.223; GCA_934513205.1, s__Faecalibacterium sp934513205, 95.0, 83.24, 0.236; GCA_934501115.1, s__Faecalibacterium sp934501115, 95.0, 83.22, 0.235; GCA_934532365.1, s__Faecalibacterium sp934532365, 95.0, 83.18, 0.237; GCA_934561115.1, s__Faecalibacterium sp934561115, 95.0, 82.99, 0.249; GCA_934539245.1, s__Faecalibacterium sp934539245, 95.0, 82.89, 0.249; GCA_934547065.1, s__Faecalibacterium sp934547065, 95.0, 82.77, 0.26; GCA_934524985.1, s__Faecalibacterium sp934524985, 95.0, 82.57, 0.255; GCA_934561485.1, s__Faecalibacterium sp934561485, 95.0, 82.34, 0.198; GCA_934548045.1, s__Faecalibacterium sp934548045, 95.0, 82.15, 0.23; GCA_004558805.1, s__Faecalibacterium prausnitzii_M, 95.0, 81.79, 0.212; GCA_934553285.1, s__Faecalibacterium sp934553285, 95.0, 81.78, 0.187; GCA_934518555.1, s__Faecalibacterium sp934518555, 95.0, 81.12, 0.2	94.16	11	N/A	N/A
scaffold_AM100_B16A.fna	d__Bacteria;p__Bacillota_A;c__Clostridia;o__Oscillospirales;f__Ruminococcaceae;g__Faecalibacterium;s__Faecalibacterium prausnitzii	GCF_003324185.1	95.0	d__Bacteria;p__Bacillota_A;c__Clostridia;o__Oscillospirales;f__Ruminococcaceae;g__Faecalibacterium;s__Faecalibacterium prausnitzii	96.12	0.802	GCF_003324185.1	95.0	d__Bacteria;p__Bacillota_A;c__Clostridia;o__Oscillospirales;f__Ruminococcaceae;g__Faecalibacterium;s__Faecalibacterium prausnitzii	96.12	0.802	d__Bacteria;p__Bacillota_A;c__Clostridia;o__Oscillospirales;f__Ruminococcaceae;g__Faecalibacterium;s__	taxonomic classification defined by topology and ANI	topological placement and ANI have congruent species assignments	GCA_905215595.1, s__Faecalibacterium sp905215595, 95.0, 94.85, 0.764; GCF_023347235.1, s__Faecalibacterium prausnitzii_A, 95.0, 94.58, 0.771; GCA_934532365.1, s__Faecalibacterium sp934532365, 95.0, 94.53, 0.811; GCA_934525405.1, s__Faecalibacterium sp934525405, 95.0, 94.5, 0.793; GCA_934503275.1, s__Faecalibacterium sp934503275, 95.0, 94.32, 0.792; GCA_934525325.1, s__Faecalibacterium sp934525325, 95.0, 94.3, 0.805; GCA_934539245.1, s__Faecalibacterium sp934539245, 95.0, 94.06, 0.809; GCA_934512105.1, s__Faecalibacterium sp934512105, 95.0, 94.06, 0.757; GCA_934540955.1, s__Faecalibacterium sp934540955, 95.0, 94.02, 0.743; GCA_900772565.1, s__Faecalibacterium sp900772565, 95.0, 93.95, 0.75; GCF_023347295.1, s__Faecalibacterium sp003449675, 95.0, 93.95, 0.734; GCF_003287405.1, s__Faecalibacterium prausnitzii_J, 95.0, 93.94, 0.71; GCA_934524985.1, s__Faecalibacterium sp934524985, 95.0, 93.93, 0.784; GCA_934561115.1, s__Faecalibacterium sp934561115, 95.0, 93.92, 0.799; GCA_934561555.1, s__Faecalibacterium sp934561555, 95.0, 93.9, 0.728; GCA_900765705.1, s__Faecalibacterium sp900765705, 95.0, 92.36, 0.57; GCA_902463235.1, s__Faecalibacterium sp902463235, 95.0, 91.21, 0.539; GCA_934513205.1, s__Faecalibacterium sp934513205, 95.0, 89.68, 0.529; GCA_934553285.1, s__Faecalibacterium sp934553285, 95.0, 89.03, 0.641; GCA_025757845.1, s__Faecalibacterium sp900539945, 95.0, 87.32, 0.45; GCA_902463905.1, s__Faecalibacterium sp902463905, 95.0, 86.88, 0.366; GCF_002549775.1, s__Faecalibacterium prausnitzii_F, 95.0, 86.79, 0.413; GCA_900765105.1, s__Faecalibacterium sp900765105, 95.0, 86.73, 0.373; GCF_023347535.1, s__Faecalibacterium sp900539885, 95.0, 86.72, 0.395; GCF_023347255.1, s__Faecalibacterium prausnitzii_D, 95.0, 86.7, 0.394; GCA_934511465.1, s__Faecalibacterium sp934511465, 95.0, 86.4, 0.405; GCA_934525845.1, s__Faecalibacterium sp934525845, 95.0, 85.75, 0.389; GCA_934525735.1, s__Faecalibacterium sp934525735, 95.0, 85.64, 0.391; GCF_020687245.1, s__Faecalibacterium longum, 95.0, 85.64, 0.312; GCA_934501115.1, s__Faecalibacterium sp934501115, 95.0, 85.47, 0.364; GCF_019967995.1, s__Faecalibacterium prausnitzii_E, 95.0, 85.27, 0.33; GCA_934561485.1, s__Faecalibacterium sp934561485, 95.0, 85.14, 0.371; GCF_003287455.1, s__Faecalibacterium hattorii, 95.0, 85.11, 0.333; GCF_010509575.1, s__Faecalibacterium duncaniae, 95.0, 85.03, 0.289; GCA_004558805.1, s__Faecalibacterium prausnitzii_M, 95.0, 84.91, 0.386; GCA_934518555.1, s__Faecalibacterium sp934518555, 95.0, 84.81, 0.388; GCA_937915335.1, s__Faecalibacterium sp937915335, 95.0, 84.71, 0.174; GCF_023347275.1, s__Faecalibacterium sp900758465, 95.0, 84.56, 0.3; GCF_003287495.1, s__Faecalibacterium prausnitzii_I, 95.0, 84.3, 0.293; GCA_934547065.1, s__Faecalibacterium sp934547065, 95.0, 83.68, 0.26; GCA_014858325.1, s__Faecalibacterium sp014858325, 95.0, 83.62, 0.239; GCA_934526125.1, s__Faecalibacterium sp934526125, 95.0, 83.28, 0.261; GCA_937917475.1, s__Faecalibacterium sp937917475, 95.0, 82.51, 0.156; GCA_900551435.1, s__Faecalibacterium sp900551435, 95.0, 82.4, 0.209; GCA_934514285.1, s__Faecalibacterium sp934514285, 95.0, 82.37, 0.26; GCA_934533135.1, s__Faecalibacterium sp934533135, 95.0, 82.32, 0.211; GCA_900540455.1, s__Faecalibacterium sp900540455, 95.0, 81.89, 0.154	94.0	11	N/A	N/A
scaffold_AM54-7NS.fna	d__Bacteria;p__Bacillota_A;c__Clostridia;o__Oscillospirales;f__Ruminococcaceae;g__Faecalibacterium;s__Faecalibacterium prausnitzii	GCF_003324185.1	95.0	d__Bacteria;p__Bacillota_A;c__Clostridia;o__Oscillospirales;f__Ruminococcaceae;g__Faecalibacterium;s__Faecalibacterium prausnitzii	95.32	0.801	GCF_003324185.1	95.0	d__Bacteria;p__Bacillota_A;c__Clostridia;o__Oscillospirales;f__Ruminococcaceae;g__Faecalibacterium;s__Faecalibacterium prausnitzii	95.32	0.801	d__Bacteria;p__Bacillota_A;c__Clostridia;o__Oscillospirales;f__Ruminococcaceae;g__Faecalibacterium;s__	taxonomic classification defined by topology and ANI	topological placement and ANI have congruent species assignments	GCA_905215595.1, s__Faecalibacterium sp905215595, 95.0, 94.76, 0.774; GCF_023347235.1, s__Faecalibacterium prausnitzii_A, 95.0, 94.62, 0.745; GCA_934525405.1, s__Faecalibacterium sp934525405, 95.0, 94.41, 0.794; GCA_934532365.1, s__Faecalibacterium sp934532365, 95.0, 94.26, 0.794; GCA_934524985.1, s__Faecalibacterium sp934524985, 95.0, 94.25, 0.788; GCF_023347295.1, s__Faecalibacterium sp003449675, 95.0, 94.25, 0.746; GCA_934525325.1, s__Faecalibacterium sp934525325, 95.0, 94.24, 0.809; GCA_934540955.1, s__Faecalibacterium sp934540955, 95.0, 94.15, 0.755; GCF_003287405.1, s__Faecalibacterium prausnitzii_J, 95.0, 94.13, 0.7; GCA_934503275.1, s__Faecalibacterium sp934503275, 95.0, 94.09, 0.802; GCA_934539245.1, s__Faecalibacterium sp934539245, 95.0, 94.05, 0.812; GCA_900772565.1, s__Faecalibacterium sp900772565, 95.0, 93.98, 0.752; GCA_934561555.1, s__Faecalibacterium sp934561555, 95.0, 93.92, 0.741; GCA_934561115.1, s__Faecalibacterium sp934561115, 95.0, 93.91, 0.799; GCA_934512105.1, s__Faecalibacterium sp934512105, 95.0, 93.89, 0.767; GCA_900765705.1, s__Faecalibacterium sp900765705, 95.0, 92.19, 0.571; GCA_902463235.1, s__Faecalibacterium sp902463235, 95.0, 90.69, 0.532; GCA_934513205.1, s__Faecalibacterium sp934513205, 95.0, 89.39, 0.517; GCA_934553285.1, s__Faecalibacterium sp934553285, 95.0, 88.97, 0.633; GCA_900765105.1, s__Faecalibacterium sp900765105, 95.0, 87.15, 0.396; GCF_002549775.1, s__Faecalibacterium prausnitzii_F, 95.0, 86.75, 0.413; GCF_023347255.1, s__Faecalibacterium prausnitzii_D, 95.0, 86.61, 0.383; GCF_023347535.1, s__Faecalibacterium sp900539885, 95.0, 86.57, 0.404; GCA_902463905.1, s__Faecalibacterium sp902463905, 95.0, 86.56, 0.354; GCA_025757845.1, s__Faecalibacterium sp900539945, 95.0, 86.37, 0.418; GCA_934511465.1, s__Faecalibacterium sp934511465, 95.0, 85.99, 0.395; GCA_934525735.1, s__Faecalibacterium sp934525735, 95.0, 85.65, 0.385; GCA_934525845.1, s__Faecalibacterium sp934525845, 95.0, 85.47, 0.373; GCA_004558805.1, s__Faecalibacterium prausnitzii_M, 95.0, 85.41, 0.398; GCF_019967995.1, s__Faecalibacterium prausnitzii_E, 95.0, 85.35, 0.326; GCA_934561485.1, s__Faecalibacterium sp934561485, 95.0, 85.34, 0.366; GCA_934501115.1, s__Faecalibacterium sp934501115, 95.0, 85.33, 0.355; GCF_003287455.1, s__Faecalibacterium hattorii, 95.0, 85.28, 0.332; GCF_010509575.1, s__Faecalibacterium duncaniae, 95.0, 85.26, 0.291; GCF_020687245.1, s__Faecalibacterium longum, 95.0, 84.93, 0.284; GCF_023347275.1, s__Faecalibacterium sp900758465, 95.0, 84.71, 0.291; GCA_934518555.1, s__Faecalibacterium sp934518555, 95.0, 84.66, 0.374; GCA_937915335.1, s__Faecalibacterium sp937915335, 95.0, 84.31, 0.171; GCF_003287495.1, s__Faecalibacterium prausnitzii_I, 95.0, 83.86, 0.269; GCA_014858325.1, s__Faecalibacterium sp014858325, 95.0, 83.68, 0.229; GCA_934547065.1, s__Faecalibacterium sp934547065, 95.0, 83.35, 0.255; GCA_934526125.1, s__Faecalibacterium sp934526125, 95.0, 83.29, 0.259; GCA_937917475.1, s__Faecalibacterium sp937917475, 95.0, 83.08, 0.157; GCA_934514285.1, s__Faecalibacterium sp934514285, 95.0, 83.05, 0.249; GCA_934533135.1, s__Faecalibacterium sp934533135, 95.0, 82.96, 0.222; GCA_900551435.1, s__Faecalibacterium sp900551435, 95.0, 82.64, 0.206; GCA_900540455.1, s__Faecalibacterium sp900540455, 95.0, 82.03, 0.163	94.0	11	N/A	N/A
scaffold_CM04-06A.fna	d__Bacteria;p__Bacillota_A;c__Clostridia;o__Oscillospirales;f__Ruminococcaceae;g__Faecalibacterium;s__Faecalibacterium sp934514285	GCA_934514285.1	95.0	d__Bacteria;p__Bacillota_A;c__Clostridia;o__Oscillospirales;f__Ruminococcaceae;g__Faecalibacterium;s__Faecalibacterium sp934514285	95.52	0.771	GCF_020687245.1	95.0	d__Bacteria;p__Bacillota_A;c__Clostridia;o__Oscillospirales;f__Ruminococcaceae;g__Faecalibacterium;s__Faecalibacterium longum	95.5	0.713	d__Bacteria;p__Bacillota_A;c__Clostridia;o__Oscillospirales;f__Ruminococcaceae;g__Faecalibacterium;s__	taxonomic classification defined by topology and ANI	N/A	GCF_023347275.1, s__Faecalibacterium sp900758465, 95.0, 90.88, 0.67; GCA_002313795.1, s__Faecalibacterium prausnitzii_L, 95.0, 86.84, 0.39; GCA_900765705.1, s__Faecalibacterium sp900765705, 95.0, 86.66, 0.232; GCF_003287455.1, s__Faecalibacterium hattorii, 95.0, 85.82, 0.356; GCF_019967995.1, s__Faecalibacterium prausnitzii_E, 95.0, 85.75, 0.343; GCA_014858325.1, s__Faecalibacterium sp014858325, 95.0, 85.16, 0.317; GCF_003287495.1, s__Faecalibacterium prausnitzii_I, 95.0, 84.94, 0.347; GCF_003324185.1, s__Faecalibacterium prausnitzii, 95.0, 84.76, 0.264; GCF_010509575.1, s__Faecalibacterium duncaniae, 95.0, 84.68, 0.294; GCA_902463235.1, s__Faecalibacterium sp902463235, 95.0, 84.6, 0.223; GCA_937915335.1, s__Faecalibacterium sp937915335, 95.0, 84.55, 0.187; GCA_025757845.1, s__Faecalibacterium sp900539945, 95.0, 84.49, 0.274; GCF_023347235.1, s__Faecalibacterium prausnitzii_A, 95.0, 84.46, 0.267; GCA_902463905.1, s__Faecalibacterium sp902463905, 95.0, 84.35, 0.203; GCF_023347295.1, s__Faecalibacterium sp003449675, 95.0, 84.3, 0.254; GCF_023347255.1, s__Faecalibacterium prausnitzii_D, 95.0, 84.25, 0.268; GCF_002549775.1, s__Faecalibacterium prausnitzii_F, 95.0, 84.18, 0.293; GCF_003287405.1, s__Faecalibacterium prausnitzii_J, 95.0, 84.17, 0.255; GCA_900765105.1, s__Faecalibacterium sp900765105, 95.0, 84.08, 0.222; GCA_934525405.1, s__Faecalibacterium sp934525405, 95.0, 83.68, 0.204; GCA_934503275.1, s__Faecalibacterium sp934503275, 95.0, 83.58, 0.252; GCA_934533135.1, s__Faecalibacterium sp934533135, 95.0, 83.56, 0.289; GCF_023347535.1, s__Faecalibacterium sp900539885, 95.0, 83.56, 0.241; GCA_934526125.1, s__Faecalibacterium sp934526125, 95.0, 83.55, 0.299; GCA_934561555.1, s__Faecalibacterium sp934561555, 95.0, 83.47, 0.24; GCA_905215595.1, s__Faecalibacterium sp905215595, 95.0, 83.47, 0.2; GCA_900551435.1, s__Faecalibacterium sp900551435, 95.0, 83.45, 0.24; GCA_934511465.1, s__Faecalibacterium sp934511465, 95.0, 83.38, 0.255; GCA_934525845.1, s__Faecalibacterium sp934525845, 95.0, 83.38, 0.245; GCA_934512105.1, s__Faecalibacterium sp934512105, 95.0, 83.33, 0.221; GCA_934525735.1, s__Faecalibacterium sp934525735, 95.0, 83.24, 0.26; GCA_900772565.1, s__Faecalibacterium sp900772565, 95.0, 83.23, 0.224; GCA_934540955.1, s__Faecalibacterium sp934540955, 95.0, 83.16, 0.229; GCA_934513205.1, s__Faecalibacterium sp934513205, 95.0, 83.06, 0.237; GCA_934532365.1, s__Faecalibacterium sp934532365, 95.0, 83.05, 0.225; GCA_934525325.1, s__Faecalibacterium sp934525325, 95.0, 83.04, 0.229; GCA_937917475.1, s__Faecalibacterium sp937917475, 95.0, 82.98, 0.174; GCA_934561115.1, s__Faecalibacterium sp934561115, 95.0, 82.97, 0.245; GCA_934524985.1, s__Faecalibacterium sp934524985, 95.0, 82.95, 0.242; GCA_934547065.1, s__Faecalibacterium sp934547065, 95.0, 82.91, 0.261; GCA_934501115.1, s__Faecalibacterium sp934501115, 95.0, 82.87, 0.219; GCA_934539245.1, s__Faecalibacterium sp934539245, 95.0, 82.45, 0.229; GCA_934548045.1, s__Faecalibacterium sp934548045, 95.0, 82.19, 0.237; GCA_004558805.1, s__Faecalibacterium prausnitzii_M, 95.0, 82.15, 0.216; GCA_934561485.1, s__Faecalibacterium sp934561485, 95.0, 82.1, 0.196; GCA_934553285.1, s__Faecalibacterium sp934553285, 95.0, 81.59, 0.193; GCA_934518555.1, s__Faecalibacterium sp934518555, 95.0, 81.32, 0.191	93.33	11	N/A	N/A
